DATE,EVENT,BOUT,judge,s1,s2,y,sig_diff,td_diff,ctrl_diff,kd_diff
2026-08-29,UFC Fight Night: Nurmagomedov vs. Song,Alex Perez vs. Sumudaerji,Ben Cartlidge,28,29,0,-31,4,7.1000000000000005,0.0
2026-08-29,UFC Fight Night: Nurmagomedov vs. Song,Alex Perez vs. Sumudaerji,Vito Paolillo,28,29,0,-31,4,7.1000000000000005,0.0
2026-08-29,UFC Fight Night: Nurmagomedov vs. Song,Alex Perez vs. Sumudaerji,Clemens Werner,28,29,0,-31,4,7.1000000000000005,0.0
2026-08-29,UFC Fight Night: Nurmagomedov vs. Song,Jack Jenkins vs. Sean Woodson,Vito Paolillo,28,29,0,-15,0,3.5999999999999996,0.0
2026-08-29,UFC Fight Night: Nurmagomedov vs. Song,Jack Jenkins vs. Sean Woodson,Clemens Werner,29,28,1,-15,0,3.5999999999999996,0.0
2026-08-29,UFC Fight Night: Nurmagomedov vs. Song,Jack Jenkins vs. Sean Woodson,Cezary Wojciechowski,28,29,0,-15,0,3.5999999999999996,0.0
2026-08-29,UFC Fight Night: Nurmagomedov vs. Song,Ding Meng vs. Cam Nelson,Paul Barton,28,29,0,-2,-4,-5.3999999999999995,0.0
2026-08-29,UFC Fight Night: Nurmagomedov vs. Song,Ding Meng vs. Cam Nelson,Ben Cartlidge,28,29,0,-2,-4,-5.3999999999999995,0.0
2026-08-29,UFC Fight Night: Nurmagomedov vs. Song,Ding Meng vs. Cam Nelson,Clemens Werner,28,29,0,-2,-4,-5.3999999999999995,0.0
2026-08-22,UFC Fight Night: Hernandez vs. Rodrigues,Anthony Hernandez vs. Gregory Rodrigues,Derek Cleary,47,48,0,-84,3,8.0,-3.0
2026-08-22,UFC Fight Night: Hernandez vs. Rodrigues,Anthony Hernandez vs. Gregory Rodrigues,Chris Leben,46,49,0,-84,3,8.0,-3.0
2026-08-22,UFC Fight Night: Hernandez vs. Rodrigues,Anthony Hernandez vs. Gregory Rodrigues,Ron McCarthy,47,48,0,-84,3,8.0,-3.0
2026-08-22,UFC Fight Night: Hernandez vs. Rodrigues,Serghei Spivac vs. Vitor Petrino,Derek Cleary,27,30,0,-41,-4,-5.750000000000001,0.0
2026-08-22,UFC Fight Night: Hernandez vs. Rodrigues,Serghei Spivac vs. Vitor Petrino,Ron McCarthy,27,30,0,-41,-4,-5.750000000000001,0.0
2026-08-22,UFC Fight Night: Hernandez vs. Rodrigues,Serghei Spivac vs. Vitor Petrino,Chris Crail,27,30,0,-41,-4,-5.750000000000001,0.0
2026-08-22,UFC Fight Night: Hernandez vs. Rodrigues,Gauge Young vs. Stan Dorsainvil,Daniel Mobley,28,29,0,14,1,1.166666666666667,0.0
2026-08-22,UFC Fight Night: Hernandez vs. Rodrigues,Gauge Young vs. Stan Dorsainvil,Ron McCarthy,28,29,0,14,1,1.166666666666667,0.0
2026-08-22,UFC Fight Night: Hernandez vs. Rodrigues,Gauge Young vs. Stan Dorsainvil,Brian Tyler,28,29,0,14,1,1.166666666666667,0.0
2026-08-15,UFC 330: Makhachev vs. Machado Garry,Islam Makhachev vs. Ian Machado Garry,Sal D'Amato,49,46,1,-7,7,11.933333333333334,1.0
2026-08-15,UFC 330: Makhachev vs. Machado Garry,Islam Makhachev vs. Ian Machado Garry,Mike Bell,49,46,1,-7,7,11.933333333333334,1.0
2026-08-15,UFC 330: Makhachev vs. Machado Garry,Islam Makhachev vs. Ian Machado Garry,Eric Colon,48,47,1,-7,7,11.933333333333334,1.0
2026-08-15,UFC 330: Makhachev vs. Machado Garry,Mackenzie Dern vs. Gillian Robertson,Sal D'Amato,49,46,1,16,3,4.0166666666666675,0.0
2026-08-15,UFC 330: Makhachev vs. Machado Garry,Mackenzie Dern vs. Gillian Robertson,Chris Bolinski,49,46,1,16,3,4.0166666666666675,0.0
2026-08-15,UFC 330: Makhachev vs. Machado Garry,Mackenzie Dern vs. Gillian Robertson,Rick Winter,48,47,1,16,3,4.0166666666666675,0.0
2026-08-15,UFC 330: Makhachev vs. Machado Garry,Chidi Njokuani vs. Joel Alvarez,Brent Colflesh,30,27,1,81,0,-0.23333333333333334,0.0
2026-08-15,UFC 330: Makhachev vs. Machado Garry,Chidi Njokuani vs. Joel Alvarez,Eric Colon,30,27,1,81,0,-0.23333333333333334,0.0
2026-08-15,UFC 330: Makhachev vs. Machado Garry,Chidi Njokuani vs. Joel Alvarez,David Braslow,29,28,1,81,0,-0.23333333333333334,0.0
2026-08-15,UFC 330: Makhachev vs. Machado Garry,Vicente Luque vs. Tresean Gore,Brent Colflesh,27,30,0,-19,0,-3.0166666666666666,0.0
2026-08-15,UFC 330: Makhachev vs. Machado Garry,Vicente Luque vs. Tresean Gore,Chris Bolinski,27,30,0,-19,0,-3.0166666666666666,0.0
2026-08-15,UFC 330: Makhachev vs. Machado Garry,Vicente Luque vs. Tresean Gore,Sal D'Amato,28,29,0,-19,0,-3.0166666666666666,0.0
2026-08-08,UFC Fight Night: Gamrot vs. Salkilld,Diego Ferreira vs. Billy Quarantillo,Eric Colon,30,27,1,43,3,0.9833333333333332,0.0
2026-08-08,UFC Fight Night: Gamrot vs. Salkilld,Diego Ferreira vs. Billy Quarantillo,Chris Lee,30,27,1,43,3,0.9833333333333332,0.0
2026-08-08,UFC Fight Night: Gamrot vs. Salkilld,Diego Ferreira vs. Billy Quarantillo,Ron McCarthy,30,27,1,43,3,0.9833333333333332,0.0
2026-08-08,UFC Fight Night: Gamrot vs. Salkilld,Amanda Lemos vs. Alexia Thainara,Mike Bell,28,29,0,-25,-2,-7.3500000000000005,0.0
2026-08-08,UFC Fight Night: Gamrot vs. Salkilld,Amanda Lemos vs. Alexia Thainara,Ron McCarthy,28,29,0,-25,-2,-7.3500000000000005,0.0
2026-08-08,UFC Fight Night: Gamrot vs. Salkilld,Amanda Lemos vs. Alexia Thainara,Eric Colon,27,30,0,-25,-2,-7.3500000000000005,0.0
2026-08-08,UFC Fight Night: Gamrot vs. Salkilld,Steven Asplund vs. Guilherme Pat,Derek Cleary,29,28,1,21,0,1.9000000000000004,1.0
2026-08-08,UFC Fight Night: Gamrot vs. Salkilld,Steven Asplund vs. Guilherme Pat,Chris Lee,29,28,1,21,0,1.9000000000000004,1.0
2026-08-08,UFC Fight Night: Gamrot vs. Salkilld,Steven Asplund vs. Guilherme Pat,Tony Weeks,29,28,1,21,0,1.9000000000000004,1.0
2026-08-08,UFC Fight Night: Gamrot vs. Salkilld,Manoel Sousa vs. Richie Miranda,Derek Cleary,29,28,1,21,0,-1.0333333333333337,1.0
2026-08-08,UFC Fight Night: Gamrot vs. Salkilld,Manoel Sousa vs. Richie Miranda,Sal D'Amato,29,28,1,21,0,-1.0333333333333337,1.0
2026-08-08,UFC Fight Night: Gamrot vs. Salkilld,Manoel Sousa vs. Richie Miranda,Junichiro Kamijo,29,28,1,21,0,-1.0333333333333337,1.0
2026-08-08,UFC Fight Night: Gamrot vs. Salkilld,Gigi Canuto vs. Carol Foro,Eric Colon,28,29,0,-50,4,5.333333333333334,0.0
2026-08-08,UFC Fight Night: Gamrot vs. Salkilld,Gigi Canuto vs. Carol Foro,Chris Lee,28,29,0,-50,4,5.333333333333334,0.0
2026-08-08,UFC Fight Night: Gamrot vs. Salkilld,Gigi Canuto vs. Carol Foro,Tony Weeks,28,29,0,-50,4,5.333333333333334,0.0
2025-09-13,Noche UFC: Lopes vs. Silva,Rob Font vs. David Martinez,Chris Lee,28,29,0,-13,0,0.43333333333333324,0.0
2025-09-13,Noche UFC: Lopes vs. Silva,Rob Font vs. David Martinez,Sal D'Amato,28,29,0,-13,0,0.43333333333333324,0.0
2025-09-13,Noche UFC: Lopes vs. Silva,Rob Font vs. David Martinez,Junichiro Kamijo,28,29,0,-13,0,0.43333333333333324,0.0
2025-09-13,Noche UFC: Lopes vs. Silva,Kelvin Gastelum vs. Dustin Stoltzfus,Chris Lee,30,27,1,-7,-1,-1.6166666666666667,1.0
2025-09-13,Noche UFC: Lopes vs. Silva,Kelvin Gastelum vs. Dustin Stoltzfus,Jeff Rexroad,29,28,1,-7,-1,-1.6166666666666667,1.0
2025-09-13,Noche UFC: Lopes vs. Silva,Kelvin Gastelum vs. Dustin Stoltzfus,Junichiro Kamijo,29,28,1,-7,-1,-1.6166666666666667,1.0
2025-09-13,Noche UFC: Lopes vs. Silva,Claudio Puelles vs. Joaquim Silva,Jesse Lorenty,28,29,0,-4,4,6.366666666666666,-1.0
2025-09-13,Noche UFC: Lopes vs. Silva,Claudio Puelles vs. Joaquim Silva,Chris Lee,29,28,1,-4,4,6.366666666666666,-1.0
2025-09-13,Noche UFC: Lopes vs. Silva,Claudio Puelles vs. Joaquim Silva,Junichiro Kamijo,28,29,0,-4,4,6.366666666666666,-1.0
2025-09-13,Noche UFC: Lopes vs. Silva,Tatiana Suarez vs. Amanda Lemos,Gino Garcia,29,28,1,-3,3,9.0,0.0
2025-09-13,Noche UFC: Lopes vs. Silva,Tatiana Suarez vs. Amanda Lemos,Sal D'Amato,29,28,1,-3,3,9.0,0.0
2025-09-13,Noche UFC: Lopes vs. Silva,Tatiana Suarez vs. Amanda Lemos,Junichiro Kamijo,29,28,1,-3,3,9.0,0.0
2025-09-13,Noche UFC: Lopes vs. Silva,Jesus Aguilar vs. Luis Gurule,Jesse Lorenty,30,27,1,20,1,0.2833333333333333,0.0
2025-09-13,Noche UFC: Lopes vs. Silva,Jesus Aguilar vs. Luis Gurule,Chris Lee,29,28,1,20,1,0.2833333333333333,0.0
2025-09-13,Noche UFC: Lopes vs. Silva,Jesus Aguilar vs. Luis Gurule,Junichiro Kamijo,29,28,1,20,1,0.2833333333333333,0.0
2025-09-13,Noche UFC: Lopes vs. Silva,Montse Rendon vs. Alice Pereira,Jesse Lorenty,29,28,1,8,0,1.4333333333333333,0.0
2025-09-13,Noche UFC: Lopes vs. Silva,Montse Rendon vs. Alice Pereira,Junichiro Kamijo,28,29,0,8,0,1.4333333333333333,0.0
2025-09-13,Noche UFC: Lopes vs. Silva,Montse Rendon vs. Alice Pereira,Gino Garcia,30,27,1,8,0,1.4333333333333333,0.0
2023-09-16,Noche UFC: Grasso vs. Shevchenko 2,Kevin Holland vs. Jack Della Maddalena,Eric Colon,28,29,0,22,0,0.0,0.0
2023-09-16,Noche UFC: Grasso vs. Shevchenko 2,Kevin Holland vs. Jack Della Maddalena,Mike Bell,29,28,1,22,0,0.0,0.0
2023-09-16,Noche UFC: Grasso vs. Shevchenko 2,Kevin Holland vs. Jack Della Maddalena,Sal D'Amato,28,29,0,22,0,0.0,0.0
2023-09-16,Noche UFC: Grasso vs. Shevchenko 2,Fernando Padilla vs. Kyle Nelson,Mike Bell,28,29,0,-10,0,0.11666666666666667,0.0
2023-09-16,Noche UFC: Grasso vs. Shevchenko 2,Fernando Padilla vs. Kyle Nelson,Adalaide Byrd,28,29,0,-10,0,0.11666666666666667,0.0
2023-09-16,Noche UFC: Grasso vs. Shevchenko 2,Fernando Padilla vs. Kyle Nelson,Sal D'Amato,27,30,0,-10,0,0.11666666666666667,0.0
2023-09-16,Noche UFC: Grasso vs. Shevchenko 2,Tracy Cortez vs. Jasmine Jasudavicius,Mike Bell,30,27,1,26,-2,-2.5666666666666664,0.0
2023-09-16,Noche UFC: Grasso vs. Shevchenko 2,Tracy Cortez vs. Jasmine Jasudavicius,Sal D'Amato,30,27,1,26,-2,-2.5666666666666664,0.0
2023-09-16,Noche UFC: Grasso vs. Shevchenko 2,Tracy Cortez vs. Jasmine Jasudavicius,Jacob Montalvo,29,28,1,26,-2,-2.5666666666666664,0.0
2023-09-16,Noche UFC: Grasso vs. Shevchenko 2,Josefine Knutsson vs. Marnic Mann,Mike Bell,30,24,1,73,3,10.266666666666666,0.0
2023-09-16,Noche UFC: Grasso vs. Shevchenko 2,Josefine Knutsson vs. Marnic Mann,Sal D'Amato,30,25,1,73,3,10.266666666666666,0.0
2023-09-16,Noche UFC: Grasso vs. Shevchenko 2,Josefine Knutsson vs. Marnic Mann,Bryan Miner,30,27,1,73,3,10.266666666666666,0.0
2026-08-01,UFC Fight Night: Medic vs. Rodriguez,Aleksandar Rakic vs. Marcin Tybura,Mark Collett,30,27,1,38,0,3.183333333333333,0.0
2026-08-01,UFC Fight Night: Medic vs. Rodriguez,Aleksandar Rakic vs. Marcin Tybura,David Lethaby,30,27,1,38,0,3.183333333333333,0.0
2026-08-01,UFC Fight Night: Medic vs. Rodriguez,Aleksandar Rakic vs. Marcin Tybura,Darryl Ransom,30,27,1,38,0,3.183333333333333,0.0
2026-08-01,UFC Fight Night: Medic vs. Rodriguez,Borislav Nikolic vs. Mark Vologdin,Sal D'Amato,29,27,1,15,-2,2.9000000000000004,-1.0
2026-08-01,UFC Fight Night: Medic vs. Rodriguez,Borislav Nikolic vs. Mark Vologdin,Vito Paolillo,29,27,1,15,-2,2.9000000000000004,-1.0
2026-08-01,UFC Fight Night: Medic vs. Rodriguez,Borislav Nikolic vs. Mark Vologdin,Clemens Werner,29,27,1,15,-2,2.9000000000000004,-1.0
2026-07-25,UFC Fight Night: Ankalaev vs. Guskov,Magomed Zaynukov vs. Damian Rzepecki,Ben Cartlidge,30,27,1,58,1,-4.133333333333333,0.0
2026-07-25,UFC Fight Night: Ankalaev vs. Guskov,Magomed Zaynukov vs. Damian Rzepecki,Vito Paolillo,30,27,1,58,1,-4.133333333333333,0.0
2026-07-25,UFC Fight Night: Ankalaev vs. Guskov,Magomed Zaynukov vs. Damian Rzepecki,Cezary Wojciechowski,30,27,1,58,1,-4.133333333333333,0.0
2026-07-25,UFC Fight Night: Ankalaev vs. Guskov,Abubakar Vagaev vs. Saygid Izagakhmaev,Vito Paolillo,29,28,1,-6,2,4.999999999999999,0.0
2026-07-25,UFC Fight Night: Ankalaev vs. Guskov,Abubakar Vagaev vs. Saygid Izagakhmaev,Clemens Werner,29,28,1,-6,2,4.999999999999999,0.0
2026-07-25,UFC Fight Night: Ankalaev vs. Guskov,Abubakar Vagaev vs. Saygid Izagakhmaev,Cezary Wojciechowski,29,28,1,-6,2,4.999999999999999,0.0
2026-07-25,UFC Fight Night: Ankalaev vs. Guskov,Magomed Tuchalov vs. Brendson Ribeiro,Eric Colon,29,28,1,-4,8,4.199999999999999,0.0
2026-07-25,UFC Fight Night: Ankalaev vs. Guskov,Magomed Tuchalov vs. Brendson Ribeiro,Clemens Werner,29,28,1,-4,8,4.199999999999999,0.0
2026-07-25,UFC Fight Night: Ankalaev vs. Guskov,Magomed Tuchalov vs. Brendson Ribeiro,Cezary Wojciechowski,29,28,1,-4,8,4.199999999999999,0.0
2026-07-25,UFC Fight Night: Ankalaev vs. Guskov,Nurullo Aliev vs. Mike Davis,David Lethaby,30,27,1,-9,8,11.816666666666668,0.0
2026-07-25,UFC Fight Night: Ankalaev vs. Guskov,Nurullo Aliev vs. Mike Davis,Darryl Ransom,30,27,1,-9,8,11.816666666666668,0.0
2026-07-25,UFC Fight Night: Ankalaev vs. Guskov,Nurullo Aliev vs. Mike Davis,Clemens Werner,30,27,1,-9,8,11.816666666666668,0.0
2026-07-18,UFC Fight Night: Du Plessis vs. Usman,Dricus Du Plessis vs. Kamaru Usman,Sal D'Amato,50,45,1,44,0,-0.30000000000000004,0.0
2026-07-18,UFC Fight Night: Du Plessis vs. Usman,Dricus Du Plessis vs. Kamaru Usman,David Sutherland,49,46,1,44,0,-0.30000000000000004,0.0
2026-07-18,UFC Fight Night: Du Plessis vs. Usman,Dricus Du Plessis vs. Kamaru Usman,Mike Bell,49,46,1,44,0,-0.30000000000000004,0.0
2026-07-18,UFC Fight Night: Du Plessis vs. Usman,Jared Cannonier vs. Christian Leroy Duncan,Eric Colon,27,30,0,-53,4,3.9333333333333327,0.0
2026-07-18,UFC Fight Night: Du Plessis vs. Usman,Jared Cannonier vs. Christian Leroy Duncan,Chris Lee,27,30,0,-53,4,3.9333333333333327,0.0
2026-07-18,UFC Fight Night: Du Plessis vs. Usman,Jared Cannonier vs. Christian Leroy Duncan,David Sutherland,28,29,0,-53,4,3.9333333333333327,0.0
2026-07-18,UFC Fight Night: Du Plessis vs. Usman,Tabatha Ricci vs. Fatima Kline,Sarah Cotton,27,30,0,-42,-6,-4.5,0.0
2026-07-18,UFC Fight Night: Du Plessis vs. Usman,Tabatha Ricci vs. Fatima Kline,Eric Colon,27,30,0,-42,-6,-4.5,0.0
2026-07-18,UFC Fight Night: Du Plessis vs. Usman,Tabatha Ricci vs. Fatima Kline,Chris Lee,27,30,0,-42,-6,-4.5,0.0
2026-07-18,UFC Fight Night: Du Plessis vs. Usman,Austin Bashi vs. Jose Delgado,Sarah Cotton,27,30,0,-3,2,1.2666666666666666,-1.0
2026-07-18,UFC Fight Night: Du Plessis vs. Usman,Austin Bashi vs. Jose Delgado,Chris Lee,28,29,0,-3,2,1.2666666666666666,-1.0
2026-07-18,UFC Fight Night: Du Plessis vs. Usman,Austin Bashi vs. Jose Delgado,Sal D'Amato,28,29,0,-3,2,1.2666666666666666,-1.0
2026-07-18,UFC Fight Night: Du Plessis vs. Usman,Jean-Paul Lebosnoyani vs. Seokhyeon Ko,Paul Sutherland,29,28,1,-14,3,0.3666666666666665,0.0
2026-07-18,UFC Fight Night: Du Plessis vs. Usman,Jean-Paul Lebosnoyani vs. Seokhyeon Ko,Chris Lee,29,28,1,-14,3,0.3666666666666665,0.0
2026-07-18,UFC Fight Night: Du Plessis vs. Usman,Jean-Paul Lebosnoyani vs. Seokhyeon Ko,Sal D'Amato,29,28,1,-14,3,0.3666666666666665,0.0
2026-07-18,UFC Fight Night: Du Plessis vs. Usman,Ezra Elliott vs. Damien Anderson,Eric Colon,30,27,1,-1,12,10.233333333333333,0.0
2026-07-18,UFC Fight Night: Du Plessis vs. Usman,Ezra Elliott vs. Damien Anderson,David Sutherland,29,28,1,-1,12,10.233333333333333,0.0
2026-07-18,UFC Fight Night: Du Plessis vs. Usman,Ezra Elliott vs. Damien Anderson,Mike Bell,29,28,1,-1,12,10.233333333333333,0.0
2026-07-18,UFC Fight Night: Du Plessis vs. Usman,Alden Coria vs. Stewart Nicoll,Mike Bell,30,27,1,16,-2,-2.0,0.0
2026-07-18,UFC Fight Night: Du Plessis vs. Usman,Alden Coria vs. Stewart Nicoll,Chris Lee,30,27,1,16,-2,-2.0,0.0
2026-07-18,UFC Fight Night: Du Plessis vs. Usman,Alden Coria vs. Stewart Nicoll,David Sutherland,29,28,1,16,-2,-2.0,0.0
2026-07-11,UFC 329: McGregor vs. Holloway 2,Cory Sandhagen vs. Mario Bautista,Ben Cartlidge,28,29,0,-25,-7,-2.1333333333333337,-1.0
2026-07-11,UFC 329: McGregor vs. Holloway 2,Cory Sandhagen vs. Mario Bautista,Sal D'Amato,28,29,0,-25,-7,-2.1333333333333337,-1.0
2026-07-11,UFC 329: McGregor vs. Holloway 2,Cory Sandhagen vs. Mario Bautista,Chris Lee,28,29,0,-25,-7,-2.1333333333333337,-1.0
2026-07-11,UFC 329: McGregor vs. Holloway 2,Tracy Cortez vs. Wang Cong,Derek Cleary,27,29,0,-65,1,-0.8500000000000001,0.0
2026-07-11,UFC 329: McGregor vs. Holloway 2,Tracy Cortez vs. Wang Cong,Sal D'Amato,27,29,0,-65,1,-0.8500000000000001,0.0
2026-07-11,UFC 329: McGregor vs. Holloway 2,Tracy Cortez vs. Wang Cong,Ron McCarthy,27,29,0,-65,1,-0.8500000000000001,0.0
2026-07-11,UFC 329: McGregor vs. Holloway 2,Farid Basharat vs. John Garza,Junichiro Kamijo,30,27,1,4,5,3.8166666666666664,0.0
2026-07-11,UFC 329: McGregor vs. Holloway 2,Farid Basharat vs. John Garza,Ron McCarthy,30,27,1,4,5,3.8166666666666664,0.0
2026-07-11,UFC 329: McGregor vs. Holloway 2,Farid Basharat vs. John Garza,Derek Cleary,29,28,1,4,5,3.8166666666666664,0.0
2026-06-27,UFC Fight Night: Fiziev vs. Torres,Shara Magomedov vs. Michel Pereira,Ben Cartlidge,29,28,1,17,0,-3.183333333333333,-1.0
2026-06-27,UFC Fight Night: Fiziev vs. Torres,Shara Magomedov vs. Michel Pereira,Anders Ohlsson,29,28,1,17,0,-3.183333333333333,-1.0
2026-06-27,UFC Fight Night: Fiziev vs. Torres,Shara Magomedov vs. Michel Pereira,Vito Paolillo,29,28,1,17,0,-3.183333333333333,-1.0
2026-06-27,UFC Fight Night: Fiziev vs. Torres,Ikram Aliskerov vs. Brunno Ferreira,David Lethaby,30,27,1,28,5,8.766666666666666,0.0
2026-06-27,UFC Fight Night: Fiziev vs. Torres,Ikram Aliskerov vs. Brunno Ferreira,Vito Paolillo,30,27,1,28,5,8.766666666666666,0.0
2026-06-27,UFC Fight Night: Fiziev vs. Torres,Ikram Aliskerov vs. Brunno Ferreira,Clemens Werner,30,27,1,28,5,8.766666666666666,0.0
2026-06-27,UFC Fight Night: Fiziev vs. Torres,Farman Hasanov vs. Eric Nolan,David Lethaby,30,27,1,6,17,11.149999999999999,0.0
2026-06-27,UFC Fight Night: Fiziev vs. Torres,Farman Hasanov vs. Eric Nolan,Anders Ohlsson,30,27,1,6,17,11.149999999999999,0.0
2026-06-27,UFC Fight Night: Fiziev vs. Torres,Farman Hasanov vs. Eric Nolan,Vito Paolillo,30,27,1,6,17,11.149999999999999,0.0
2026-06-27,UFC Fight Night: Fiziev vs. Torres,Bekzat Almakhan vs. Jean Matsumoto,Ben Cartlidge,28,29,0,-10,-2,-1.5999999999999999,1.0
2026-06-27,UFC Fight Night: Fiziev vs. Torres,Bekzat Almakhan vs. Jean Matsumoto,Anders Ohlsson,28,29,0,-10,-2,-1.5999999999999999,1.0
2026-06-27,UFC Fight Night: Fiziev vs. Torres,Bekzat Almakhan vs. Jean Matsumoto,Clemens Werner,28,29,0,-10,-2,-1.5999999999999999,1.0
2026-06-20,UFC Fight Night: Kape vs. Horiguchi,Andre Lima vs. Kevin Borjas,Sal D'Amato,27,30,0,0,0,1.55,0.0
2026-06-20,UFC Fight Night: Kape vs. Horiguchi,Andre Lima vs. Kevin Borjas,Adalaide Byrd,28,29,0,0,0,1.55,0.0
2026-06-20,UFC Fight Night: Kape vs. Horiguchi,Andre Lima vs. Kevin Borjas,Mike Bell,28,29,0,0,0,1.55,0.0
2026-06-20,UFC Fight Night: Kape vs. Horiguchi,Allan Nascimento vs. Mitch Raposo,Eric Colon,28,29,0,20,0,3.5666666666666664,1.0
2026-06-20,UFC Fight Night: Kape vs. Horiguchi,Allan Nascimento vs. Mitch Raposo,Sal D'Amato,29,28,1,20,0,3.5666666666666664,1.0
2026-06-20,UFC Fight Night: Kape vs. Horiguchi,Allan Nascimento vs. Mitch Raposo,Junichiro Kamijo,28,29,0,20,0,3.5666666666666664,1.0
2026-06-20,UFC Fight Night: Kape vs. Horiguchi,Gaston Bolanos vs. Michael Aswell Jr.,Adalaide Byrd,29,28,1,-18,1,-0.7333333333333332,0.0
2026-06-20,UFC Fight Night: Kape vs. Horiguchi,Gaston Bolanos vs. Michael Aswell Jr.,Sal D'Amato,29,28,1,-18,1,-0.7333333333333332,0.0
2026-06-20,UFC Fight Night: Kape vs. Horiguchi,Gaston Bolanos vs. Michael Aswell Jr.,Ron McCarthy,29,28,1,-18,1,-0.7333333333333332,0.0
2026-06-20,UFC Fight Night: Kape vs. Horiguchi,Karol Rosa vs. Luana Santos,Mike Bell,27,30,0,-2,-2,-12.350000000000001,0.0
2026-06-20,UFC Fight Night: Kape vs. Horiguchi,Karol Rosa vs. Luana Santos,Eric Colon,27,30,0,-2,-2,-12.350000000000001,0.0
2026-06-20,UFC Fight Night: Kape vs. Horiguchi,Karol Rosa vs. Luana Santos,Sal D'Amato,27,30,0,-2,-2,-12.350000000000001,0.0
2026-06-20,UFC Fight Night: Kape vs. Horiguchi,Shane Collins vs. Otari Tanzilovi,Chris Lee,30,27,1,18,-5,-1.666666666666667,0.0
2026-06-20,UFC Fight Night: Kape vs. Horiguchi,Shane Collins vs. Otari Tanzilovi,Ron McCarthy,30,27,1,18,-5,-1.666666666666667,0.0
2026-06-20,UFC Fight Night: Kape vs. Horiguchi,Shane Collins vs. Otari Tanzilovi,Tony Weeks,30,27,1,18,-5,-1.666666666666667,0.0
2026-06-06,UFC Fight Night: Muhammad vs. Bonfim,Belal Muhammad vs. Gabriel Bonfim,Mike Bell,45,50,0,-42,0,0.13333333333333333,0.0
2026-06-06,UFC Fight Night: Muhammad vs. Bonfim,Belal Muhammad vs. Gabriel Bonfim,Derek Cleary,45,50,0,-42,0,0.13333333333333333,0.0
2026-06-06,UFC Fight Night: Muhammad vs. Bonfim,Belal Muhammad vs. Gabriel Bonfim,Sal D'Amato,45,50,0,-42,0,0.13333333333333333,0.0
2026-06-06,UFC Fight Night: Muhammad vs. Bonfim,Brendan Allen vs. Edmen Shahbazyan,Junichiro Kamijo,30,27,1,-1,1,0.33333333333333337,0.0
2026-06-06,UFC Fight Night: Muhammad vs. Bonfim,Brendan Allen vs. Edmen Shahbazyan,Ron McCarthy,30,27,1,-1,1,0.33333333333333337,0.0
2026-06-06,UFC Fight Night: Muhammad vs. Bonfim,Brendan Allen vs. Edmen Shahbazyan,Sal D'Amato,29,28,1,-1,1,0.33333333333333337,0.0
2026-06-06,UFC Fight Night: Muhammad vs. Bonfim,Fares Ziam vs. Tom Nolan,Mike Bell,28,29,0,-15,1,-1.666666666666667,0.0
2026-06-06,UFC Fight Night: Muhammad vs. Bonfim,Fares Ziam vs. Tom Nolan,Derek Cleary,28,29,0,-15,1,-1.666666666666667,0.0
2026-06-06,UFC Fight Night: Muhammad vs. Bonfim,Fares Ziam vs. Tom Nolan,Clemens Werner,28,29,0,-15,1,-1.666666666666667,0.0
2026-06-06,UFC Fight Night: Muhammad vs. Bonfim,Marcus McGhee vs. John Yannis,Ron McCarthy,30,27,1,24,0,0.0,0.0
2026-06-06,UFC Fight Night: Muhammad vs. Bonfim,Marcus McGhee vs. John Yannis,Tony Weeks,30,27,1,24,0,0.0,0.0
2026-06-06,UFC Fight Night: Muhammad vs. Bonfim,Marcus McGhee vs. John Yannis,Mike Bell,29,28,1,24,0,0.0,0.0
2026-06-06,UFC Fight Night: Muhammad vs. Bonfim,Jeisla Chaves vs. Yuneisy Duben,Ron McCarthy,29,28,1,2,1,1.1833333333333336,0.0
2026-06-06,UFC Fight Night: Muhammad vs. Bonfim,Jeisla Chaves vs. Yuneisy Duben,Tony Weeks,28,29,0,2,1,1.1833333333333336,0.0
2026-06-06,UFC Fight Night: Muhammad vs. Bonfim,Jeisla Chaves vs. Yuneisy Duben,Clemens Werner,29,28,1,2,1,1.1833333333333336,0.0
2026-05-30,UFC Fight Night: Song vs. Figueiredo,Jake Matthews vs. Carlston Harris,Luke Hill,30,25,1,28,0,9.05,1.0
2026-05-30,UFC Fight Night: Song vs. Figueiredo,Jake Matthews vs. Carlston Harris,David Lethaby,30,27,1,28,0,9.05,1.0
2026-05-30,UFC Fight Night: Song vs. Figueiredo,Jake Matthews vs. Carlston Harris,Clemens Werner,30,27,1,28,0,9.05,1.0
2026-05-30,UFC Fight Night: Song vs. Figueiredo,Ding Meng vs. Jose Souza,Ben Cartlidge,27,30,0,-9,0,0.0,0.0
2026-05-30,UFC Fight Night: Song vs. Figueiredo,Ding Meng vs. Jose Souza,Luke Hill,29,28,1,-9,0,0.0,0.0
2026-05-30,UFC Fight Night: Song vs. Figueiredo,Ding Meng vs. Jose Souza,Clemens Werner,28,29,0,-9,0,0.0,0.0
2026-05-30,UFC Fight Night: Song vs. Figueiredo,Angela Hill vs. Xiong Jingnan,Evan Field,30,27,1,54,1,1.9833333333333334,0.0
2026-05-30,UFC Fight Night: Song vs. Figueiredo,Angela Hill vs. Xiong Jingnan,Chris Lee,30,27,1,54,1,1.9833333333333334,0.0
2026-05-30,UFC Fight Night: Song vs. Figueiredo,Angela Hill vs. Xiong Jingnan,Cezary Wojciechowski,30,27,1,54,1,1.9833333333333334,0.0
2026-05-16,UFC Fight Night: Allen vs. Costa,Arnold Allen vs. Melquizael Costa,Eric Colon,50,45,1,-2,7,7.716666666666667,1.0
2026-05-16,UFC Fight Night: Allen vs. Costa,Arnold Allen vs. Melquizael Costa,David Lethaby,50,45,1,-2,7,7.716666666666667,1.0
2026-05-16,UFC Fight Night: Allen vs. Costa,Arnold Allen vs. Melquizael Costa,Sal D'Amato,49,46,1,-2,7,7.716666666666667,1.0
2026-05-16,UFC Fight Night: Allen vs. Costa,Modestas Bukauskas vs. Christian Edwards,David Sutherland,29,28,1,0,0,-2.116666666666667,0.0
2026-05-16,UFC Fight Night: Allen vs. Costa,Modestas Bukauskas vs. Christian Edwards,Junichiro Kamijo,28,29,0,0,0,-2.116666666666667,0.0
2026-05-16,UFC Fight Night: Allen vs. Costa,Modestas Bukauskas vs. Christian Edwards,Tony Weeks,29,28,1,0,0,-2.116666666666667,0.0
2026-05-16,UFC Fight Night: Allen vs. Costa,Tuco Tokkos vs. Ivan Erslan,Adalaide Byrd,28,29,0,17,-2,-7.366666666666665,0.0
2026-05-16,UFC Fight Night: Allen vs. Costa,Tuco Tokkos vs. Ivan Erslan,Junichiro Kamijo,28,29,0,17,-2,-7.366666666666665,0.0
2026-05-16,UFC Fight Night: Allen vs. Costa,Tuco Tokkos vs. Ivan Erslan,David Sutherland,28,29,0,17,-2,-7.366666666666665,0.0
2026-05-16,UFC Fight Night: Allen vs. Costa,Ketlen Vieira vs. Jacqueline Cavalcanti,Eric Colon,29,28,1,-23,1,4.7,0.0
2026-05-16,UFC Fight Night: Allen vs. Costa,Ketlen Vieira vs. Jacqueline Cavalcanti,Sal D'Amato,29,28,1,-23,1,4.7,0.0
2026-05-16,UFC Fight Night: Allen vs. Costa,Ketlen Vieira vs. Jacqueline Cavalcanti,David Lethaby,29,28,1,-23,1,4.7,0.0
2026-05-16,UFC Fight Night: Allen vs. Costa,Daniel Barez vs. Luis Gurule,Eric Colon,27,30,0,-36,0,-1.6333333333333335,0.0
2026-05-16,UFC Fight Night: Allen vs. Costa,Daniel Barez vs. Luis Gurule,Junichiro Kamijo,27,30,0,-36,0,-1.6333333333333335,0.0
2026-05-16,UFC Fight Night: Allen vs. Costa,Daniel Barez vs. Luis Gurule,Tony Weeks,27,30,0,-36,0,-1.6333333333333335,0.0
2026-05-09,UFC 328: Chimaev vs. Strickland,Khamzat Chimaev vs. Sean Strickland,Sue Sanidad,48,47,1,-25,9,4.25,0.0
2026-05-09,UFC 328: Chimaev vs. Strickland,Khamzat Chimaev vs. Sean Strickland,Eric Colon,47,48,0,-25,9,4.25,0.0
2026-05-09,UFC 328: Chimaev vs. Strickland,Khamzat Chimaev vs. Sean Strickland,Sal D'Amato,47,48,0,-25,9,4.25,0.0
2026-05-09,UFC 328: Chimaev vs. Strickland,Alexander Volkov vs. Waldo Cortes Acosta,Jon Bilyk,30,27,1,34,0,0.03333333333333334,0.0
2026-05-09,UFC 328: Chimaev vs. Strickland,Alexander Volkov vs. Waldo Cortes Acosta,Henry Krawiec,29,28,1,34,0,0.03333333333333334,0.0
2026-05-09,UFC 328: Chimaev vs. Strickland,Alexander Volkov vs. Waldo Cortes Acosta,Dave Tirelli,29,28,1,34,0,0.03333333333333334,0.0
2026-05-09,UFC 328: Chimaev vs. Strickland,Sean Brady vs. Joaquin Buckley,Eric Colon,30,25,1,72,4,12.15,0.0
2026-05-09,UFC 328: Chimaev vs. Strickland,Sean Brady vs. Joaquin Buckley,Sal D'Amato,30,25,1,72,4,12.15,0.0
2026-05-09,UFC 328: Chimaev vs. Strickland,Sean Brady vs. Joaquin Buckley,Dave Tirelli,30,27,1,72,4,12.15,0.0
2026-05-09,UFC 328: Chimaev vs. Strickland,Roman Kopylov vs. Marco Tulio,Ricardo Almeida,29,28,1,-1,1,2.5666666666666664,3.0
2026-05-09,UFC 328: Chimaev vs. Strickland,Roman Kopylov vs. Marco Tulio,Adrian Castro,29,28,1,-1,1,2.5666666666666664,3.0
2026-05-09,UFC 328: Chimaev vs. Strickland,Roman Kopylov vs. Marco Tulio,Sue Sanidad,29,28,1,-1,1,2.5666666666666664,3.0
2026-05-09,UFC 328: Chimaev vs. Strickland,Pat Sabatini vs. William Gomis,Eric Colon,29,28,1,2,3,11.2,0.0
2026-05-09,UFC 328: Chimaev vs. Strickland,Pat Sabatini vs. William Gomis,Jon Bilyk,30,27,1,2,3,11.2,0.0
2026-05-09,UFC 328: Chimaev vs. Strickland,Pat Sabatini vs. William Gomis,Henry Krawiec,30,27,1,2,3,11.2,0.0
2026-05-09,UFC 328: Chimaev vs. Strickland,Clayton Carpenter vs. Jose Ochoa,Ricardo Almeida,27,30,0,-85,1,-0.033333333333333215,-1.0
2026-05-09,UFC 328: Chimaev vs. Strickland,Clayton Carpenter vs. Jose Ochoa,Jon Bilyk,27,30,0,-85,1,-0.033333333333333215,-1.0
2026-05-09,UFC 328: Chimaev vs. Strickland,Clayton Carpenter vs. Jose Ochoa,Sue Sanidad,27,30,0,-85,1,-0.033333333333333215,-1.0
2026-05-02,UFC Fight Night: Della Maddalena vs. Prates,Tim Elliott vs. Steve Erceg,Mark Christie,28,29,0,-46,1,0.08333333333333331,0.0
2026-05-02,UFC Fight Night: Della Maddalena vs. Prates,Tim Elliott vs. Steve Erceg,Darryl Ransom,28,29,0,-46,1,0.08333333333333331,0.0
2026-05-02,UFC Fight Night: Della Maddalena vs. Prates,Tim Elliott vs. Steve Erceg,Clemens Werner,28,29,0,-46,1,0.08333333333333331,0.0
2026-05-02,UFC Fight Night: Della Maddalena vs. Prates,Tai Tuivasa vs. Louie Sutherland,Evan Field,26,30,0,-8,-5,-11.05,0.0
2026-05-02,UFC Fight Night: Della Maddalena vs. Prates,Tai Tuivasa vs. Louie Sutherland,Nathan Pintabona,26,30,0,-8,-5,-11.05,0.0
2026-05-02,UFC Fight Night: Della Maddalena vs. Prates,Tai Tuivasa vs. Louie Sutherland,Clemens Werner,26,30,0,-8,-5,-11.05,0.0
2026-05-02,UFC Fight Night: Della Maddalena vs. Prates,Cam Rowston vs. Robert Bryczek,Mark Christie,30,27,1,62,3,10.083333333333332,0.0
2026-05-02,UFC Fight Night: Della Maddalena vs. Prates,Cam Rowston vs. Robert Bryczek,Mick Meany,30,27,1,62,3,10.083333333333332,0.0
2026-05-02,UFC Fight Night: Della Maddalena vs. Prates,Cam Rowston vs. Robert Bryczek,Darryl Ransom,30,27,1,62,3,10.083333333333332,0.0
2026-05-02,UFC Fight Night: Della Maddalena vs. Prates,Jacob Malkoun vs. Gerald Meerschaert,Mark Christie,29,28,1,4,3,-2.1000000000000005,0.0
2026-05-02,UFC Fight Night: Della Maddalena vs. Prates,Jacob Malkoun vs. Gerald Meerschaert,Evan Field,29,28,1,4,3,-2.1000000000000005,0.0
2026-05-02,UFC Fight Night: Della Maddalena vs. Prates,Jacob Malkoun vs. Gerald Meerschaert,Mick Meany,29,28,1,4,3,-2.1000000000000005,0.0
2026-05-02,UFC Fight Night: Della Maddalena vs. Prates,Colby Thicknesse vs. Vince Morales,Sal D'Amato,29,28,1,-2,-2,-0.5500000000000003,0.0
2026-05-02,UFC Fight Night: Della Maddalena vs. Prates,Colby Thicknesse vs. Vince Morales,Nathan Pintabona,29,28,1,-2,-2,-0.5500000000000003,0.0
2026-05-02,UFC Fight Night: Della Maddalena vs. Prates,Colby Thicknesse vs. Vince Morales,Darryl Ransom,29,28,1,-2,-2,-0.5500000000000003,0.0
2026-05-02,UFC Fight Night: Della Maddalena vs. Prates,Jonathan Micallef vs. Themba Gorimbo,Darryl Ransom,28,29,0,16,-1,-1.9833333333333338,0.0
2026-05-02,UFC Fight Night: Della Maddalena vs. Prates,Jonathan Micallef vs. Themba Gorimbo,Mark Christie,29,28,1,16,-1,-1.9833333333333338,0.0
2026-05-02,UFC Fight Night: Della Maddalena vs. Prates,Jonathan Micallef vs. Themba Gorimbo,Sal D'Amato,29,28,1,16,-1,-1.9833333333333338,0.0
2026-04-25,UFC Fight Night: Sterling vs. Zalal,Aljamain Sterling vs. Youssef Zalal,Mike Bell,49,45,1,11,6,9.833333333333334,0.0
2026-04-25,UFC Fight Night: Sterling vs. Zalal,Aljamain Sterling vs. Youssef Zalal,Derek Cleary,49,45,1,11,6,9.833333333333334,0.0
2026-04-25,UFC Fight Night: Sterling vs. Zalal,Aljamain Sterling vs. Youssef Zalal,Sal D'Amato,49,45,1,11,6,9.833333333333334,0.0
2026-04-25,UFC Fight Night: Sterling vs. Zalal,Norma Dumont vs. Joselyne Edwards,Eric Colon,28,29,0,-19,0,-0.19999999999999973,0.0
2026-04-25,UFC Fight Night: Sterling vs. Zalal,Norma Dumont vs. Joselyne Edwards,Ron McCarthy,28,29,0,-19,0,-0.19999999999999973,0.0
2026-04-25,UFC Fight Night: Sterling vs. Zalal,Norma Dumont vs. Joselyne Edwards,Chris Lee,27,30,0,-19,0,-0.19999999999999973,0.0
2026-04-25,UFC Fight Night: Sterling vs. Zalal,Rafa Garcia vs. Alexander Hernandez,Derek Cleary,29,28,1,9,4,1.8333333333333333,0.0
2026-04-25,UFC Fight Night: Sterling vs. Zalal,Rafa Garcia vs. Alexander Hernandez,Sal D'Amato,29,28,1,9,4,1.8333333333333333,0.0
2026-04-25,UFC Fight Night: Sterling vs. Zalal,Rafa Garcia vs. Alexander Hernandez,Junichiro Kamijo,30,27,1,9,4,1.8333333333333333,0.0
2026-04-25,UFC Fight Night: Sterling vs. Zalal,Davey Grant vs. Adrian Luna Martinetti,Mike Bell,29,28,1,63,-1,-0.6833333333333333,0.0
2026-04-25,UFC Fight Night: Sterling vs. Zalal,Davey Grant vs. Adrian Luna Martinetti,Derek Cleary,29,28,1,63,-1,-0.6833333333333333,0.0
2026-04-25,UFC Fight Night: Sterling vs. Zalal,Davey Grant vs. Adrian Luna Martinetti,Junichiro Kamijo,29,28,1,63,-1,-0.6833333333333333,0.0
2026-04-25,UFC Fight Night: Sterling vs. Zalal,Montel Jackson vs. Raoni Barcelos,Mike Bell,28,29,0,14,-6,-7.366666666666666,1.0
2026-04-25,UFC Fight Night: Sterling vs. Zalal,Montel Jackson vs. Raoni Barcelos,Sal D'Amato,29,28,1,14,-6,-7.366666666666666,1.0
2026-04-25,UFC Fight Night: Sterling vs. Zalal,Montel Jackson vs. Raoni Barcelos,Ron McCarthy,28,29,0,14,-6,-7.366666666666666,1.0
2026-04-25,UFC Fight Night: Sterling vs. Zalal,Rodolfo Vieira vs. Eric McConico,Mike Bell,28,29,0,-14,2,5.550000000000001,1.0
2026-04-25,UFC Fight Night: Sterling vs. Zalal,Rodolfo Vieira vs. Eric McConico,Adalaide Byrd,28,29,0,-14,2,5.550000000000001,1.0
2026-04-25,UFC Fight Night: Sterling vs. Zalal,Rodolfo Vieira vs. Eric McConico,Derek Cleary,28,29,0,-14,2,5.550000000000001,1.0
2026-04-25,UFC Fight Night: Sterling vs. Zalal,Mayra Bueno Silva vs. Michelle Montague,Adalaide Byrd,27,30,0,-16,-2,-8.583333333333334,0.0
2026-04-25,UFC Fight Night: Sterling vs. Zalal,Mayra Bueno Silva vs. Michelle Montague,Derek Cleary,28,29,0,-16,-2,-8.583333333333334,0.0
2026-04-25,UFC Fight Night: Sterling vs. Zalal,Mayra Bueno Silva vs. Michelle Montague,Eric Colon,28,29,0,-16,-2,-8.583333333333334,0.0
2026-04-25,UFC Fight Night: Sterling vs. Zalal,Jafel Filho vs. Cody Durden,Mike Bell,27,30,0,-11,-3,-2.1,0.0
2026-04-25,UFC Fight Night: Sterling vs. Zalal,Jafel Filho vs. Cody Durden,Tony Weeks,27,30,0,-11,-3,-2.1,0.0
2026-04-25,UFC Fight Night: Sterling vs. Zalal,Jafel Filho vs. Cody Durden,Chris Lee,28,29,0,-11,-3,-2.1,0.0
2026-04-25,UFC Fight Night: Sterling vs. Zalal,Francis Marshall vs. Lucas Brennan,Sal D'Amato,30,27,1,24,2,5.816666666666666,0.0
2026-04-25,UFC Fight Night: Sterling vs. Zalal,Francis Marshall vs. Lucas Brennan,Junichiro Kamijo,30,27,1,24,2,5.816666666666666,0.0
2026-04-25,UFC Fight Night: Sterling vs. Zalal,Francis Marshall vs. Lucas Brennan,Mark Smith,30,27,1,24,2,5.816666666666666,0.0
2026-04-25,UFC Fight Night: Sterling vs. Zalal,Max Griffin vs. Victor Valenzuela,Adalaide Byrd,28,29,0,-13,3,0.45000000000000007,0.0
2026-04-25,UFC Fight Night: Sterling vs. Zalal,Max Griffin vs. Victor Valenzuela,Eric Colon,28,29,0,-13,3,0.45000000000000007,0.0
2026-04-25,UFC Fight Night: Sterling vs. Zalal,Max Griffin vs. Victor Valenzuela,Ron McCarthy,28,29,0,-13,3,0.45000000000000007,0.0
2026-04-25,UFC Fight Night: Sterling vs. Zalal,Talita Alencar vs. Julia Polastri,Mike Bell,29,28,1,-18,3,2.3833333333333333,0.0
2026-04-25,UFC Fight Night: Sterling vs. Zalal,Talita Alencar vs. Julia Polastri,Derek Cleary,29,28,1,-18,3,2.3833333333333333,0.0
2026-04-25,UFC Fight Night: Sterling vs. Zalal,Talita Alencar vs. Julia Polastri,Sal D'Amato,29,28,1,-18,3,2.3833333333333333,0.0
2026-04-18,UFC Fight Night: Burns vs. Malott,Kyler Phillips vs. Charles Jourdain,Junichiro Kamijo,28,29,0,-22,6,6.866666666666667,0.0
2026-04-18,UFC Fight Night: Burns vs. Malott,Kyler Phillips vs. Charles Jourdain,Sal D'Amato,28,29,0,-22,6,6.866666666666667,0.0
2026-04-18,UFC Fight Night: Burns vs. Malott,Kyler Phillips vs. Charles Jourdain,Jason Rodgers,28,29,0,-22,6,6.866666666666667,0.0
2026-04-18,UFC Fight Night: Burns vs. Malott,Jasmine Jasudavicius vs. Karine Silva,Mike Bell,29,28,1,3,3,8.15,0.0
2026-04-18,UFC Fight Night: Burns vs. Malott,Jasmine Jasudavicius vs. Karine Silva,Jason Rodgers,29,28,1,3,3,8.15,0.0
2026-04-18,UFC Fight Night: Burns vs. Malott,Jasmine Jasudavicius vs. Karine Silva,Junichiro Kamijo,29,28,1,3,3,8.15,0.0
2026-04-18,UFC Fight Night: Burns vs. Malott,Thiago Moises vs. Gauge Young,Junichiro Kamijo,28,29,0,-77,2,1.4333333333333331,-1.0
2026-04-18,UFC Fight Night: Burns vs. Malott,Thiago Moises vs. Gauge Young,David Therien,29,28,1,-77,2,1.4333333333333331,-1.0
2026-04-18,UFC Fight Night: Burns vs. Malott,Thiago Moises vs. Gauge Young,Sal D'Amato,28,29,0,-77,2,1.4333333333333331,-1.0
2026-04-18,UFC Fight Night: Burns vs. Malott,Melissa Croden vs. Daria Zhelezniakova,Greg Jackson,29,28,1,28,4,5.199999999999999,0.0
2026-04-18,UFC Fight Night: Burns vs. Malott,Melissa Croden vs. Daria Zhelezniakova,Mike Bell,29,28,1,28,4,5.199999999999999,0.0
2026-04-18,UFC Fight Night: Burns vs. Malott,Melissa Croden vs. Daria Zhelezniakova,Junichiro Kamijo,29,28,1,28,4,5.199999999999999,0.0
2026-04-18,UFC Fight Night: Burns vs. Malott,JJ Aldrich vs. Jamey-Lyn Horth,Greg Jackson,29,28,1,-20,0,0.7333333333333333,0.0
2026-04-18,UFC Fight Night: Burns vs. Malott,JJ Aldrich vs. Jamey-Lyn Horth,Junichiro Kamijo,29,28,1,-20,0,0.7333333333333333,0.0
2026-04-18,UFC Fight Night: Burns vs. Malott,JJ Aldrich vs. Jamey-Lyn Horth,Laura Baldwin,29,28,1,-20,0,0.7333333333333333,0.0
2026-04-11,UFC 327: Prochazka vs. Ulberg,Curtis Blaydes vs. Josh Hokit,Jason Grenier,28,29,0,-3,2,1.5666666666666669,0.0
2026-04-11,UFC 327: Prochazka vs. Ulberg,Curtis Blaydes vs. Josh Hokit,Junichiro Kamijo,28,29,0,-3,2,1.5666666666666669,0.0
2026-04-11,UFC 327: Prochazka vs. Ulberg,Curtis Blaydes vs. Josh Hokit,Chris Lee,28,29,0,-3,2,1.5666666666666669,0.0
2026-04-11,UFC 327: Prochazka vs. Ulberg,Dominick Reyes vs. Johnny Walker,Sal D'Amato,29,28,1,-8,0,-0.16666666666666666,0.0
2026-04-11,UFC 327: Prochazka vs. Ulberg,Dominick Reyes vs. Johnny Walker,Solimar Miranda,28,29,0,-8,0,-0.16666666666666666,0.0
2026-04-11,UFC 327: Prochazka vs. Ulberg,Dominick Reyes vs. Johnny Walker,Junichiro Kamijo,29,28,1,-8,0,-0.16666666666666666,0.0
2026-04-11,UFC 327: Prochazka vs. Ulberg,Patricio Pitbull vs. Aaron Pico,Chris Lee,27,30,0,-51,-6,-3.4166666666666665,0.0
2026-04-11,UFC 327: Prochazka vs. Ulberg,Patricio Pitbull vs. Aaron Pico,Jason Grenier,27,30,0,-51,-6,-3.4166666666666665,0.0
2026-04-11,UFC 327: Prochazka vs. Ulberg,Patricio Pitbull vs. Aaron Pico,Eliseo Rodriguez,28,29,0,-51,-6,-3.4166666666666665,0.0
2026-04-11,UFC 327: Prochazka vs. Ulberg,Kevin Holland vs. Randy Brown,Dave Tirelli,30,27,1,10,0,1.3666666666666667,0.0
2026-04-11,UFC 327: Prochazka vs. Ulberg,Kevin Holland vs. Randy Brown,Chris Lee,30,27,1,10,0,1.3666666666666667,0.0
2026-04-11,UFC 327: Prochazka vs. Ulberg,Kevin Holland vs. Randy Brown,Eliseo Rodriguez,30,27,1,10,0,1.3666666666666667,0.0
2026-04-11,UFC 327: Prochazka vs. Ulberg,Charles Radtke vs. Francisco Prado,Solimar Miranda,30,26,1,-5,4,7.283333333333334,0.0
2026-04-11,UFC 327: Prochazka vs. Ulberg,Charles Radtke vs. Francisco Prado,Jason Grenier,30,26,1,-5,4,7.283333333333334,0.0
2026-04-11,UFC 327: Prochazka vs. Ulberg,Charles Radtke vs. Francisco Prado,Dave Tirelli,30,26,1,-5,4,7.283333333333334,0.0
2026-04-04,UFC Fight Night: Moicano vs. Duncan,Virna Jandiroba vs. Tabatha Ricci,Sal D'Amato,30,27,1,-11,5,6.95,0.0
2026-04-04,UFC Fight Night: Moicano vs. Duncan,Virna Jandiroba vs. Tabatha Ricci,Mike Bell,29,28,1,-11,5,6.95,0.0
2026-04-04,UFC Fight Night: Moicano vs. Duncan,Virna Jandiroba vs. Tabatha Ricci,Junichiro Kamijo,29,28,1,-11,5,6.95,0.0
2026-04-04,UFC Fight Night: Moicano vs. Duncan,Jose Delano vs. Robert Ruchala,Chris Leben,30,26,1,40,0,-0.5,0.0
2026-04-04,UFC Fight Night: Moicano vs. Duncan,Jose Delano vs. Robert Ruchala,Adalaide Byrd,29,27,1,40,0,-0.5,0.0
2026-04-04,UFC Fight Night: Moicano vs. Duncan,Jose Delano vs. Robert Ruchala,Clemens Werner,29,27,1,40,0,-0.5,0.0
2026-04-04,UFC Fight Night: Moicano vs. Duncan,Guilherme Pat vs. Thomas Petersen,Mike Bell,27,29,0,-11,0,-8.6,-1.0
2026-04-04,UFC Fight Night: Moicano vs. Duncan,Guilherme Pat vs. Thomas Petersen,Sal D'Amato,27,29,0,-11,0,-8.6,-1.0
2026-04-04,UFC Fight Night: Moicano vs. Duncan,Dione Barbosa vs. Melissa Gatto,Sal D'Amato,29,27,1,-3,0,1.2999999999999998,0.0
2026-04-04,UFC Fight Night: Moicano vs. Duncan,Dione Barbosa vs. Melissa Gatto,Jerin Valel,29,27,1,-3,0,1.2999999999999998,0.0
2026-04-04,UFC Fight Night: Moicano vs. Duncan,Kai Kamaka III vs. Dakota Hope,Mike Bell,28,29,0,-1,-1,-0.9166666666666667,-1.0
2026-04-04,UFC Fight Night: Moicano vs. Duncan,Kai Kamaka III vs. Dakota Hope,Sal D'Amato,29,28,1,-1,-1,-0.9166666666666667,-1.0
2026-04-04,UFC Fight Night: Moicano vs. Duncan,Kai Kamaka III vs. Dakota Hope,Bryan Miner,29,28,1,-1,-1,-0.9166666666666667,-1.0
2026-03-28,UFC Fight Night: Adesanya vs. Pyfer,Ignacio Bahamondes vs. Tofiq Musayev,Sal D'Amato,28,29,0,-2,-3,-6.566666666666666,1.0
2026-03-28,UFC Fight Night: Adesanya vs. Pyfer,Ignacio Bahamondes vs. Tofiq Musayev,Antonio Carrillo,27,29,0,-2,-3,-6.566666666666666,1.0
2026-03-28,UFC Fight Night: Adesanya vs. Pyfer,Ignacio Bahamondes vs. Tofiq Musayev,Mike Bell,27,30,0,-2,-3,-6.566666666666666,1.0
2026-03-28,UFC Fight Night: Adesanya vs. Pyfer,Marcin Tybura vs. Tyrell Fortune,Marlon Perry,27,30,0,17,-3,-4.433333333333334,0.0
2026-03-28,UFC Fight Night: Adesanya vs. Pyfer,Marcin Tybura vs. Tyrell Fortune,Junichiro Kamijo,28,29,0,17,-3,-4.433333333333334,0.0
2026-03-28,UFC Fight Night: Adesanya vs. Pyfer,Marcin Tybura vs. Tyrell Fortune,Eric Colon,28,29,0,17,-3,-4.433333333333334,0.0
2026-03-28,UFC Fight Night: Adesanya vs. Pyfer,Alexia Thainara vs. Bruna Brasil,Marlon Perry,30,27,1,36,6,9.566666666666666,0.0
2026-03-28,UFC Fight Night: Adesanya vs. Pyfer,Alexia Thainara vs. Bruna Brasil,Mike Bell,30,27,1,36,6,9.566666666666666,0.0
2026-03-28,UFC Fight Night: Adesanya vs. Pyfer,Alexia Thainara vs. Bruna Brasil,Junichiro Kamijo,30,27,1,36,6,9.566666666666666,0.0
2026-03-21,UFC Fight Night: Evloev vs. Murphy,Movsar Evloev vs. Lerone Murphy,Ben Cartlidge,48,46,1,-3,9,3.9000000000000004,0.0
2026-03-21,UFC Fight Night: Evloev vs. Murphy,Movsar Evloev vs. Lerone Murphy,Derek Cleary,48,46,1,-3,9,3.9000000000000004,0.0
2026-03-21,UFC Fight Night: Evloev vs. Murphy,Luke Riley vs. Michael Aswell Jr.,Anders Ohlsson,30,27,1,39,-1,-2.8166666666666664,0.0
2026-03-21,UFC Fight Night: Evloev vs. Murphy,Luke Riley vs. Michael Aswell Jr.,Darryl Ransom,30,27,1,39,-1,-2.8166666666666664,0.0
2026-03-21,UFC Fight Night: Evloev vs. Murphy,Luke Riley vs. Michael Aswell Jr.,Vito Paolillo,30,27,1,39,-1,-2.8166666666666664,0.0
2026-03-21,UFC Fight Night: Evloev vs. Murphy,Michael Page vs. Sam Patterson,Darryl Ransom,30,27,1,15,0,-2.3499999999999996,0.0
2026-03-21,UFC Fight Night: Evloev vs. Murphy,Michael Page vs. Sam Patterson,David Lethaby,29,28,1,15,0,-2.3499999999999996,0.0
2026-03-21,UFC Fight Night: Evloev vs. Murphy,Michael Page vs. Sam Patterson,Clemens Werner,29,28,1,15,0,-2.3499999999999996,0.0
2026-03-21,UFC Fight Night: Evloev vs. Murphy,Roman Dolidze vs. Christian Leroy Duncan,Anders Ohlsson,28,29,0,-44,3,5.9833333333333325,0.0
2026-03-21,UFC Fight Night: Evloev vs. Murphy,Roman Dolidze vs. Christian Leroy Duncan,Darryl Ransom,28,29,0,-44,3,5.9833333333333325,0.0
2026-03-21,UFC Fight Night: Evloev vs. Murphy,Roman Dolidze vs. Christian Leroy Duncan,Clemens Werner,28,29,0,-44,3,5.9833333333333325,0.0
2026-03-21,UFC Fight Night: Evloev vs. Murphy,Mason Jones vs. Axel Sola,Darryl Ransom,30,27,1,45,-3,-2.2333333333333334,0.0
2026-03-21,UFC Fight Night: Evloev vs. Murphy,Mason Jones vs. Axel Sola,David Lethaby,29,28,1,45,-3,-2.2333333333333334,0.0
2026-03-21,UFC Fight Night: Evloev vs. Murphy,Mason Jones vs. Axel Sola,Anders Ohlsson,29,28,1,45,-3,-2.2333333333333334,0.0
2026-03-21,UFC Fight Night: Evloev vs. Murphy,Nathaniel Wood vs. Losene Keita,Vito Paolillo,28,29,0,15,0,0.0,0.0
2026-03-21,UFC Fight Night: Evloev vs. Murphy,Nathaniel Wood vs. Losene Keita,Ben Cartlidge,29,28,1,15,0,0.0,0.0
2026-03-21,UFC Fight Night: Evloev vs. Murphy,Nathaniel Wood vs. Losene Keita,Derek Cleary,29,28,1,15,0,0.0,0.0
2026-03-21,UFC Fight Night: Evloev vs. Murphy,Mario Pinto vs. Felipe Franco,David Lethaby,29,28,1,13,2,6.25,0.0
2026-03-21,UFC Fight Night: Evloev vs. Murphy,Mario Pinto vs. Felipe Franco,Kevin Manderson,29,28,1,13,2,6.25,0.0
2026-03-21,UFC Fight Night: Evloev vs. Murphy,Mario Pinto vs. Felipe Franco,Darryl Ransom,29,28,1,13,2,6.25,0.0
2026-03-21,UFC Fight Night: Evloev vs. Murphy,Mantas Kondratavicius vs. Antonio Trocoli,Derek Cleary,30,27,1,58,1,1.0499999999999998,1.0
2026-03-21,UFC Fight Night: Evloev vs. Murphy,Mantas Kondratavicius vs. Antonio Trocoli,Vito Paolillo,29,27,1,58,1,1.0499999999999998,1.0
2026-03-21,UFC Fight Night: Evloev vs. Murphy,Mantas Kondratavicius vs. Antonio Trocoli,Clemens Werner,29,27,1,58,1,1.0499999999999998,1.0
2026-03-21,UFC Fight Night: Evloev vs. Murphy,Shem Rock vs. Abdul-Kareem Al-Selwady,Vito Paolillo,27,30,0,-34,1,0.6000000000000001,0.0
2026-03-21,UFC Fight Night: Evloev vs. Murphy,Shem Rock vs. Abdul-Kareem Al-Selwady,Darryl Ransom,27,30,0,-34,1,0.6000000000000001,0.0
2026-03-21,UFC Fight Night: Evloev vs. Murphy,Shem Rock vs. Abdul-Kareem Al-Selwady,Clemens Werner,27,30,0,-34,1,0.6000000000000001,0.0
2026-03-14,UFC Fight Night: Emmett vs. Vallejos,Amanda Lemos vs. Gillian Robertson,Eric Colon,28,29,0,30,-2,-7.216666666666665,0.0
2026-03-14,UFC Fight Night: Emmett vs. Vallejos,Amanda Lemos vs. Gillian Robertson,Sal D'Amato,28,29,0,30,-2,-7.216666666666665,0.0
2026-03-14,UFC Fight Night: Emmett vs. Vallejos,Amanda Lemos vs. Gillian Robertson,Ron McCarthy,28,29,0,30,-2,-7.216666666666665,0.0
2026-03-14,UFC Fight Night: Emmett vs. Vallejos,Andre Fili vs. Jose Delgado,Mike Bell,28,29,0,-32,3,0.3833333333333333,0.0
2026-03-14,UFC Fight Night: Emmett vs. Vallejos,Andre Fili vs. Jose Delgado,Chris Lee,29,28,1,-32,3,0.3833333333333333,0.0
2026-03-14,UFC Fight Night: Emmett vs. Vallejos,Andre Fili vs. Jose Delgado,Junichiro Kamijo,28,29,0,-32,3,0.3833333333333333,0.0
2026-03-14,UFC Fight Night: Emmett vs. Vallejos,Charles Johnson vs. Bruno Silva,Chris Lee,29,28,1,12,0,-3.6166666666666667,0.0
2026-03-14,UFC Fight Night: Emmett vs. Vallejos,Charles Johnson vs. Bruno Silva,Mike Bell,28,29,0,12,0,-3.6166666666666667,0.0
2026-03-14,UFC Fight Night: Emmett vs. Vallejos,Charles Johnson vs. Bruno Silva,Anthony Maness,30,27,1,12,0,-3.6166666666666667,0.0
2026-03-14,UFC Fight Night: Emmett vs. Vallejos,Chris Curtis vs. Myktybek Orolbai,Adalaide Byrd,27,30,0,-8,-19,-12.450000000000001,0.0
2026-03-14,UFC Fight Night: Emmett vs. Vallejos,Chris Curtis vs. Myktybek Orolbai,Eric Colon,27,30,0,-8,-19,-12.450000000000001,0.0
2026-03-14,UFC Fight Night: Emmett vs. Vallejos,Chris Curtis vs. Myktybek Orolbai,Ron McCarthy,27,30,0,-8,-19,-12.450000000000001,0.0
2026-03-14,UFC Fight Night: Emmett vs. Vallejos,Vitor Petrino vs. Steven Asplund,Junichiro Kamijo,29,28,1,31,0,1.0833333333333333,-1.0
2026-03-14,UFC Fight Night: Emmett vs. Vallejos,Vitor Petrino vs. Steven Asplund,Chris Lee,29,28,1,31,0,1.0833333333333333,-1.0
2026-03-14,UFC Fight Night: Emmett vs. Vallejos,Vitor Petrino vs. Steven Asplund,Anthony Maness,29,28,1,31,0,1.0833333333333333,-1.0
2026-03-14,UFC Fight Night: Emmett vs. Vallejos,Brad Tavares vs. Eryk Anders,Anthony Maness,27,30,0,13,-3,-8.85,1.0
2026-03-14,UFC Fight Night: Emmett vs. Vallejos,Brad Tavares vs. Eryk Anders,Sal D'Amato,28,29,0,13,-3,-8.85,1.0
2026-03-14,UFC Fight Night: Emmett vs. Vallejos,Brad Tavares vs. Eryk Anders,Ron McCarthy,28,29,0,13,-3,-8.85,1.0
2026-03-14,UFC Fight Night: Emmett vs. Vallejos,Luan Lacerda vs. Hecher Sosa,Ron McCarthy,27,30,0,-42,4,2.533333333333333,0.0
2026-03-14,UFC Fight Night: Emmett vs. Vallejos,Luan Lacerda vs. Hecher Sosa,Tony Weeks,27,30,0,-42,4,2.533333333333333,0.0
2026-03-14,UFC Fight Night: Emmett vs. Vallejos,Luan Lacerda vs. Hecher Sosa,Chris Lee,28,29,0,-42,4,2.533333333333333,0.0
2026-03-14,UFC Fight Night: Emmett vs. Vallejos,Piera Rodriguez vs. Sam Hughes,Mike Bell,30,27,1,30,1,2.216666666666667,0.0
2026-03-14,UFC Fight Night: Emmett vs. Vallejos,Piera Rodriguez vs. Sam Hughes,Eric Colon,30,27,1,30,1,2.216666666666667,0.0
2026-03-14,UFC Fight Night: Emmett vs. Vallejos,Piera Rodriguez vs. Sam Hughes,Sal D'Amato,30,27,1,30,1,2.216666666666667,0.0
2026-03-07,UFC 326: Holloway vs. Oliveira 2,Max Holloway vs. Charles Oliveira,Mike Bell,45,50,0,-24,-5,-19.216666666666665,0.0
2026-03-07,UFC 326: Holloway vs. Oliveira 2,Max Holloway vs. Charles Oliveira,Derek Cleary,45,50,0,-24,-5,-19.216666666666665,0.0
2026-03-07,UFC 326: Holloway vs. Oliveira 2,Max Holloway vs. Charles Oliveira,Sal D'Amato,45,50,0,-24,-5,-19.216666666666665,0.0
2026-03-07,UFC 326: Holloway vs. Oliveira 2,Caio Borralho vs. Reinier de Ridder,Ben Cartlidge,30,27,1,2,-1,0.09999999999999964,0.0
2026-03-07,UFC 326: Holloway vs. Oliveira 2,Caio Borralho vs. Reinier de Ridder,Sal D'Amato,30,27,1,2,-1,0.09999999999999964,0.0
2026-03-07,UFC 326: Holloway vs. Oliveira 2,Caio Borralho vs. Reinier de Ridder,Ron McCarthy,30,27,1,2,-1,0.09999999999999964,0.0
2026-03-07,UFC 326: Holloway vs. Oliveira 2,Rob Font vs. Raul Rosas Jr.,Mike Bell,27,30,0,2,-16,-9.866666666666665,0.0
2026-03-07,UFC 326: Holloway vs. Oliveira 2,Rob Font vs. Raul Rosas Jr.,Derek Cleary,27,30,0,2,-16,-9.866666666666665,0.0
2026-03-07,UFC 326: Holloway vs. Oliveira 2,Rob Font vs. Raul Rosas Jr.,Ron McCarthy,27,30,0,2,-16,-9.866666666666665,0.0
2026-03-07,UFC 326: Holloway vs. Oliveira 2,Cody Garbrandt vs. Xiao Long,Repeated Low Blows by XiaoMike Bell,28,27,1,-31,-1,0.09999999999999998,0.0
2026-03-07,UFC 326: Holloway vs. Oliveira 2,Cody Garbrandt vs. Xiao Long,Ben Cartlidge,28,27,1,-31,-1,0.09999999999999998,0.0
2026-03-07,UFC 326: Holloway vs. Oliveira 2,Cody Garbrandt vs. Xiao Long,Ron McCarthy,28,27,1,-31,-1,0.09999999999999998,0.0
2026-03-07,UFC 326: Holloway vs. Oliveira 2,Donte Johnson vs. Cody Brundage,Derek Cleary,29,28,1,14,-2,-0.8333333333333339,0.0
2026-03-07,UFC 326: Holloway vs. Oliveira 2,Donte Johnson vs. Cody Brundage,Junichiro Kamijo,28,29,0,14,-2,-0.8333333333333339,0.0
2026-03-07,UFC 326: Holloway vs. Oliveira 2,Donte Johnson vs. Cody Brundage,Tony Weeks,29,28,1,14,-2,-0.8333333333333339,0.0
2026-03-07,UFC 326: Holloway vs. Oliveira 2,Cody Durden vs. Nyamjargal Tumendemberel,Junichiro Kamijo,27,30,0,-17,-1,-2.033333333333333,0.0
2026-03-07,UFC 326: Holloway vs. Oliveira 2,Cody Durden vs. Nyamjargal Tumendemberel,Jerin Valel,27,30,0,-17,-1,-2.033333333333333,0.0
2026-03-07,UFC 326: Holloway vs. Oliveira 2,Cody Durden vs. Nyamjargal Tumendemberel,Ron McCarthy,28,29,0,-17,-1,-2.033333333333333,0.0
2026-03-07,UFC 326: Holloway vs. Oliveira 2,Sumudaerji vs. Jesus Aguilar,Mike Bell,30,27,1,31,3,0.5166666666666666,0.0
2026-03-07,UFC 326: Holloway vs. Oliveira 2,Sumudaerji vs. Jesus Aguilar,Derek Cleary,30,27,1,31,3,0.5166666666666666,0.0
2026-03-07,UFC 326: Holloway vs. Oliveira 2,Sumudaerji vs. Jesus Aguilar,Sal D'Amato,30,27,1,31,3,0.5166666666666666,0.0
2026-03-07,UFC 326: Holloway vs. Oliveira 2,Rafael Tobias vs. Diyar Nurgozhay,Ben Cartlidge,27,30,0,-55,2,1.0499999999999998,0.0
2026-03-07,UFC 326: Holloway vs. Oliveira 2,Rafael Tobias vs. Diyar Nurgozhay,David Lethaby,28,29,0,-55,2,1.0499999999999998,0.0
2026-03-07,UFC 326: Holloway vs. Oliveira 2,Rafael Tobias vs. Diyar Nurgozhay,Tony Weeks,28,29,0,-55,2,1.0499999999999998,0.0
2026-02-28,UFC Fight Night: Moreno vs. Kavanagh,Brandon Moreno vs. Lone'er Kavanagh,Sal D'Amato,46,49,0,-18,0,7.333333333333334,0.0
2026-02-28,UFC Fight Night: Moreno vs. Kavanagh,Brandon Moreno vs. Lone'er Kavanagh,Mike Bell,47,48,0,-18,0,7.333333333333334,0.0
2026-02-28,UFC Fight Night: Moreno vs. Kavanagh,Brandon Moreno vs. Lone'er Kavanagh,Ben Cartlidge,47,48,0,-18,0,7.333333333333334,0.0
2026-02-28,UFC Fight Night: Moreno vs. Kavanagh,Marlon Vera vs. David Martinez,Mike Bell,28,29,0,-29,-2,-1.6500000000000001,0.0
2026-02-28,UFC Fight Night: Moreno vs. Kavanagh,Marlon Vera vs. David Martinez,Sal D'Amato,28,29,0,-29,-2,-1.6500000000000001,0.0
2026-02-28,UFC Fight Night: Moreno vs. Kavanagh,Marlon Vera vs. David Martinez,Dave Tirelli,28,29,0,-29,-2,-1.6500000000000001,0.0
2026-02-28,UFC Fight Night: Moreno vs. Kavanagh,Edgar Chairez vs. Felipe Bunes,Sal D'Amato,29,28,1,12,-1,-3.8333333333333335,0.0
2026-02-28,UFC Fight Night: Moreno vs. Kavanagh,Edgar Chairez vs. Felipe Bunes,Rick Winter,28,29,0,12,-1,-3.8333333333333335,0.0
2026-02-28,UFC Fight Night: Moreno vs. Kavanagh,Edgar Chairez vs. Felipe Bunes,Dave Tirelli,29,28,1,12,-1,-3.8333333333333335,0.0
2026-02-28,UFC Fight Night: Moreno vs. Kavanagh,Santiago Luna vs. Angel Pacheco,Miguel Jimenez,30,27,1,75,4,2.666666666666667,0.0
2026-02-28,UFC Fight Night: Moreno vs. Kavanagh,Santiago Luna vs. Angel Pacheco,Sal D'Amato,30,27,1,75,4,2.666666666666667,0.0
2026-02-28,UFC Fight Night: Moreno vs. Kavanagh,Santiago Luna vs. Angel Pacheco,Dave Tirelli,30,27,1,75,4,2.666666666666667,0.0
2026-02-28,UFC Fight Night: Moreno vs. Kavanagh,Ailin Perez vs. Macy Chiasson,Raul Salas,29,28,1,19,6,3.75,0.0
2026-02-28,UFC Fight Night: Moreno vs. Kavanagh,Ailin Perez vs. Macy Chiasson,Sal D'Amato,29,28,1,19,6,3.75,0.0
2026-02-28,UFC Fight Night: Moreno vs. Kavanagh,Ailin Perez vs. Macy Chiasson,Dave Tirelli,29,28,1,19,6,3.75,0.0
2026-02-28,UFC Fight Night: Moreno vs. Kavanagh,Cristian Quinonez vs. Kris Moutinho,Miguel Jimenez,30,27,1,10,7,6.583333333333333,0.0
2026-02-28,UFC Fight Night: Moreno vs. Kavanagh,Cristian Quinonez vs. Kris Moutinho,Ben Cartlidge,30,27,1,10,7,6.583333333333333,0.0
2026-02-28,UFC Fight Night: Moreno vs. Kavanagh,Cristian Quinonez vs. Kris Moutinho,Rick Winter,30,27,1,10,7,6.583333333333333,0.0
2026-02-28,UFC Fight Night: Moreno vs. Kavanagh,Regina Tarin vs. Ernesta Kareckaite,Antonio Guerrero,30,27,1,9,0,-0.24999999999999978,0.0
2026-02-28,UFC Fight Night: Moreno vs. Kavanagh,Regina Tarin vs. Ernesta Kareckaite,Dave Tirelli,30,27,1,9,0,-0.24999999999999978,0.0
2026-02-28,UFC Fight Night: Moreno vs. Kavanagh,Regina Tarin vs. Ernesta Kareckaite,Ben Cartlidge,29,28,1,9,0,-0.24999999999999978,0.0
2026-02-21,UFC Fight Night: Strickland vs. Hernandez,Serghei Spivac vs. Ante Delija,Jeff Rexroad,30,27,1,6,1,2.8,0.0
2026-02-21,UFC Fight Night: Strickland vs. Hernandez,Serghei Spivac vs. Ante Delija,Junichiro Kamijo,29,28,1,6,1,2.8,0.0
2026-02-21,UFC Fight Night: Strickland vs. Hernandez,Serghei Spivac vs. Ante Delija,Chris Lee,29,28,1,6,1,2.8,0.0
2026-02-21,UFC Fight Night: Strickland vs. Hernandez,Zach Reese vs. Michel Pereira,Jacob Montalvo,28,29,0,11,-1,-0.016666666666666607,0.0
2026-02-21,UFC Fight Night: Strickland vs. Hernandez,Zach Reese vs. Michel Pereira,Ryan Thompson,29,28,1,11,-1,-0.016666666666666607,0.0
2026-02-21,UFC Fight Night: Strickland vs. Hernandez,Zach Reese vs. Michel Pereira,Chris Lee,28,29,0,11,-1,-0.016666666666666607,0.0
2026-02-21,UFC Fight Night: Strickland vs. Hernandez,Chidi Njokuani vs. Carlos Leal,Junichiro Kamijo,27,30,0,5,0,-2.233333333333333,0.0
2026-02-21,UFC Fight Night: Strickland vs. Hernandez,Chidi Njokuani vs. Carlos Leal,Jeff Rexroad,28,29,0,5,0,-2.233333333333333,0.0
2026-02-21,UFC Fight Night: Strickland vs. Hernandez,Chidi Njokuani vs. Carlos Leal,Chris Lee,28,29,0,5,0,-2.233333333333333,0.0
2026-02-21,UFC Fight Night: Strickland vs. Hernandez,Ode Osbourne vs. Alibi Idiris,Ryan Thompson,28,29,0,2,-5,-5.199999999999999,0.0
2026-02-21,UFC Fight Night: Strickland vs. Hernandez,Ode Osbourne vs. Alibi Idiris,Sal D'Amato,27,30,0,2,-5,-5.199999999999999,0.0
2026-02-21,UFC Fight Night: Strickland vs. Hernandez,Ode Osbourne vs. Alibi Idiris,Junichiro Kamijo,27,30,0,2,-5,-5.199999999999999,0.0
2026-02-21,UFC Fight Night: Strickland vs. Hernandez,Alden Coria vs. Luis Gurule,Ryan Thompson,30,27,1,29,0,0.3500000000000001,0.0
2026-02-21,UFC Fight Night: Strickland vs. Hernandez,Alden Coria vs. Luis Gurule,Junichiro Kamijo,30,27,1,29,0,0.3500000000000001,0.0
2026-02-21,UFC Fight Night: Strickland vs. Hernandez,Alden Coria vs. Luis Gurule,Chris Lee,30,27,1,29,0,0.3500000000000001,0.0
2026-02-21,UFC Fight Night: Strickland vs. Hernandez,Ramiz Brahimaj vs. Punahele Soriano,Sal D'Amato,28,29,0,-2,0,-1.2000000000000002,0.0
2026-02-21,UFC Fight Night: Strickland vs. Hernandez,Ramiz Brahimaj vs. Punahele Soriano,Junichiro Kamijo,28,29,0,-2,0,-1.2000000000000002,0.0
2026-02-21,UFC Fight Night: Strickland vs. Hernandez,Ramiz Brahimaj vs. Punahele Soriano,Chris Lee,28,29,0,-2,0,-1.2000000000000002,0.0
2026-02-21,UFC Fight Night: Strickland vs. Hernandez,Phil Rowe vs. Jean-Paul Lebosnoyani,Jacob Montalvo,28,29,0,-12,-3,-5.033333333333333,0.0
2026-02-21,UFC Fight Night: Strickland vs. Hernandez,Phil Rowe vs. Jean-Paul Lebosnoyani,Jeff Rexroad,29,28,1,-12,-3,-5.033333333333333,0.0
2026-02-21,UFC Fight Night: Strickland vs. Hernandez,Phil Rowe vs. Jean-Paul Lebosnoyani,Ryan Thompson,28,29,0,-12,-3,-5.033333333333333,0.0
2026-02-21,UFC Fight Night: Strickland vs. Hernandez,Jordan Leavitt vs. Yadier del Valle,Sal D'Amato,29,28,1,4,4,5.666666666666666,0.0
2026-02-21,UFC Fight Night: Strickland vs. Hernandez,Jordan Leavitt vs. Yadier del Valle,Ryan Thompson,29,28,1,4,4,5.666666666666666,0.0
2026-02-21,UFC Fight Night: Strickland vs. Hernandez,Jordan Leavitt vs. Yadier del Valle,Chris Lee,29,28,1,4,4,5.666666666666666,0.0
2026-02-21,UFC Fight Night: Strickland vs. Hernandez,Juliana Miller vs. Carli Judice,Jacob Montalvo,28,29,0,-43,2,2.5166666666666666,0.0
2026-02-21,UFC Fight Night: Strickland vs. Hernandez,Juliana Miller vs. Carli Judice,Junichiro Kamijo,28,29,0,-43,2,2.5166666666666666,0.0
2026-02-21,UFC Fight Night: Strickland vs. Hernandez,Juliana Miller vs. Carli Judice,Ryan Thompson,27,30,0,-43,2,2.5166666666666666,0.0
2026-02-07,UFC Fight Night: Bautista vs. Oliveira,Amir Albazi vs. Kyoji Horiguchi,Eric Colon,27,30,0,-57,0,2.8,0.0
2026-02-07,UFC Fight Night: Bautista vs. Oliveira,Amir Albazi vs. Kyoji Horiguchi,Junichiro Kamijo,27,30,0,-57,0,2.8,0.0
2026-02-07,UFC Fight Night: Bautista vs. Oliveira,Amir Albazi vs. Kyoji Horiguchi,Ron McCarthy,28,29,0,-57,0,2.8,0.0
2026-02-07,UFC Fight Night: Bautista vs. Oliveira,Jailton Almeida vs. Rizvan Kuniev,Mike Bell,27,30,0,-12,0,-5.183333333333334,0.0
2026-02-07,UFC Fight Night: Bautista vs. Oliveira,Jailton Almeida vs. Rizvan Kuniev,Sal D'Amato,27,30,0,-12,0,-5.183333333333334,0.0
2026-02-07,UFC Fight Night: Bautista vs. Oliveira,Jailton Almeida vs. Rizvan Kuniev,Chris Lee,28,29,0,-12,0,-5.183333333333334,0.0
2026-02-07,UFC Fight Night: Bautista vs. Oliveira,Michal Oleksiejczuk vs. Marc-Andre Barriault,Eric Colon,29,28,1,63,1,0.4666666666666667,0.0
2026-02-07,UFC Fight Night: Bautista vs. Oliveira,Michal Oleksiejczuk vs. Marc-Andre Barriault,Junichiro Kamijo,29,28,1,63,1,0.4666666666666667,0.0
2026-02-07,UFC Fight Night: Bautista vs. Oliveira,Michal Oleksiejczuk vs. Marc-Andre Barriault,Ron McCarthy,29,28,1,63,1,0.4666666666666667,0.0
2026-02-07,UFC Fight Night: Bautista vs. Oliveira,Jean Matsumoto vs. Farid Basharat,Mike Bell,28,29,0,-4,5,2.2833333333333337,0.0
2026-02-07,UFC Fight Night: Bautista vs. Oliveira,Jean Matsumoto vs. Farid Basharat,Ron McCarthy,29,28,1,-4,5,2.2833333333333337,0.0
2026-02-07,UFC Fight Night: Bautista vs. Oliveira,Jean Matsumoto vs. Farid Basharat,Sal D'Amato,28,29,0,-4,5,2.2833333333333337,0.0
2026-02-07,UFC Fight Night: Bautista vs. Oliveira,Alex Morono vs. Daniil Donchenko,Mike Bell,26,30,0,-60,0,-2.3333333333333335,-1.0
2026-02-07,UFC Fight Night: Bautista vs. Oliveira,Alex Morono vs. Daniil Donchenko,Peter Adamcik,26,30,0,-60,0,-2.3333333333333335,-1.0
2026-02-07,UFC Fight Night: Bautista vs. Oliveira,Alex Morono vs. Daniil Donchenko,Sal D'Amato,27,30,0,-60,0,-2.3333333333333335,-1.0
2026-02-07,UFC Fight Night: Bautista vs. Oliveira,Bruna Brasil vs. Ketlen Souza,Mike Bell,28,29,0,-2,0,-7.366666666666667,0.0
2026-02-07,UFC Fight Night: Bautista vs. Oliveira,Bruna Brasil vs. Ketlen Souza,Sal D'Amato,28,29,0,-2,0,-7.366666666666667,0.0
2026-02-07,UFC Fight Night: Bautista vs. Oliveira,Bruna Brasil vs. Ketlen Souza,Ron McCarthy,28,29,0,-2,0,-7.366666666666667,0.0
2026-02-07,UFC Fight Night: Bautista vs. Oliveira,Javid Basharat vs. Gianni Vazquez,Mike Bell,29,28,1,35,3,5.216666666666667,1.0
2026-02-07,UFC Fight Night: Bautista vs. Oliveira,Javid Basharat vs. Gianni Vazquez,Adalaide Byrd,29,28,1,35,3,5.216666666666667,1.0
2026-02-07,UFC Fight Night: Bautista vs. Oliveira,Javid Basharat vs. Gianni Vazquez,Sal D'Amato,29,28,1,35,3,5.216666666666667,1.0
2026-02-07,UFC Fight Night: Bautista vs. Oliveira,Wang Cong vs. Eduarda Moura,Tony Weeks,30,27,1,27,-3,-4.916666666666666,1.0
2026-02-07,UFC Fight Night: Bautista vs. Oliveira,Wang Cong vs. Eduarda Moura,Eric Colon,29,28,1,27,-3,-4.916666666666666,1.0
2026-02-07,UFC Fight Night: Bautista vs. Oliveira,Wang Cong vs. Eduarda Moura,Chris Lee,29,28,1,27,-3,-4.916666666666666,1.0
2026-02-07,UFC Fight Night: Bautista vs. Oliveira,Klaudia Sygula vs. Priscila Cachoeira,Adalaide Byrd,30,27,1,52,-1,-0.26666666666666666,0.0
2026-02-07,UFC Fight Night: Bautista vs. Oliveira,Klaudia Sygula vs. Priscila Cachoeira,Chris Lee,30,27,1,52,-1,-0.26666666666666666,0.0
2026-02-07,UFC Fight Night: Bautista vs. Oliveira,Klaudia Sygula vs. Priscila Cachoeira,Eric Colon,29,28,1,52,-1,-0.26666666666666666,0.0
2026-01-31,UFC 325: Volkanovski vs. Lopes 2,Alexander Volkanovski vs. Diego Lopes,Ben Cartlidge,49,46,1,28,0,0.9833333333333334,0.0
2026-01-31,UFC 325: Volkanovski vs. Lopes 2,Alexander Volkanovski vs. Diego Lopes,Sal D'Amato,49,46,1,28,0,0.9833333333333334,0.0
2026-01-31,UFC 325: Volkanovski vs. Lopes 2,Alexander Volkanovski vs. Diego Lopes,Clemens Werner,50,45,1,28,0,0.9833333333333334,0.0
2026-01-31,UFC 325: Volkanovski vs. Lopes 2,Tai Tuivasa vs. Tallison Teixeira,Ben Cartlidge,28,29,0,-9,-3,-3.0333333333333337,0.0
2026-01-31,UFC 325: Volkanovski vs. Lopes 2,Tai Tuivasa vs. Tallison Teixeira,Sal D'Amato,28,29,0,-9,-3,-3.0333333333333337,0.0
2026-01-31,UFC 325: Volkanovski vs. Lopes 2,Tai Tuivasa vs. Tallison Teixeira,Evan Field,28,29,0,-9,-3,-3.0333333333333337,0.0
2026-01-31,UFC 325: Volkanovski vs. Lopes 2,Jacob Malkoun vs. Torrez Finney,Ben Cartlidge,30,26,1,90,2,4.9333333333333345,1.0
2026-01-31,UFC 325: Volkanovski vs. Lopes 2,Jacob Malkoun vs. Torrez Finney,Sal D'Amato,30,27,1,90,2,4.9333333333333345,1.0
2026-01-31,UFC 325: Volkanovski vs. Lopes 2,Jacob Malkoun vs. Torrez Finney,Charlie Keech,30,26,1,90,2,4.9333333333333345,1.0
2026-01-31,UFC 325: Volkanovski vs. Lopes 2,Kaan Ofli vs. Yizha,Sal D'Amato,29,28,1,-20,-3,1.7000000000000002,-1.0
2026-01-31,UFC 325: Volkanovski vs. Lopes 2,Kaan Ofli vs. Yizha,Evan Field,29,28,1,-20,-3,1.7000000000000002,-1.0
2026-01-31,UFC 325: Volkanovski vs. Lopes 2,Sangwook Kim vs. Dom Mar Fan,Ben Cartlidge,27,30,0,-31,0,2.3833333333333333,0.0
2026-01-31,UFC 325: Volkanovski vs. Lopes 2,Sangwook Kim vs. Dom Mar Fan,Clemens Werner,27,30,0,-31,0,2.3833333333333333,0.0
2026-01-31,UFC 325: Volkanovski vs. Lopes 2,Sangwook Kim vs. Dom Mar Fan,Charlie Keech,27,30,0,-31,0,2.3833333333333333,0.0
2026-01-31,UFC 325: Volkanovski vs. Lopes 2,Sulangrangbo vs. Lawrence Lui,Ben Cartlidge,28,29,0,4,-7,-4.75,0.0
2026-01-31,UFC 325: Volkanovski vs. Lopes 2,Sulangrangbo vs. Lawrence Lui,Sal D'Amato,29,28,1,4,-7,-4.75,0.0
2026-01-31,UFC 325: Volkanovski vs. Lopes 2,Sulangrangbo vs. Lawrence Lui,Evan Field,28,29,0,4,-7,-4.75,0.0
2026-01-24,UFC 324: Gaethje vs. Pimblett,Justin Gaethje vs. Paddy Pimblett,Mike Bell,48,47,1,-12,3,5.116666666666666,2.0
2026-01-24,UFC 324: Gaethje vs. Pimblett,Justin Gaethje vs. Paddy Pimblett,Derek Cleary,49,46,1,-12,3,5.116666666666666,2.0
2026-01-24,UFC 324: Gaethje vs. Pimblett,Justin Gaethje vs. Paddy Pimblett,Sal D'Amato,49,46,1,-12,3,5.116666666666666,2.0
2026-01-24,UFC 324: Gaethje vs. Pimblett,Sean O'Malley vs. Song Yadong,Eric Colon,29,28,1,12,-3,-2.1,0.0
2026-01-24,UFC 324: Gaethje vs. Pimblett,Sean O'Malley vs. Song Yadong,Chris Lee,29,28,1,12,-3,-2.1,0.0
2026-01-24,UFC 324: Gaethje vs. Pimblett,Sean O'Malley vs. Song Yadong,Ron McCarthy,29,28,1,12,-3,-2.1,0.0
2026-01-24,UFC 324: Gaethje vs. Pimblett,Natalia Silva vs. Rose Namajunas,Derek Cleary,29,28,1,25,0,-0.75,0.0
2026-01-24,UFC 324: Gaethje vs. Pimblett,Natalia Silva vs. Rose Namajunas,Sal D'Amato,29,28,1,25,0,-0.75,0.0
2026-01-24,UFC 324: Gaethje vs. Pimblett,Natalia Silva vs. Rose Namajunas,David Lethaby,29,28,1,25,0,-0.75,0.0
2026-01-24,UFC 324: Gaethje vs. Pimblett,Arnold Allen vs. Jean Silva,Ron McCarthy,27,30,0,-18,-4,0.3666666666666666,0.0
2026-01-24,UFC 324: Gaethje vs. Pimblett,Arnold Allen vs. Jean Silva,Chris Lee,28,29,0,-18,-4,0.3666666666666666,0.0
2026-01-24,UFC 324: Gaethje vs. Pimblett,Arnold Allen vs. Jean Silva,Mike Bell,28,29,0,-18,-4,0.3666666666666666,0.0
2026-01-24,UFC 324: Gaethje vs. Pimblett,Umar Nurmagomedov vs. Deiveson Figueiredo,Derek Cleary,30,27,1,26,2,4.683333333333334,0.0
2026-01-24,UFC 324: Gaethje vs. Pimblett,Umar Nurmagomedov vs. Deiveson Figueiredo,Eric Colon,30,27,1,26,2,4.683333333333334,0.0
2026-01-24,UFC 324: Gaethje vs. Pimblett,Umar Nurmagomedov vs. Deiveson Figueiredo,Sal D'Amato,30,27,1,26,2,4.683333333333334,0.0
2026-01-24,UFC 324: Gaethje vs. Pimblett,Ateba Gautier vs. Andrey Pulyaev,Junichiro Kamijo,30,27,1,-25,0,0.0,2.0
2026-01-24,UFC 324: Gaethje vs. Pimblett,Ateba Gautier vs. Andrey Pulyaev,Chris Lee,29,28,1,-25,0,0.0,2.0
2026-01-24,UFC 324: Gaethje vs. Pimblett,Ateba Gautier vs. Andrey Pulyaev,David Lethaby,29,28,1,-25,0,0.0,2.0
2025-12-13,UFC Fight Night: Royval vs. Kape,Cesar Almeida vs. Cezary Oleksiejczuk,Mike Bell,27,30,0,-2,-6,-10.766666666666667,0.0
2025-12-13,UFC Fight Night: Royval vs. Kape,Cesar Almeida vs. Cezary Oleksiejczuk,Eric Colon,27,30,0,-2,-6,-10.766666666666667,0.0
2025-12-13,UFC Fight Night: Royval vs. Kape,Cesar Almeida vs. Cezary Oleksiejczuk,Junichiro Kamijo,27,30,0,-2,-6,-10.766666666666667,0.0
2025-12-13,UFC Fight Night: Royval vs. Kape,King Green vs. Lance Gibson Jr.,Eric Colon,29,28,1,35,-1,-0.43333333333333346,0.0
2025-12-13,UFC Fight Night: Royval vs. Kape,King Green vs. Lance Gibson Jr.,Junichiro Kamijo,28,29,0,35,-1,-0.43333333333333346,0.0
2025-12-13,UFC Fight Night: Royval vs. Kape,King Green vs. Lance Gibson Jr.,David Sutherland,29,28,1,35,-1,-0.43333333333333346,0.0
2025-12-13,UFC Fight Night: Royval vs. Kape,Joanderson Brito vs. Isaac Thomson,Mike Bell,29,28,1,12,4,4.983333333333333,0.0
2025-12-13,UFC Fight Night: Royval vs. Kape,Joanderson Brito vs. Isaac Thomson,Adalaide Byrd,29,28,1,12,4,4.983333333333333,0.0
2025-12-13,UFC Fight Night: Royval vs. Kape,Joanderson Brito vs. Isaac Thomson,Ron McCarthy,29,28,1,12,4,4.983333333333333,0.0
2025-12-13,UFC Fight Night: Royval vs. Kape,Melissa Croden vs. Luana Santos,Adalaide Byrd,28,29,0,10,-3,-8.616666666666667,0.0
2025-12-13,UFC Fight Night: Royval vs. Kape,Melissa Croden vs. Luana Santos,Eric Colon,28,29,0,10,-3,-8.616666666666667,0.0
2025-12-13,UFC Fight Night: Royval vs. Kape,Melissa Croden vs. Luana Santos,Sal D'Amato,27,30,0,10,-3,-8.616666666666667,0.0
2025-12-13,UFC Fight Night: Royval vs. Kape,Allen Frye Jr. vs. Guilherme Pat,Ron McCarthy,27,30,0,-31,0,7.183333333333333,0.0
2025-12-13,UFC Fight Night: Royval vs. Kape,Allen Frye Jr. vs. Guilherme Pat,Jerin Valel,27,30,0,-31,0,7.183333333333333,0.0
2025-12-13,UFC Fight Night: Royval vs. Kape,Allen Frye Jr. vs. Guilherme Pat,Tony Weeks,27,30,0,-31,0,7.183333333333333,0.0
2025-12-06,UFC 323: Dvalishvili vs. Yan 2,Merab Dvalishvili vs. Petr Yan,Mike Bell,46,49,0,-5,-3,2.283333333333333,0.0
2025-12-06,UFC 323: Dvalishvili vs. Yan 2,Merab Dvalishvili vs. Petr Yan,Eric Colon,46,49,0,-5,-3,2.283333333333333,0.0
2025-12-06,UFC 323: Dvalishvili vs. Yan 2,Merab Dvalishvili vs. Petr Yan,Derek Cleary,47,48,0,-5,-3,2.283333333333333,0.0
2025-12-06,UFC 323: Dvalishvili vs. Yan 2,Henry Cejudo vs. Payton Talbott,Eric Colon,27,30,0,-74,-2,-0.8666666666666663,-1.0
2025-12-06,UFC 323: Dvalishvili vs. Yan 2,Henry Cejudo vs. Payton Talbott,Sal D'Amato,27,30,0,-74,-2,-0.8666666666666663,-1.0
2025-12-06,UFC 323: Dvalishvili vs. Yan 2,Henry Cejudo vs. Payton Talbott,David Lethaby,27,30,0,-74,-2,-0.8666666666666663,-1.0
2025-12-06,UFC 323: Dvalishvili vs. Yan 2,Maycee Barber vs. Karine Silva,Sal D'Amato,30,27,1,34,1,2.8666666666666676,0.0
2025-12-06,UFC 323: Dvalishvili vs. Yan 2,Maycee Barber vs. Karine Silva,Mike Bell,29,28,1,34,1,2.8666666666666676,0.0
2025-12-06,UFC 323: Dvalishvili vs. Yan 2,Maycee Barber vs. Karine Silva,Derek Cleary,29,28,1,34,1,2.8666666666666676,0.0
2025-12-06,UFC 323: Dvalishvili vs. Yan 2,Marvin Vettori vs. Brunno Ferreira,Derek Cleary,28,29,0,11,0,1.05,0.0
2025-12-06,UFC 323: Dvalishvili vs. Yan 2,Marvin Vettori vs. Brunno Ferreira,Eric Colon,28,29,0,11,0,1.05,0.0
2025-12-06,UFC 323: Dvalishvili vs. Yan 2,Marvin Vettori vs. Brunno Ferreira,Junichiro Kamijo,28,29,0,11,0,1.05,0.0
2025-11-22,UFC Fight Night: Tsarukyan vs. Hooker,Belal Muhammad vs. Ian Machado Garry,Anders Ohlsson,27,30,0,-16,0,2.933333333333333,0.0
2025-11-22,UFC Fight Night: Tsarukyan vs. Hooker,Belal Muhammad vs. Ian Machado Garry,Vito Paolillo,27,30,0,-16,0,2.933333333333333,0.0
2025-11-22,UFC Fight Night: Tsarukyan vs. Hooker,Belal Muhammad vs. Ian Machado Garry,Mark Collett,28,29,0,-16,0,2.933333333333333,0.0
2025-11-22,UFC Fight Night: Tsarukyan vs. Hooker,Nicolas Dalby vs. Saygid Izagakhmaev,Ben Cartlidge,29,28,1,6,-4,1.1833333333333336,0.0
2025-11-22,UFC Fight Night: Tsarukyan vs. Hooker,Nicolas Dalby vs. Saygid Izagakhmaev,Vito Paolillo,28,29,0,6,-4,1.1833333333333336,0.0
2025-11-22,UFC Fight Night: Tsarukyan vs. Hooker,Nicolas Dalby vs. Saygid Izagakhmaev,Cezary Wojciechowski,29,28,1,6,-4,1.1833333333333336,0.0
2025-11-22,UFC Fight Night: Tsarukyan vs. Hooker,Bekzat Almakhan vs. Aleksandre Topuria,Ben Cartlidge,27,30,0,-8,-2,-2.3166666666666664,0.0
2025-11-22,UFC Fight Night: Tsarukyan vs. Hooker,Bekzat Almakhan vs. Aleksandre Topuria,Cezary Wojciechowski,27,30,0,-8,-2,-2.3166666666666664,0.0
2025-11-22,UFC Fight Night: Tsarukyan vs. Hooker,Bekzat Almakhan vs. Aleksandre Topuria,Anders Ohlsson,28,29,0,-8,-2,-2.3166666666666664,0.0
2025-11-22,UFC Fight Night: Tsarukyan vs. Hooker,Nurullo Aliev vs. Shem Rock,Ben Cartlidge,30,27,1,7,0,3.2,0.0
2025-11-22,UFC Fight Night: Tsarukyan vs. Hooker,Nurullo Aliev vs. Shem Rock,Anders Ohlsson,30,27,1,7,0,3.2,0.0
2025-11-22,UFC Fight Night: Tsarukyan vs. Hooker,Nurullo Aliev vs. Shem Rock,Cezary Wojciechowski,30,27,1,7,0,3.2,0.0
2025-11-22,UFC Fight Night: Tsarukyan vs. Hooker,Marek Bujlo vs. Denzel Freeman,Vito Paolillo,27,30,0,-18,0,0.4666666666666667,0.0
2025-11-22,UFC Fight Night: Tsarukyan vs. Hooker,Marek Bujlo vs. Denzel Freeman,Mark Collett,28,29,0,-18,0,0.4666666666666667,0.0
2025-11-22,UFC Fight Night: Tsarukyan vs. Hooker,Marek Bujlo vs. Denzel Freeman,David Lethaby,28,29,0,-18,0,0.4666666666666667,0.0
2025-11-15,UFC 322: Della Maddalena vs. Makhachev,Jack Della Maddalena vs. Islam Makhachev,Derek Cleary,45,50,0,-12,-4,-19.166666666666668,0.0
2025-11-15,UFC 322: Della Maddalena vs. Makhachev,Jack Della Maddalena vs. Islam Makhachev,Sal D'Amato,45,50,0,-12,-4,-19.166666666666668,0.0
2025-11-15,UFC 322: Della Maddalena vs. Makhachev,Jack Della Maddalena vs. Islam Makhachev,Ron McCarthy,45,50,0,-12,-4,-19.166666666666668,0.0
2025-11-15,UFC 322: Della Maddalena vs. Makhachev,Valentina Shevchenko vs. Zhang Weili,Chris Bolinski,50,45,1,9,5,12.633333333333333,0.0
2025-11-15,UFC 322: Della Maddalena vs. Makhachev,Valentina Shevchenko vs. Zhang Weili,Eric Colon,50,45,1,9,5,12.633333333333333,0.0
2025-11-15,UFC 322: Della Maddalena vs. Makhachev,Valentina Shevchenko vs. Zhang Weili,Chris Lee,50,45,1,9,5,12.633333333333333,0.0
2025-11-15,UFC 322: Della Maddalena vs. Makhachev,Roman Kopylov vs. Gregory Rodrigues,Eric Colon,27,30,0,-38,2,0.18333333333333335,0.0
2025-11-15,UFC 322: Della Maddalena vs. Makhachev,Roman Kopylov vs. Gregory Rodrigues,Marcel Varela,27,30,0,-38,2,0.18333333333333335,0.0
2025-11-15,UFC 322: Della Maddalena vs. Makhachev,Roman Kopylov vs. Gregory Rodrigues,Sal D'Amato,28,29,0,-38,2,0.18333333333333335,0.0
2025-11-15,UFC 322: Della Maddalena vs. Makhachev,Malcolm Wellmaker vs. Ethyn Ewing,Chris Bolinski,27,30,0,-8,-3,-0.13333333333333353,0.0
2025-11-15,UFC 322: Della Maddalena vs. Makhachev,Malcolm Wellmaker vs. Ethyn Ewing,Ron McCarthy,28,29,0,-8,-3,-0.13333333333333353,0.0
2025-11-15,UFC 322: Della Maddalena vs. Makhachev,Malcolm Wellmaker vs. Ethyn Ewing,Marcel Varela,28,29,0,-8,-3,-0.13333333333333353,0.0
2025-11-15,UFC 322: Della Maddalena vs. Makhachev,Pat Sabatini vs. Chepe Mariscal,Adrian Castro,30,27,1,5,7,9.816666666666666,0.0
2025-11-15,UFC 322: Della Maddalena vs. Makhachev,Pat Sabatini vs. Chepe Mariscal,Sal D'Amato,30,27,1,5,7,9.816666666666666,0.0
2025-11-15,UFC 322: Della Maddalena vs. Makhachev,Pat Sabatini vs. Chepe Mariscal,Chris Lee,30,27,1,5,7,9.816666666666666,0.0
2025-11-15,UFC 322: Della Maddalena vs. Makhachev,Angela Hill vs. Fatima Kline,Chris Bolinski,27,30,0,-59,-4,-4.783333333333333,0.0
2025-11-15,UFC 322: Della Maddalena vs. Makhachev,Angela Hill vs. Fatima Kline,Marcel Varela,26,30,0,-59,-4,-4.783333333333333,0.0
2025-11-15,UFC 322: Della Maddalena vs. Makhachev,Angela Hill vs. Fatima Kline,Eric Colon,28,29,0,-59,-4,-4.783333333333333,0.0
2025-11-15,UFC 322: Della Maddalena vs. Makhachev,Viacheslav Borshchev vs. Matheus Camilo,Adrian Castro,27,30,0,26,-5,-2.966666666666667,0.0
2025-11-15,UFC 322: Della Maddalena vs. Makhachev,Viacheslav Borshchev vs. Matheus Camilo,Marcel Varela,27,30,0,26,-5,-2.966666666666667,0.0
2025-11-15,UFC 322: Della Maddalena vs. Makhachev,Viacheslav Borshchev vs. Matheus Camilo,Chris Bolinski,28,29,0,26,-5,-2.966666666666667,0.0
2025-11-08,UFC Fight Night: Bonfim vs. Brown,Hyder Amil vs. Jamall Emmers,Saleem Haniff,27,29,0,-3,-7,-8.299999999999999,0.0
2025-11-08,UFC Fight Night: Bonfim vs. Brown,Hyder Amil vs. Jamall Emmers,Ben Cartlidge,27,30,0,-3,-7,-8.299999999999999,0.0
2025-11-08,UFC Fight Night: Bonfim vs. Brown,Hyder Amil vs. Jamall Emmers,Chris Lee,27,30,0,-3,-7,-8.299999999999999,0.0
2025-11-08,UFC Fight Night: Bonfim vs. Brown,Ricky Simon vs. Raoni Barcelos,Eric Colon,28,29,0,-15,-1,1.2666666666666666,0.0
2025-11-08,UFC Fight Night: Bonfim vs. Brown,Ricky Simon vs. Raoni Barcelos,Sal D'Amato,28,29,0,-15,-1,1.2666666666666666,0.0
2025-11-08,UFC Fight Night: Bonfim vs. Brown,Ricky Simon vs. Raoni Barcelos,Junichiro Kamijo,28,29,0,-15,-1,1.2666666666666666,0.0
2025-11-08,UFC Fight Night: Bonfim vs. Brown,Mayra Bueno Silva vs. Jacqueline Cavalcanti,Eric Colon,27,30,0,-41,0,0.2833333333333332,0.0
2025-11-08,UFC Fight Night: Bonfim vs. Brown,Mayra Bueno Silva vs. Jacqueline Cavalcanti,Sal D'Amato,27,30,0,-41,0,0.2833333333333332,0.0
2025-11-08,UFC Fight Night: Bonfim vs. Brown,Mayra Bueno Silva vs. Jacqueline Cavalcanti,Chris Lee,28,29,0,-41,0,0.2833333333333332,0.0
2025-11-08,UFC Fight Night: Bonfim vs. Brown,Tecia Pennington vs. Denise Gomes,Eric Colon,27,30,0,5,-2,-3.316666666666667,0.0
2025-11-08,UFC Fight Night: Bonfim vs. Brown,Tecia Pennington vs. Denise Gomes,Sal D'Amato,27,30,0,5,-2,-3.316666666666667,0.0
2025-11-08,UFC Fight Night: Bonfim vs. Brown,Tecia Pennington vs. Denise Gomes,Chris Lee,27,30,0,5,-2,-3.316666666666667,0.0
2025-11-01,UFC Fight Night: Garcia vs. Onama,Jeremiah Wells vs. Themba Gorimbo,Eric Colon,29,28,1,14,-3,0.43333333333333357,0.0
2025-11-01,UFC Fight Night: Garcia vs. Onama,Jeremiah Wells vs. Themba Gorimbo,Junichiro Kamijo,29,28,1,14,-3,0.43333333333333357,0.0
2025-11-01,UFC Fight Night: Garcia vs. Onama,Jeremiah Wells vs. Themba Gorimbo,Ron McCarthy,29,28,1,14,-3,0.43333333333333357,0.0
2025-11-01,UFC Fight Night: Garcia vs. Onama,Timmy Cuamba vs. ChangHo Lee,Derek Cleary,29,28,1,8,-1,-0.5000000000000009,0.0
2025-11-01,UFC Fight Night: Garcia vs. Onama,Timmy Cuamba vs. ChangHo Lee,Junichiro Kamijo,29,28,1,8,-1,-0.5000000000000009,0.0
2025-11-01,UFC Fight Night: Garcia vs. Onama,Timmy Cuamba vs. ChangHo Lee,Ron McCarthy,29,28,1,8,-1,-0.5000000000000009,0.0
2025-11-01,UFC Fight Night: Garcia vs. Onama,Ketlen Vieira vs. Norma Dumont,Derek Cleary,28,29,0,-37,2,5.133333333333333,0.0
2025-11-01,UFC Fight Night: Garcia vs. Onama,Ketlen Vieira vs. Norma Dumont,Ron McCarthy,29,28,1,-37,2,5.133333333333333,0.0
2025-11-01,UFC Fight Night: Garcia vs. Onama,Ketlen Vieira vs. Norma Dumont,Eric Colon,28,29,0,-37,2,5.133333333333333,0.0
2025-11-01,UFC Fight Night: Garcia vs. Onama,Alice Ardelean vs. Montserrat Conejo Ruiz,Adalaide Byrd,30,27,1,53,0,0.2,0.0
2025-11-01,UFC Fight Night: Garcia vs. Onama,Alice Ardelean vs. Montserrat Conejo Ruiz,Derek Cleary,30,27,1,53,0,0.2,0.0
2025-11-01,UFC Fight Night: Garcia vs. Onama,Alice Ardelean vs. Montserrat Conejo Ruiz,Ron McCarthy,30,27,1,53,0,0.2,0.0
2025-11-01,UFC Fight Night: Garcia vs. Onama,Phil Rowe vs. Seokhyeon Ko,David Lethaby,26,30,0,-32,-4,-13.05,0.0
2025-11-01,UFC Fight Night: Garcia vs. Onama,Phil Rowe vs. Seokhyeon Ko,Eric Colon,27,30,0,-32,-4,-13.05,0.0
2025-11-01,UFC Fight Night: Garcia vs. Onama,Phil Rowe vs. Seokhyeon Ko,David Sutherland,27,30,0,-32,-4,-13.05,0.0
2025-10-25,UFC 321: Aspinall vs. Gane,Virna Jandiroba vs. Mackenzie Dern,Mike Bell,47,48,0,-12,7,5.366666666666667,0.0
2025-10-25,UFC 321: Aspinall vs. Gane,Virna Jandiroba vs. Mackenzie Dern,Chris Lee,47,48,0,-12,7,5.366666666666667,0.0
2025-10-25,UFC 321: Aspinall vs. Gane,Virna Jandiroba vs. Mackenzie Dern,Sal D'Amato,46,49,0,-12,7,5.366666666666667,0.0
2025-10-25,UFC 321: Aspinall vs. Gane,Umar Nurmagomedov vs. Mario Bautista,Ben Cartlidge,30,27,1,12,11,10.700000000000001,-1.0
2025-10-25,UFC 321: Aspinall vs. Gane,Umar Nurmagomedov vs. Mario Bautista,Chris Lee,30,27,1,12,11,10.700000000000001,-1.0
2025-10-25,UFC 321: Aspinall vs. Gane,Umar Nurmagomedov vs. Mario Bautista,Jacob Montalvo,30,27,1,12,11,10.700000000000001,-1.0
2025-10-25,UFC 321: Aspinall vs. Gane,Alexander Volkov vs. Jailton Almeida,Tony Weeks,29,28,1,15,-7,-7.833333333333333,0.0
2025-10-25,UFC 321: Aspinall vs. Gane,Alexander Volkov vs. Jailton Almeida,Mike Bell,28,29,0,15,-7,-7.833333333333333,0.0
2025-10-25,UFC 321: Aspinall vs. Gane,Alexander Volkov vs. Jailton Almeida,Clemens Werner,29,28,1,15,-7,-7.833333333333333,0.0
2025-10-25,UFC 321: Aspinall vs. Gane,Ikram Aliskerov vs. JunYong Park,Ben Cartlidge,30,27,1,13,5,5.800000000000001,0.0
2025-10-25,UFC 321: Aspinall vs. Gane,Ikram Aliskerov vs. JunYong Park,Sal D'Amato,30,27,1,13,5,5.800000000000001,0.0
2025-10-25,UFC 321: Aspinall vs. Gane,Ikram Aliskerov vs. JunYong Park,Clemens Werner,30,27,1,13,5,5.800000000000001,0.0
2025-10-25,UFC 321: Aspinall vs. Gane,Ludovit Klein vs. Mateusz Rebecki,Chris Lee,29,28,1,10,-3,-5.05,0.0
2025-10-25,UFC 321: Aspinall vs. Gane,Ludovit Klein vs. Mateusz Rebecki,Ben Cartlidge,28,27,1,10,-3,-5.05,0.0
2025-10-25,UFC 321: Aspinall vs. Gane,Nathaniel Wood vs. Jose Delgado,Ben Cartlidge,29,28,1,-35,2,-0.5000000000000001,0.0
2025-10-25,UFC 321: Aspinall vs. Gane,Nathaniel Wood vs. Jose Delgado,Sal D'Amato,29,28,1,-35,2,-0.5000000000000001,0.0
2025-10-25,UFC 321: Aspinall vs. Gane,Nathaniel Wood vs. Jose Delgado,Clemens Werner,29,28,1,-35,2,-0.5000000000000001,0.0
2025-10-25,UFC 321: Aspinall vs. Gane,Hamdy Abdelwahab vs. Chris Barnett,Mike Bell,29,26,1,81,9,10.8,0.0
2025-10-25,UFC 321: Aspinall vs. Gane,Hamdy Abdelwahab vs. Chris Barnett,Chris Lee,29,27,1,81,9,10.8,0.0
2025-10-25,UFC 321: Aspinall vs. Gane,Hamdy Abdelwahab vs. Chris Barnett,Jacob Montalvo,29,27,1,81,9,10.8,0.0
2025-10-25,UFC 321: Aspinall vs. Gane,Azat Maksum vs. Mitch Raposo,Ben Cartlidge,26,30,0,-11,7,4.633333333333333,0.0
2025-10-25,UFC 321: Aspinall vs. Gane,Azat Maksum vs. Mitch Raposo,Tony Weeks,27,29,0,-11,7,4.633333333333333,0.0
2025-10-25,UFC 321: Aspinall vs. Gane,Azat Maksum vs. Mitch Raposo,Clemens Werner,27,29,0,-11,7,4.633333333333333,0.0
2025-10-25,UFC 321: Aspinall vs. Gane,Jaqueline Amorim vs. Mizuki,Mike Bell,27,30,0,-36,0,-5.75,-1.0
2025-10-25,UFC 321: Aspinall vs. Gane,Jaqueline Amorim vs. Mizuki,Jacob Montalvo,27,30,0,-36,0,-5.75,-1.0
2025-10-25,UFC 321: Aspinall vs. Gane,Jaqueline Amorim vs. Mizuki,Sal D'Amato,28,29,0,-36,0,-5.75,-1.0
2025-10-18,UFC Fight Night: De Ridder vs. Allen,Kevin Holland vs. Mike Malott,Jake Maxim,28,29,0,3,0,-2.0666666666666664,0.0
2025-10-18,UFC Fight Night: De Ridder vs. Allen,Kevin Holland vs. Mike Malott,Mike Bell,28,29,0,3,0,-2.0666666666666664,0.0
2025-10-18,UFC Fight Night: De Ridder vs. Allen,Kevin Holland vs. Mike Malott,Sal D'Amato,28,29,0,3,0,-2.0666666666666664,0.0
2025-10-18,UFC Fight Night: De Ridder vs. Allen,Marlon Vera vs. Aiemann Zahabi,Jake Maxim,28,29,0,-25,0,0.05,1.0
2025-10-18,UFC Fight Night: De Ridder vs. Allen,Marlon Vera vs. Aiemann Zahabi,Sal D'Amato,29,28,1,-25,0,0.05,1.0
2025-10-18,UFC Fight Night: De Ridder vs. Allen,Marlon Vera vs. Aiemann Zahabi,Mike Bell,28,29,0,-25,0,0.05,1.0
2025-10-18,UFC Fight Night: De Ridder vs. Allen,Kyle Nelson vs. Matt Frevola,Sal D'Amato,30,27,1,20,0,1.216666666666667,1.0
2025-10-18,UFC Fight Night: De Ridder vs. Allen,Kyle Nelson vs. Matt Frevola,Jake Maxim,29,28,1,20,0,1.216666666666667,1.0
2025-10-18,UFC Fight Night: De Ridder vs. Allen,Kyle Nelson vs. Matt Frevola,Mike Bell,29,28,1,20,0,1.216666666666667,1.0
2025-10-18,UFC Fight Night: De Ridder vs. Allen,Danny Barlow vs. Djorden Santos,Jake Maxim,28,29,0,-6,0,-1.9166666666666665,0.0
2025-10-18,UFC Fight Night: De Ridder vs. Allen,Danny Barlow vs. Djorden Santos,Mike Bell,28,29,0,-6,0,-1.9166666666666665,0.0
2025-10-18,UFC Fight Night: De Ridder vs. Allen,Danny Barlow vs. Djorden Santos,Saleem Haniff,28,29,0,-6,0,-1.9166666666666665,0.0
2025-10-11,UFC Fight Night: Oliveira vs. Gamrot,Deiveson Figueiredo vs. Montel Jackson,Clemens Werner,29,28,1,-7,1,2.2666666666666666,0.0
2025-10-11,UFC Fight Night: Oliveira vs. Gamrot,Deiveson Figueiredo vs. Montel Jackson,Fabio Alves,28,29,0,-7,1,2.2666666666666666,0.0
2025-10-11,UFC Fight Night: Oliveira vs. Gamrot,Deiveson Figueiredo vs. Montel Jackson,Jerin Valel,29,28,1,-7,1,2.2666666666666666,0.0
2025-10-11,UFC Fight Night: Oliveira vs. Gamrot,Vicente Luque vs. Joel Alvarez,Mateus Fonseca,26,30,0,-59,-1,-6.5,0.0
2025-10-11,UFC Fight Night: Oliveira vs. Gamrot,Vicente Luque vs. Joel Alvarez,Sal D'Amato,26,30,0,-59,-1,-6.5,0.0
2025-10-11,UFC Fight Night: Oliveira vs. Gamrot,Vicente Luque vs. Joel Alvarez,David Lethaby,26,30,0,-59,-1,-6.5,0.0
2025-10-11,UFC Fight Night: Oliveira vs. Gamrot,Lucas Rocha vs. Stewart Nicoll,Mateus Fonseca,30,27,1,70,1,-0.08333333333333326,0.0
2025-10-11,UFC Fight Night: Oliveira vs. Gamrot,Lucas Rocha vs. Stewart Nicoll,Sal D'Amato,30,27,1,70,1,-0.08333333333333326,0.0
2025-10-11,UFC Fight Night: Oliveira vs. Gamrot,Lucas Rocha vs. Stewart Nicoll,Jerin Valel,30,27,1,70,1,-0.08333333333333326,0.0
2025-10-04,UFC 320: Ankalaev vs. Pereira 2,Merab Dvalishvili vs. Cory Sandhagen,Mike Bell,49,45,1,34,20,10.033333333333333,0.0
2025-10-04,UFC 320: Ankalaev vs. Pereira 2,Merab Dvalishvili vs. Cory Sandhagen,Ben Cartlidge,49,45,1,34,20,10.033333333333333,0.0
2025-10-04,UFC 320: Ankalaev vs. Pereira 2,Merab Dvalishvili vs. Cory Sandhagen,Eric Colon,49,46,1,34,20,10.033333333333333,0.0
2025-10-04,UFC 320: Ankalaev vs. Pereira 2,Patchy Mix vs. Jakub Wiklacz,Mike Bell,28,29,0,-9,5,5.616666666666666,0.0
2025-10-04,UFC 320: Ankalaev vs. Pereira 2,Patchy Mix vs. Jakub Wiklacz,Ben Cartlidge,29,28,1,-9,5,5.616666666666666,0.0
2025-10-04,UFC 320: Ankalaev vs. Pereira 2,Patchy Mix vs. Jakub Wiklacz,Derek Cleary,28,29,0,-9,5,5.616666666666666,0.0
2025-10-04,UFC 320: Ankalaev vs. Pereira 2,Punahele Soriano vs. Nikolay Veretennikov,Mike Bell,30,27,1,30,4,11.766666666666666,0.0
2025-10-04,UFC 320: Ankalaev vs. Pereira 2,Punahele Soriano vs. Nikolay Veretennikov,Derek Cleary,30,27,1,30,4,11.766666666666666,0.0
2025-10-04,UFC 320: Ankalaev vs. Pereira 2,Punahele Soriano vs. Nikolay Veretennikov,Chris Lee,30,27,1,30,4,11.766666666666666,0.0
2025-10-04,UFC 320: Ankalaev vs. Pereira 2,Macy Chiasson vs. Yana Santos,Ben Cartlidge,28,29,0,-11,2,2.9000000000000004,0.0
2025-10-04,UFC 320: Ankalaev vs. Pereira 2,Macy Chiasson vs. Yana Santos,Sal D'Amato,28,29,0,-11,2,2.9000000000000004,0.0
2025-10-04,UFC 320: Ankalaev vs. Pereira 2,Macy Chiasson vs. Yana Santos,Junichiro Kamijo,28,29,0,-11,2,2.9000000000000004,0.0
2025-10-04,UFC 320: Ankalaev vs. Pereira 2,Chris Gutierrez vs. Farid Basharat,Derek Cleary,28,29,0,-10,-1,-2.75,0.0
2025-10-04,UFC 320: Ankalaev vs. Pereira 2,Chris Gutierrez vs. Farid Basharat,Eric Colon,28,29,0,-10,-1,-2.75,0.0
2025-10-04,UFC 320: Ankalaev vs. Pereira 2,Chris Gutierrez vs. Farid Basharat,Sal D'Amato,28,29,0,-10,-1,-2.75,0.0
2025-10-04,UFC 320: Ankalaev vs. Pereira 2,Veronica Hardy vs. Brogan Walker,Derek Cleary,30,27,1,17,-3,-0.31666666666666643,1.0
2025-10-04,UFC 320: Ankalaev vs. Pereira 2,Veronica Hardy vs. Brogan Walker,Chris Lee,30,27,1,17,-3,-0.31666666666666643,1.0
2025-10-04,UFC 320: Ankalaev vs. Pereira 2,Veronica Hardy vs. Brogan Walker,Clemens Werner,30,27,1,17,-3,-0.31666666666666643,1.0
2025-09-27,UFC Fight Night: Ulberg vs. Reyes,Jack Jenkins vs. Ramon Taveras,Evan Field,30,27,1,22,3,2.316666666666667,0.0
2025-09-27,UFC Fight Night: Ulberg vs. Reyes,Jack Jenkins vs. Ramon Taveras,Clemens Werner,30,27,1,22,3,2.316666666666667,0.0
2025-09-27,UFC Fight Night: Ulberg vs. Reyes,Jack Jenkins vs. Ramon Taveras,Ben Cartlidge,29,28,1,22,3,2.316666666666667,0.0
2025-09-27,UFC Fight Night: Ulberg vs. Reyes,Navajo Stirling vs. Rodolfo Bellato,Nathan Pintabona,30,27,1,38,-1,1.5,0.0
2025-09-27,UFC Fight Night: Ulberg vs. Reyes,Navajo Stirling vs. Rodolfo Bellato,Clemens Werner,30,27,1,38,-1,1.5,0.0
2025-09-27,UFC Fight Night: Ulberg vs. Reyes,Navajo Stirling vs. Rodolfo Bellato,Evan Field,29,28,1,38,-1,1.5,0.0
2025-09-27,UFC Fight Night: Ulberg vs. Reyes,Jamie Mullarkey vs. Rolando Bedoya,Ben Cartlidge,29,28,1,-3,3,5.566666666666666,0.0
2025-09-27,UFC Fight Night: Ulberg vs. Reyes,Jamie Mullarkey vs. Rolando Bedoya,Evan Field,29,28,1,-3,3,5.566666666666666,0.0
2025-09-27,UFC Fight Night: Ulberg vs. Reyes,Jamie Mullarkey vs. Rolando Bedoya,David Lethaby,29,28,1,-3,3,5.566666666666666,0.0
2025-09-27,UFC Fight Night: Ulberg vs. Reyes,Colby Thicknesse vs. Josias Musasa,Mick Meany,29,28,1,19,1,6.883333333333333,0.0
2025-09-27,UFC Fight Night: Ulberg vs. Reyes,Colby Thicknesse vs. Josias Musasa,Sal D'Amato,29,28,1,19,1,6.883333333333333,0.0
2025-09-27,UFC Fight Night: Ulberg vs. Reyes,Colby Thicknesse vs. Josias Musasa,Clemens Werner,29,28,1,19,1,6.883333333333333,0.0
2025-09-27,UFC Fight Night: Ulberg vs. Reyes,Michelle Montague vs. Luana Carolina,Ben Cartlidge,29,26,1,-7,5,10.716666666666667,0.0
2025-09-27,UFC Fight Night: Ulberg vs. Reyes,Michelle Montague vs. Luana Carolina,Evan Field,30,25,1,-7,5,10.716666666666667,0.0
2025-09-27,UFC Fight Night: Ulberg vs. Reyes,Michelle Montague vs. Luana Carolina,Nathan Pintabona,30,26,1,-7,5,10.716666666666667,0.0
2025-09-27,UFC Fight Night: Ulberg vs. Reyes,Loma Lookboonmee vs. Alexia Thainara,Nathan Pintabona,27,30,0,-14,-5,-9.85,0.0
2025-09-27,UFC Fight Night: Ulberg vs. Reyes,Loma Lookboonmee vs. Alexia Thainara,Evan Field,27,30,0,-14,-5,-9.85,0.0
2025-09-27,UFC Fight Night: Ulberg vs. Reyes,Loma Lookboonmee vs. Alexia Thainara,Clemens Werner,27,30,0,-14,-5,-9.85,0.0
2025-09-06,UFC Fight Night: Imavov vs. Borralho,Nassourdine Imavov vs. Caio Borralho,Derek Cleary,50,45,1,15,0,-0.8499999999999999,0.0
2025-09-06,UFC Fight Night: Imavov vs. Borralho,Nassourdine Imavov vs. Caio Borralho,Ben Cartlidge,49,46,1,15,0,-0.8499999999999999,0.0
2025-09-06,UFC Fight Night: Imavov vs. Borralho,Nassourdine Imavov vs. Caio Borralho,David Lethaby,49,46,1,15,0,-0.8499999999999999,0.0
2025-09-06,UFC Fight Night: Imavov vs. Borralho,William Gomis vs. Robert Ruchala,Ben Cartlidge,30,27,1,15,0,-3.6500000000000004,0.0
2025-09-06,UFC Fight Night: Imavov vs. Borralho,William Gomis vs. Robert Ruchala,Derek Cleary,29,28,1,15,0,-3.6500000000000004,0.0
2025-09-06,UFC Fight Night: Imavov vs. Borralho,William Gomis vs. Robert Ruchala,Clemens Werner,29,28,1,15,0,-3.6500000000000004,0.0
2025-08-23,UFC Fight Night: Walker vs. Zhang,Brian Ortega vs. Aljamain Sterling,Ben Cartlidge,45,50,0,-69,-3,-3.783333333333333,0.0
2025-08-23,UFC Fight Night: Walker vs. Zhang,Brian Ortega vs. Aljamain Sterling,David Lethaby,45,50,0,-69,-3,-3.783333333333333,0.0
2025-08-23,UFC Fight Night: Walker vs. Zhang,Brian Ortega vs. Aljamain Sterling,Vito Paolillo,45,50,0,-69,-3,-3.783333333333333,0.0
2025-08-23,UFC Fight Night: Walker vs. Zhang,Sergei Pavlovich vs. Waldo Cortes Acosta,Evan Field,30,27,1,16,0,0.13333333333333333,0.0
2025-08-23,UFC Fight Night: Walker vs. Zhang,Sergei Pavlovich vs. Waldo Cortes Acosta,Mark Christie,29,28,1,16,0,0.13333333333333333,0.0
2025-08-23,UFC Fight Night: Walker vs. Zhang,Sergei Pavlovich vs. Waldo Cortes Acosta,Clemens Werner,29,28,1,16,0,0.13333333333333333,0.0
2025-08-23,UFC Fight Night: Walker vs. Zhang,Sumudaerji vs. Kevin Borjas,Ben Cartlidge,30,27,1,57,0,-3.2,0.0
2025-08-23,UFC Fight Night: Walker vs. Zhang,Sumudaerji vs. Kevin Borjas,Mark Christie,30,27,1,57,0,-3.2,0.0
2025-08-23,UFC Fight Night: Walker vs. Zhang,Sumudaerji vs. Kevin Borjas,Dave Tirelli,30,27,1,57,0,-3.2,0.0
2025-08-23,UFC Fight Night: Walker vs. Zhang,Maheshate vs. Gauge Young,David Lethaby,27,30,0,-46,-3,-3.65,0.0
2025-08-23,UFC Fight Night: Walker vs. Zhang,Maheshate vs. Gauge Young,Ben Cartlidge,28,29,0,-46,-3,-3.65,0.0
2025-08-23,UFC Fight Night: Walker vs. Zhang,Maheshate vs. Gauge Young,Evan Field,28,29,0,-46,-3,-3.65,0.0
2025-08-23,UFC Fight Night: Walker vs. Zhang,Rongzhu vs. Austin Hubbard,Clemens Werner,30,27,1,26,-2,-1.0333333333333334,0.0
2025-08-23,UFC Fight Night: Walker vs. Zhang,Rongzhu vs. Austin Hubbard,David Lethaby,29,28,1,26,-2,-1.0333333333333334,0.0
2025-08-23,UFC Fight Night: Walker vs. Zhang,Rongzhu vs. Austin Hubbard,Evan Field,29,28,1,26,-2,-1.0333333333333334,0.0
2025-08-23,UFC Fight Night: Walker vs. Zhang,Xiao Long vs. SuYoung You,Ben Cartlidge,28,29,0,10,0,0.21666666666666665,0.0
2025-08-23,UFC Fight Night: Walker vs. Zhang,Xiao Long vs. SuYoung You,Mark Christie,28,29,0,10,0,0.21666666666666665,0.0
2025-08-23,UFC Fight Night: Walker vs. Zhang,Xiao Long vs. SuYoung You,Dave Tirelli,28,29,0,10,0,0.21666666666666665,0.0
2025-08-16,UFC 319: Du Plessis vs. Chimaev,Dricus Du Plessis vs. Khamzat Chimaev,Sal D'Amato,44,50,0,-24,-11,-20.783333333333335,0.0
2025-08-16,UFC 319: Du Plessis vs. Chimaev,Dricus Du Plessis vs. Khamzat Chimaev,Ron McCarthy,44,50,0,-24,-11,-20.783333333333335,0.0
2025-08-16,UFC 319: Du Plessis vs. Chimaev,Dricus Du Plessis vs. Khamzat Chimaev,Derek Cleary,44,50,0,-24,-11,-20.783333333333335,0.0
2025-08-16,UFC 319: Du Plessis vs. Chimaev,Jared Cannonier vs. Michael Page,Sal D'Amato,28,29,0,-9,2,8.216666666666667,0.0
2025-08-16,UFC 319: Du Plessis vs. Chimaev,Jared Cannonier vs. Michael Page,Derek Cleary,28,29,0,-9,2,8.216666666666667,0.0
2025-08-16,UFC 319: Du Plessis vs. Chimaev,Jared Cannonier vs. Michael Page,Brandon Mason,28,29,0,-9,2,8.216666666666667,0.0
2025-08-16,UFC 319: Du Plessis vs. Chimaev,Jessica Andrade vs. Loopy Godinez,Ron McCarthy,28,29,0,-17,-1,-1.2666666666666666,0.0
2025-08-16,UFC 319: Du Plessis vs. Chimaev,Jessica Andrade vs. Loopy Godinez,Eric Colon,28,29,0,-17,-1,-1.2666666666666666,0.0
2025-08-16,UFC 319: Du Plessis vs. Chimaev,Jessica Andrade vs. Loopy Godinez,Josh Stewart,28,29,0,-17,-1,-1.2666666666666666,0.0
2025-08-16,UFC 319: Du Plessis vs. Chimaev,Edson Barboza vs. Drakkar Klose,Sal D'Amato,28,29,0,18,0,1.2833333333333337,0.0
2025-08-16,UFC 319: Du Plessis vs. Chimaev,Edson Barboza vs. Drakkar Klose,Derek Cleary,28,29,0,18,0,1.2833333333333337,0.0
2025-08-16,UFC 319: Du Plessis vs. Chimaev,Edson Barboza vs. Drakkar Klose,Brandon Mason,28,29,0,18,0,1.2833333333333337,0.0
2025-08-16,UFC 319: Du Plessis vs. Chimaev,Karine Silva vs. Dione Barbosa,Eric Colon,29,28,1,-5,-2,-2.9166666666666674,0.0
2025-08-16,UFC 319: Du Plessis vs. Chimaev,Karine Silva vs. Dione Barbosa,Scot Jones,29,28,1,-5,-2,-2.9166666666666674,0.0
2025-08-16,UFC 319: Du Plessis vs. Chimaev,Karine Silva vs. Dione Barbosa,Josh Stewart,29,28,1,-5,-2,-2.9166666666666674,0.0
2025-08-09,UFC Fight Night: Dolidze vs. Hernandez,Steve Erceg vs. Ode Osbourne,Ben Cartlidge,29,28,1,-15,2,3.633333333333333,0.0
2025-08-09,UFC Fight Night: Dolidze vs. Hernandez,Steve Erceg vs. Ode Osbourne,Eric Colon,29,28,1,-15,2,3.633333333333333,0.0
2025-08-09,UFC Fight Night: Dolidze vs. Hernandez,Steve Erceg vs. Ode Osbourne,Junichiro Kamijo,29,28,1,-15,2,3.633333333333333,0.0
2025-08-09,UFC Fight Night: Dolidze vs. Hernandez,Iasmin Lucindo vs. Angela Hill,Mike Bell,30,27,1,8,3,4.300000000000001,0.0
2025-08-09,UFC Fight Night: Dolidze vs. Hernandez,Iasmin Lucindo vs. Angela Hill,Sal D'Amato,30,27,1,8,3,4.300000000000001,0.0
2025-08-09,UFC Fight Night: Dolidze vs. Hernandez,Iasmin Lucindo vs. Angela Hill,Ben Cartlidge,29,28,1,8,3,4.300000000000001,0.0
2025-08-09,UFC Fight Night: Dolidze vs. Hernandez,Andre Fili vs. Christian Rodriguez,Eric Colon,29,28,1,-19,2,0.11666666666666647,0.0
2025-08-09,UFC Fight Night: Dolidze vs. Hernandez,Andre Fili vs. Christian Rodriguez,Chris Lee,28,29,0,-19,2,0.11666666666666647,0.0
2025-08-09,UFC Fight Night: Dolidze vs. Hernandez,Andre Fili vs. Christian Rodriguez,Anthony Maness,30,27,1,-19,2,0.11666666666666647,0.0
2025-08-09,UFC Fight Night: Dolidze vs. Hernandez,Miles Johns vs. Jean Matsumoto,Mike Bell,28,29,0,-12,5,2.2666666666666666,0.0
2025-08-09,UFC Fight Night: Dolidze vs. Hernandez,Miles Johns vs. Jean Matsumoto,Ben Cartlidge,29,28,1,-12,5,2.2666666666666666,0.0
2025-08-09,UFC Fight Night: Dolidze vs. Hernandez,Miles Johns vs. Jean Matsumoto,Sal D'Amato,28,29,0,-12,5,2.2666666666666666,0.0
2025-08-09,UFC Fight Night: Dolidze vs. Hernandez,Julius Walker vs. Rafael Cerquiera,Chris Lee,30,27,1,25,6,11.316666666666666,1.0
2025-08-09,UFC Fight Night: Dolidze vs. Hernandez,Julius Walker vs. Rafael Cerquiera,Anthony Maness,30,27,1,25,6,11.316666666666666,1.0
2025-08-09,UFC Fight Night: Dolidze vs. Hernandez,Julius Walker vs. Rafael Cerquiera,Ben Cartlidge,30,26,1,25,6,11.316666666666666,1.0
2025-08-09,UFC Fight Night: Dolidze vs. Hernandez,Gabriella Fernandes vs. Julija Stoliarenko,Junichiro Kamijo,30,27,1,-2,0,-1.2333333333333334,0.0
2025-08-09,UFC Fight Night: Dolidze vs. Hernandez,Gabriella Fernandes vs. Julija Stoliarenko,Sal D'Amato,29,28,1,-2,0,-1.2333333333333334,0.0
2025-08-09,UFC Fight Night: Dolidze vs. Hernandez,Gabriella Fernandes vs. Julija Stoliarenko,Eric Colon,29,28,1,-2,0,-1.2333333333333334,0.0
2025-08-09,UFC Fight Night: Dolidze vs. Hernandez,Cody Brundage vs. Eric McConico,Ben Cartlidge,28,29,0,5,3,2.2666666666666666,0.0
2025-08-09,UFC Fight Night: Dolidze vs. Hernandez,Cody Brundage vs. Eric McConico,Chris Lee,30,27,1,5,3,2.2666666666666666,0.0
2025-08-09,UFC Fight Night: Dolidze vs. Hernandez,Cody Brundage vs. Eric McConico,Tony Weeks,28,29,0,5,3,2.2666666666666666,0.0
2025-08-02,UFC Fight Night: Taira vs. Park,Mateusz Rebecki vs. Chris Duncan,Mike Bell,28,29,0,22,2,0.9333333333333333,0.0
2025-08-02,UFC Fight Night: Taira vs. Park,Mateusz Rebecki vs. Chris Duncan,Ron McCarthy,28,29,0,22,2,0.9333333333333333,0.0
2025-08-02,UFC Fight Night: Taira vs. Park,Mateusz Rebecki vs. Chris Duncan,Junichiro Kamijo,27,30,0,22,2,0.9333333333333333,0.0
2025-08-02,UFC Fight Night: Taira vs. Park,Elves Brener vs. Esteban Ribovics,Derek Cleary,28,29,0,-4,0,-1.0333333333333332,0.0
2025-08-02,UFC Fight Night: Taira vs. Park,Elves Brener vs. Esteban Ribovics,Sal D'Amato,27,30,0,-4,0,-1.0333333333333332,0.0
2025-08-02,UFC Fight Night: Taira vs. Park,Elves Brener vs. Esteban Ribovics,Rick Winter,27,30,0,-4,0,-1.0333333333333332,0.0
2025-08-02,UFC Fight Night: Taira vs. Park,Karol Rosa vs. Nora Cornolle,Mike Bell,30,26,1,6,2,11.416666666666666,0.0
2025-08-02,UFC Fight Night: Taira vs. Park,Karol Rosa vs. Nora Cornolle,Chris Lee,29,27,1,6,2,11.416666666666666,0.0
2025-08-02,UFC Fight Night: Taira vs. Park,Karol Rosa vs. Nora Cornolle,Ron McCarthy,29,27,1,6,2,11.416666666666666,0.0
2025-08-02,UFC Fight Night: Taira vs. Park,Danny Silva vs. Kevin Vallejos,Ron McCarthy,28,29,0,-21,-1,-0.8666666666666667,0.0
2025-08-02,UFC Fight Night: Taira vs. Park,Danny Silva vs. Kevin Vallejos,Mike Bell,27,30,0,-21,-1,-0.8666666666666667,0.0
2025-08-02,UFC Fight Night: Taira vs. Park,Danny Silva vs. Kevin Vallejos,Tony Weeks,27,30,0,-21,-1,-0.8666666666666667,0.0
2025-08-02,UFC Fight Night: Taira vs. Park,Rodolfo Vieira vs. Tresean Gore,Chris Lee,29,28,1,48,1,3.2,0.0
2025-08-02,UFC Fight Night: Taira vs. Park,Rodolfo Vieira vs. Tresean Gore,Ron McCarthy,30,27,1,48,1,3.2,0.0
2025-08-02,UFC Fight Night: Taira vs. Park,Rodolfo Vieira vs. Tresean Gore,Rick Winter,30,27,1,48,1,3.2,0.0
2025-08-02,UFC Fight Night: Taira vs. Park,Rafael Estevam vs. Felipe Bunes,Sal D'Amato,29,28,1,7,5,10.649999999999999,0.0
2025-08-02,UFC Fight Night: Taira vs. Park,Rafael Estevam vs. Felipe Bunes,Chris Lee,29,28,1,7,5,10.649999999999999,0.0
2025-08-02,UFC Fight Night: Taira vs. Park,Rafael Estevam vs. Felipe Bunes,Ron McCarthy,29,28,1,7,5,10.649999999999999,0.0
2025-08-02,UFC Fight Night: Taira vs. Park,Piera Rodriguez vs. Ketlen Souza,Mike Bell,29,28,1,8,7,2.916666666666666,0.0
2025-08-02,UFC Fight Night: Taira vs. Park,Piera Rodriguez vs. Ketlen Souza,Derek Cleary,28,29,0,8,7,2.916666666666666,0.0
2025-08-02,UFC Fight Night: Taira vs. Park,Piera Rodriguez vs. Ketlen Souza,Sal D'Amato,29,28,1,8,7,2.916666666666666,0.0
2025-07-26,UFC Fight Night: Whittaker vs. De Ridder,Robert Whittaker vs. Reinier de Ridder,Ben Cartlidge,47,48,0,-1,-2,-8.500000000000002,1.0
2025-07-26,UFC Fight Night: Whittaker vs. De Ridder,Robert Whittaker vs. Reinier de Ridder,Mike Bell,48,47,1,-1,-2,-8.500000000000002,1.0
2025-07-26,UFC Fight Night: Whittaker vs. De Ridder,Robert Whittaker vs. Reinier de Ridder,David Lethaby,47,48,0,-1,-2,-8.500000000000002,1.0
2025-07-26,UFC Fight Night: Whittaker vs. De Ridder,Petr Yan vs. Marcus McGhee,Mike Bell,29,28,1,17,1,2.683333333333333,0.0
2025-07-26,UFC Fight Night: Whittaker vs. De Ridder,Petr Yan vs. Marcus McGhee,Sal D'Amato,29,28,1,17,1,2.683333333333333,0.0
2025-07-26,UFC Fight Night: Whittaker vs. De Ridder,Petr Yan vs. Marcus McGhee,Clemens Werner,29,28,1,17,1,2.683333333333333,0.0
2025-07-26,UFC Fight Night: Whittaker vs. De Ridder,Shara Magomedov vs. Marc-Andre Barriault,Ben Cartlidge,30,27,1,54,-2,-3.55,0.0
2025-07-26,UFC Fight Night: Whittaker vs. De Ridder,Shara Magomedov vs. Marc-Andre Barriault,Mark Collett,30,27,1,54,-2,-3.55,0.0
2025-07-26,UFC Fight Night: Whittaker vs. De Ridder,Shara Magomedov vs. Marc-Andre Barriault,Anders Ohlsson,30,27,1,54,-2,-3.55,0.0
2025-07-26,UFC Fight Night: Whittaker vs. De Ridder,Asu Almabayev vs. Jose Ochoa,David Lethaby,30,27,1,-4,6,8.5,0.0
2025-07-26,UFC Fight Night: Whittaker vs. De Ridder,Asu Almabayev vs. Jose Ochoa,Clemens Werner,30,27,1,-4,6,8.5,0.0
2025-07-26,UFC Fight Night: Whittaker vs. De Ridder,Asu Almabayev vs. Jose Ochoa,Mark Collett,29,28,1,-4,6,8.5,0.0
2025-07-26,UFC Fight Night: Whittaker vs. De Ridder,Bryce Mitchell vs. Said Nurmagomedov,Ben Cartlidge,29,28,1,-7,3,6.5166666666666675,-1.0
2025-07-26,UFC Fight Night: Whittaker vs. De Ridder,Bryce Mitchell vs. Said Nurmagomedov,David Lethaby,29,28,1,-7,3,6.5166666666666675,-1.0
2025-07-26,UFC Fight Night: Whittaker vs. De Ridder,Bryce Mitchell vs. Said Nurmagomedov,Anders Ohlsson,29,28,1,-7,3,6.5166666666666675,-1.0
2025-07-26,UFC Fight Night: Whittaker vs. De Ridder,Davey Grant vs. Da'Mon Blackshear,Mark Collett,29,28,1,33,-1,-3.55,0.0
2025-07-26,UFC Fight Night: Whittaker vs. De Ridder,Davey Grant vs. Da'Mon Blackshear,David Lethaby,29,28,1,33,-1,-3.55,0.0
2025-07-26,UFC Fight Night: Whittaker vs. De Ridder,Davey Grant vs. Da'Mon Blackshear,Anders Ohlsson,29,28,1,33,-1,-3.55,0.0
2025-07-26,UFC Fight Night: Whittaker vs. De Ridder,Ibo Aslan vs. Billy Elekana,Mark Collett,27,30,0,-7,0,0.0,0.0
2025-07-26,UFC Fight Night: Whittaker vs. De Ridder,Ibo Aslan vs. Billy Elekana,Anders Ohlsson,27,30,0,-7,0,0.0,0.0
2025-07-26,UFC Fight Night: Whittaker vs. De Ridder,Ibo Aslan vs. Billy Elekana,Ben Cartlidge,28,29,0,-7,0,0.0,0.0
2025-07-26,UFC Fight Night: Whittaker vs. De Ridder,Martin Buday vs. Marcus Buchecha,Mike Bell,29,28,1,17,-1,-2.233333333333333,0.0
2025-07-26,UFC Fight Night: Whittaker vs. De Ridder,Martin Buday vs. Marcus Buchecha,Ben Cartlidge,29,28,1,17,-1,-2.233333333333333,0.0
2025-07-26,UFC Fight Night: Whittaker vs. De Ridder,Martin Buday vs. Marcus Buchecha,Sal D'Amato,29,28,1,17,-1,-2.233333333333333,0.0
2025-07-19,UFC 318: Holloway vs. Poirier 3,Max Holloway vs. Dustin Poirier,Derek Cleary,48,47,1,89,0,1.3333333333333333,0.0
2025-07-19,UFC 318: Holloway vs. Poirier 3,Max Holloway vs. Dustin Poirier,Sal D'Amato,49,46,1,89,0,1.3333333333333333,0.0
2025-07-19,UFC 318: Holloway vs. Poirier 3,Max Holloway vs. Dustin Poirier,Eric Colon,49,46,1,89,0,1.3333333333333333,0.0
2025-07-19,UFC 318: Holloway vs. Poirier 3,Paulo Costa vs. Roman Kopylov,Derek Cleary,30,27,1,51,0,0.21666666666666667,1.0
2025-07-19,UFC 318: Holloway vs. Poirier 3,Paulo Costa vs. Roman Kopylov,Eric Colon,30,27,1,51,0,0.21666666666666667,1.0
2025-07-19,UFC 318: Holloway vs. Poirier 3,Paulo Costa vs. Roman Kopylov,Chris Lee,29,28,1,51,0,0.21666666666666667,1.0
2025-07-19,UFC 318: Holloway vs. Poirier 3,Kevin Holland vs. Daniel Rodriguez,Sal D'Amato,28,29,0,5,1,-1.4499999999999997,-1.0
2025-07-19,UFC 318: Holloway vs. Poirier 3,Kevin Holland vs. Daniel Rodriguez,Junichiro Kamijo,28,29,0,5,1,-1.4499999999999997,-1.0
2025-07-19,UFC 318: Holloway vs. Poirier 3,Kevin Holland vs. Daniel Rodriguez,Chris Lee,28,29,0,5,1,-1.4499999999999997,-1.0
2025-07-19,UFC 318: Holloway vs. Poirier 3,Dan Ige vs. Patricio Freire,Eric Colon,28,29,0,-8,-5,-2.6,0.0
2025-07-19,UFC 318: Holloway vs. Poirier 3,Dan Ige vs. Patricio Freire,Sal D'Amato,28,29,0,-8,-5,-2.6,0.0
2025-07-19,UFC 318: Holloway vs. Poirier 3,Dan Ige vs. Patricio Freire,Junichiro Kamijo,28,29,0,-8,-5,-2.6,0.0
2025-07-19,UFC 318: Holloway vs. Poirier 3,Michael Johnson vs. Daniel Zellhuber,Derek Cleary,29,28,1,28,0,0.2333333333333333,1.0
2025-07-19,UFC 318: Holloway vs. Poirier 3,Michael Johnson vs. Daniel Zellhuber,Eric Colon,29,28,1,28,0,0.2333333333333333,1.0
2025-07-19,UFC 318: Holloway vs. Poirier 3,Michael Johnson vs. Daniel Zellhuber,Junichiro Kamijo,29,28,1,28,0,0.2333333333333333,1.0
2025-07-19,UFC 318: Holloway vs. Poirier 3,Kyler Phillips vs. Vinicius Oliveira,Robbie Scheuermann,28,29,0,-47,-1,-2.183333333333333,-1.0
2025-07-19,UFC 318: Holloway vs. Poirier 3,Kyler Phillips vs. Vinicius Oliveira,Sal D'Amato,28,29,0,-47,-1,-2.183333333333333,-1.0
2025-07-19,UFC 318: Holloway vs. Poirier 3,Kyler Phillips vs. Vinicius Oliveira,Chris Lee,28,29,0,-47,-1,-2.183333333333333,-1.0
2025-07-19,UFC 318: Holloway vs. Poirier 3,Marvin Vettori vs. Brendan Allen,Todd Maxwell,27,30,0,-2,-3,-0.16666666666666674,0.0
2025-07-19,UFC 318: Holloway vs. Poirier 3,Marvin Vettori vs. Brendan Allen,Junichiro Kamijo,27,30,0,-2,-3,-0.16666666666666674,0.0
2025-07-19,UFC 318: Holloway vs. Poirier 3,Marvin Vettori vs. Brendan Allen,Derek Cleary,28,29,0,-2,-3,-0.16666666666666674,0.0
2025-07-19,UFC 318: Holloway vs. Poirier 3,Francisco Prado vs. Nikolay Veretennikov,Sal D'Amato,28,29,0,-9,1,4.266666666666666,0.0
2025-07-19,UFC 318: Holloway vs. Poirier 3,Francisco Prado vs. Nikolay Veretennikov,Todd Singletary,29,28,1,-9,1,4.266666666666666,0.0
2025-07-19,UFC 318: Holloway vs. Poirier 3,Francisco Prado vs. Nikolay Veretennikov,Chris Lee,28,29,0,-9,1,4.266666666666666,0.0
2025-07-12,UFC Fight Night: Lewis vs. Teixeira,Stephen Thompson vs. Gabriel Bonfim,Mike Bell,28,29,0,2,-5,-5.016666666666667,0.0
2025-07-12,UFC Fight Night: Lewis vs. Teixeira,Stephen Thompson vs. Gabriel Bonfim,Rick Winter,29,28,1,2,-5,-5.016666666666667,0.0
2025-07-12,UFC Fight Night: Lewis vs. Teixeira,Stephen Thompson vs. Gabriel Bonfim,Dave Tirelli,28,29,0,2,-5,-5.016666666666667,0.0
2025-07-12,UFC Fight Night: Lewis vs. Teixeira,Calvin Kattar vs. Steve Garcia,Sal D'Amato,27,30,0,-59,0,0.3,-1.0
2025-07-12,UFC Fight Night: Lewis vs. Teixeira,Calvin Kattar vs. Steve Garcia,Anthony Maness,27,30,0,-59,0,0.3,-1.0
2025-07-12,UFC Fight Night: Lewis vs. Teixeira,Calvin Kattar vs. Steve Garcia,Dave Tirelli,27,30,0,-59,0,0.3,-1.0
2025-07-12,UFC Fight Night: Lewis vs. Teixeira,Max Griffin vs. Chris Curtis,Anthony Maness,29,28,1,-5,0,0.8166666666666667,0.0
2025-07-12,UFC Fight Night: Lewis vs. Teixeira,Max Griffin vs. Chris Curtis,Mike Bell,28,29,0,-5,0,0.8166666666666667,0.0
2025-07-12,UFC Fight Night: Lewis vs. Teixeira,Max Griffin vs. Chris Curtis,Derek Cleary,28,29,0,-5,0,0.8166666666666667,0.0
2025-07-12,UFC Fight Night: Lewis vs. Teixeira,Lauren Murphy vs. Eduarda Moura,Derek Cleary,28,29,0,-26,0,-1.9833333333333332,0.0
2025-07-12,UFC Fight Night: Lewis vs. Teixeira,Lauren Murphy vs. Eduarda Moura,Kerri Rowland,28,29,0,-26,0,-1.9833333333333332,0.0
2025-07-12,UFC Fight Night: Lewis vs. Teixeira,Lauren Murphy vs. Eduarda Moura,Rick Winter,28,29,0,-26,0,-1.9833333333333332,0.0
2025-06-28,UFC 317: Topuria vs. Oliveira,Brandon Royval vs. Joshua Van,Mike Bell,28,29,0,11,0,-0.15,-1.0
2025-06-28,UFC 317: Topuria vs. Oliveira,Brandon Royval vs. Joshua Van,Ron McCarthy,28,29,0,11,0,-0.15,-1.0
2025-06-28,UFC 317: Topuria vs. Oliveira,Brandon Royval vs. Joshua Van,Clemens Werner,27,30,0,11,0,-0.15,-1.0
2025-06-28,UFC 317: Topuria vs. Oliveira,Beneil Dariush vs. Renato Moicano,Mike Bell,29,28,1,25,5,4.549999999999999,-1.0
2025-06-28,UFC 317: Topuria vs. Oliveira,Beneil Dariush vs. Renato Moicano,Junichiro Kamijo,29,28,1,25,5,4.549999999999999,-1.0
2025-06-28,UFC 317: Topuria vs. Oliveira,Beneil Dariush vs. Renato Moicano,David Lethaby,29,28,1,25,5,4.549999999999999,-1.0
2025-06-28,UFC 317: Topuria vs. Oliveira,Payton Talbott vs. Felipe Lima,Ben Cartlidge,29,28,1,33,-3,1.4333333333333331,0.0
2025-06-28,UFC 317: Topuria vs. Oliveira,Payton Talbott vs. Felipe Lima,Chris Lee,29,28,1,33,-3,1.4333333333333331,0.0
2025-06-28,UFC 317: Topuria vs. Oliveira,Payton Talbott vs. Felipe Lima,Ron McCarthy,29,28,1,33,-3,1.4333333333333331,0.0
2025-06-28,UFC 317: Topuria vs. Oliveira,Viviane Araujo vs. Tracy Cortez,Mike Bell,27,30,0,-43,-3,-6.566666666666666,0.0
2025-06-28,UFC 317: Topuria vs. Oliveira,Viviane Araujo vs. Tracy Cortez,Sal D'Amato,27,30,0,-43,-3,-6.566666666666666,0.0
2025-06-28,UFC 317: Topuria vs. Oliveira,Viviane Araujo vs. Tracy Cortez,Ron McCarthy,27,30,0,-43,-3,-6.566666666666666,0.0
2025-06-28,UFC 317: Topuria vs. Oliveira,Jhonata Diniz vs. Alvin Hines,Chris Lee,29,28,1,30,-1,-0.08333333333333333,0.0
2025-06-28,UFC 317: Topuria vs. Oliveira,Jhonata Diniz vs. Alvin Hines,Tony Weeks,29,28,1,30,-1,-0.08333333333333333,0.0
2025-06-28,UFC 317: Topuria vs. Oliveira,Jhonata Diniz vs. Alvin Hines,Clemens Werner,29,28,1,30,-1,-0.08333333333333333,0.0
2025-06-21,UFC Fight Night: Hill vs. Rountree Jr.,Jamahal Hill vs. Khalil Rountree Jr.,Ben Cartlidge,46,49,0,-33,0,0.0,-1.0
2025-06-21,UFC Fight Night: Hill vs. Rountree Jr.,Jamahal Hill vs. Khalil Rountree Jr.,David Lethaby,45,50,0,-33,0,0.0,-1.0
2025-06-21,UFC Fight Night: Hill vs. Rountree Jr.,Jamahal Hill vs. Khalil Rountree Jr.,Clemens Werner,45,50,0,-33,0,0.0,-1.0
2025-06-21,UFC Fight Night: Hill vs. Rountree Jr.,Rafael Fiziev vs. Ignacio Bahamondes,Eric Colon,30,27,1,12,4,0.5,0.0
2025-06-21,UFC Fight Night: Hill vs. Rountree Jr.,Rafael Fiziev vs. Ignacio Bahamondes,Vito Paolillo,30,27,1,12,4,0.5,0.0
2025-06-21,UFC Fight Night: Hill vs. Rountree Jr.,Curtis Blaydes vs. Rizvan Kuniev,Eric Colon,29,28,1,11,2,4.916666666666666,0.0
2025-06-21,UFC Fight Night: Hill vs. Rountree Jr.,Curtis Blaydes vs. Rizvan Kuniev,Ben Cartlidge,28,29,0,11,2,4.916666666666666,0.0
2025-06-21,UFC Fight Night: Hill vs. Rountree Jr.,Curtis Blaydes vs. Rizvan Kuniev,Darryl Ransom,29,28,1,11,2,4.916666666666666,0.0
2025-06-21,UFC Fight Night: Hill vs. Rountree Jr.,Muhammad Naimov vs. Bogdan Grad,Ben Cartlidge,29,28,1,-13,-2,-2.266666666666667,0.0
2025-06-21,UFC Fight Night: Hill vs. Rountree Jr.,Muhammad Naimov vs. Bogdan Grad,David Lethaby,29,28,1,-13,-2,-2.266666666666667,0.0
2025-06-21,UFC Fight Night: Hill vs. Rountree Jr.,Seokhyeon Ko vs. Oban Elliott,Eric Colon,30,27,1,23,6,8.516666666666666,0.0
2025-06-21,UFC Fight Night: Hill vs. Rountree Jr.,Seokhyeon Ko vs. Oban Elliott,Darryl Ransom,30,27,1,23,6,8.516666666666666,0.0
2025-06-21,UFC Fight Night: Hill vs. Rountree Jr.,Seokhyeon Ko vs. Oban Elliott,Clemens Werner,30,27,1,23,6,8.516666666666666,0.0
2025-06-21,UFC Fight Night: Hill vs. Rountree Jr.,Ismail Naurdiev vs. JunYong Park,Vito Paolillo,26,29,0,31,-1,-5.233333333333333,0.0
2025-06-21,UFC Fight Night: Hill vs. Rountree Jr.,Ismail Naurdiev vs. JunYong Park,Clemens Werner,26,29,0,31,-1,-5.233333333333333,0.0
2025-06-21,UFC Fight Night: Hill vs. Rountree Jr.,Ismail Naurdiev vs. JunYong Park,Ben Cartlidge,25,29,0,31,-1,-5.233333333333333,0.0
2025-06-21,UFC Fight Night: Hill vs. Rountree Jr.,Daria Zhelezniakova vs. Melissa Mullins,Darryl Ransom,29,28,1,35,-3,-2.9166666666666665,0.0
2025-06-21,UFC Fight Night: Hill vs. Rountree Jr.,Daria Zhelezniakova vs. Melissa Mullins,Eric Colon,30,27,1,35,-3,-2.9166666666666665,0.0
2025-06-21,UFC Fight Night: Hill vs. Rountree Jr.,Daria Zhelezniakova vs. Melissa Mullins,David Lethaby,30,27,1,35,-3,-2.9166666666666665,0.0
2025-06-21,UFC Fight Night: Hill vs. Rountree Jr.,Irina Alekseeva vs. Klaudia Sygula,Ben Cartlidge,27,30,0,-38,-1,-0.5333333333333332,0.0
2025-06-21,UFC Fight Night: Hill vs. Rountree Jr.,Irina Alekseeva vs. Klaudia Sygula,Eric Colon,27,30,0,-38,-1,-0.5333333333333332,0.0
2025-06-21,UFC Fight Night: Hill vs. Rountree Jr.,Irina Alekseeva vs. Klaudia Sygula,Darryl Ransom,27,30,0,-38,-1,-0.5333333333333332,0.0
2025-06-21,UFC Fight Night: Hill vs. Rountree Jr.,Tagir Ulanbekov vs. Azat Maksum,Eric Colon,29,28,1,6,-3,2.7666666666666666,0.0
2025-06-21,UFC Fight Night: Hill vs. Rountree Jr.,Tagir Ulanbekov vs. Azat Maksum,Vito Paolillo,30,27,1,6,-3,2.7666666666666666,0.0
2025-06-21,UFC Fight Night: Hill vs. Rountree Jr.,Tagir Ulanbekov vs. Azat Maksum,Darryl Ransom,30,27,1,6,-3,2.7666666666666666,0.0
2025-06-21,UFC Fight Night: Hill vs. Rountree Jr.,Hamdy Abdelwahab vs. Mohammed Usman,Ben Cartlidge,28,29,0,-31,0,0.03333333333333333,0.0
2025-06-21,UFC Fight Night: Hill vs. Rountree Jr.,Hamdy Abdelwahab vs. Mohammed Usman,David Lethaby,28,29,0,-31,0,0.03333333333333333,0.0
2025-06-21,UFC Fight Night: Hill vs. Rountree Jr.,Hamdy Abdelwahab vs. Mohammed Usman,Vito Paolillo,28,29,0,-31,0,0.03333333333333333,0.0
2025-06-14,UFC Fight Night: Usman vs. Buckley,Kamaru Usman vs. Joaquin Buckley,Sal D'Amato,49,46,1,-3,4,12.950000000000001,0.0
2025-06-14,UFC Fight Night: Usman vs. Buckley,Kamaru Usman vs. Joaquin Buckley,Derek Cleary,49,46,1,-3,4,12.950000000000001,0.0
2025-06-14,UFC Fight Night: Usman vs. Buckley,Kamaru Usman vs. Joaquin Buckley,Mike Bell,48,47,1,-3,4,12.950000000000001,0.0
2025-06-14,UFC Fight Night: Usman vs. Buckley,Rose Namajunas vs. Miranda Maverick,Jon Marigliano,30,27,1,0,2,4.750000000000001,1.0
2025-06-14,UFC Fight Night: Usman vs. Buckley,Rose Namajunas vs. Miranda Maverick,Derek Cleary,30,27,1,0,2,4.750000000000001,1.0
2025-06-14,UFC Fight Night: Usman vs. Buckley,Rose Namajunas vs. Miranda Maverick,Ron McCarthy,29,28,1,0,2,4.750000000000001,1.0
2025-06-14,UFC Fight Night: Usman vs. Buckley,Edmen Shahbazyan vs. Andre Petroski,Will Fisher,30,27,1,19,-2,-0.1333333333333333,1.0
2025-06-14,UFC Fight Night: Usman vs. Buckley,Edmen Shahbazyan vs. Andre Petroski,Sal D'Amato,30,27,1,19,-2,-0.1333333333333333,1.0
2025-06-14,UFC Fight Night: Usman vs. Buckley,Edmen Shahbazyan vs. Andre Petroski,Nate Mann,29,28,1,19,-2,-0.1333333333333333,1.0
2025-06-14,UFC Fight Night: Usman vs. Buckley,Cody Garbrandt vs. Raoni Barcelos,Ron McCarthy,28,29,0,-9,-1,-1.666666666666667,0.0
2025-06-14,UFC Fight Night: Usman vs. Buckley,Cody Garbrandt vs. Raoni Barcelos,Mike Bell,28,29,0,-9,-1,-1.666666666666667,0.0
2025-06-14,UFC Fight Night: Usman vs. Buckley,Cody Garbrandt vs. Raoni Barcelos,Nate Mann,28,29,0,-9,-1,-1.666666666666667,0.0
2025-06-14,UFC Fight Night: Usman vs. Buckley,Alonzo Menifield vs. Oumar Sy,Will Fisher,29,28,1,-5,-1,-4.216666666666667,0.0
2025-06-14,UFC Fight Night: Usman vs. Buckley,Alonzo Menifield vs. Oumar Sy,Derek Cleary,29,28,1,-5,-1,-4.216666666666667,0.0
2025-06-14,UFC Fight Night: Usman vs. Buckley,Alonzo Menifield vs. Oumar Sy,Ron McCarthy,29,28,1,-5,-1,-4.216666666666667,0.0
2025-06-14,UFC Fight Night: Usman vs. Buckley,Michael Chiesa vs. Court McGee,Derek Cleary,30,27,1,33,0,0.7833333333333332,0.0
2025-06-14,UFC Fight Night: Usman vs. Buckley,Michael Chiesa vs. Court McGee,Jon Marigliano,30,27,1,33,0,0.7833333333333332,0.0
2025-06-14,UFC Fight Night: Usman vs. Buckley,Michael Chiesa vs. Court McGee,Will Fisher,29,28,1,33,0,0.7833333333333332,0.0
2025-06-14,UFC Fight Night: Usman vs. Buckley,Ricky Simon vs. Cameron Smotherman,Will Fisher,30,27,1,5,3,9.183333333333334,0.0
2025-06-14,UFC Fight Night: Usman vs. Buckley,Ricky Simon vs. Cameron Smotherman,Jon Marigliano,30,27,1,5,3,9.183333333333334,0.0
2025-06-14,UFC Fight Night: Usman vs. Buckley,Ricky Simon vs. Cameron Smotherman,Derek Cleary,29,28,1,5,3,9.183333333333334,0.0
2025-06-14,UFC Fight Night: Usman vs. Buckley,Jamey-Lyn Horth vs. Vanessa Demopoulos,Will Fisher,30,27,1,65,2,1.4500000000000002,0.0
2025-06-14,UFC Fight Night: Usman vs. Buckley,Jamey-Lyn Horth vs. Vanessa Demopoulos,Jon Marigliano,30,27,1,65,2,1.4500000000000002,0.0
2025-06-14,UFC Fight Night: Usman vs. Buckley,Jamey-Lyn Horth vs. Vanessa Demopoulos,Derek Cleary,30,27,1,65,2,1.4500000000000002,0.0
2025-06-07,UFC 316: Dvalishvili vs. O'Malley 2,Kelvin Gastelum vs. Joe Pyfer,Chris Lee,28,29,0,-24,-1,-0.0666666666666666,-2.0
2025-06-07,UFC 316: Dvalishvili vs. O'Malley 2,Kelvin Gastelum vs. Joe Pyfer,Eric Colon,27,29,0,-24,-1,-0.0666666666666666,-2.0
2025-06-07,UFC 316: Dvalishvili vs. O'Malley 2,Kelvin Gastelum vs. Joe Pyfer,Sal D'Amato,27,30,0,-24,-1,-0.0666666666666666,-2.0
2025-06-07,UFC 316: Dvalishvili vs. O'Malley 2,Mario Bautista vs. Patchy Mix,Sal D'Amato,29,28,1,51,0,0.0,0.0
2025-06-07,UFC 316: Dvalishvili vs. O'Malley 2,Mario Bautista vs. Patchy Mix,Adrian Castro,30,27,1,51,0,0.0,0.0
2025-06-07,UFC 316: Dvalishvili vs. O'Malley 2,Mario Bautista vs. Patchy Mix,Eric Colon,30,27,1,51,0,0.0,0.0
2025-06-07,UFC 316: Dvalishvili vs. O'Malley 2,Serghei Spivac vs. Waldo Cortes Acosta,Tony Tamburrino,27,30,0,-62,2,2.416666666666667,0.0
2025-06-07,UFC 316: Dvalishvili vs. O'Malley 2,Serghei Spivac vs. Waldo Cortes Acosta,Jon Bilyk,28,29,0,-62,2,2.416666666666667,0.0
2025-06-07,UFC 316: Dvalishvili vs. O'Malley 2,Serghei Spivac vs. Waldo Cortes Acosta,Maimunah Querido,28,29,0,-62,2,2.416666666666667,0.0
2025-06-07,UFC 316: Dvalishvili vs. O'Malley 2,Khaos Williams vs. Andreas Gustafsson,Eric Colon,27,30,0,-59,-8,-7.283333333333333,0.0
2025-06-07,UFC 316: Dvalishvili vs. O'Malley 2,Khaos Williams vs. Andreas Gustafsson,Sal D'Amato,26,30,0,-59,-8,-7.283333333333333,0.0
2025-06-07,UFC 316: Dvalishvili vs. O'Malley 2,Khaos Williams vs. Andreas Gustafsson,Chris Lee,26,30,0,-59,-8,-7.283333333333333,0.0
2025-06-07,UFC 316: Dvalishvili vs. O'Malley 2,Ariane da Silva vs. Wang Cong,Jon Bilyk,27,30,0,-80,0,-0.21666666666666667,-1.0
2025-06-07,UFC 316: Dvalishvili vs. O'Malley 2,Ariane da Silva vs. Wang Cong,Maimunah Querido,27,30,0,-80,0,-0.21666666666666667,-1.0
2025-06-07,UFC 316: Dvalishvili vs. O'Malley 2,Ariane da Silva vs. Wang Cong,Tony Tamburrino,27,30,0,-80,0,-0.21666666666666667,-1.0
2025-06-07,UFC 316: Dvalishvili vs. O'Malley 2,Quillan Salkilld vs. Yanal Ashmouz,Jon Bilyk,30,27,1,38,8,5.449999999999999,0.0
2025-06-07,UFC 316: Dvalishvili vs. O'Malley 2,Quillan Salkilld vs. Yanal Ashmouz,Adrian Castro,29,28,1,38,8,5.449999999999999,0.0
2025-06-07,UFC 316: Dvalishvili vs. O'Malley 2,Quillan Salkilld vs. Yanal Ashmouz,Tony Tamburrino,29,28,1,38,8,5.449999999999999,0.0
2025-06-07,UFC 316: Dvalishvili vs. O'Malley 2,MarQuel Mederos vs. Mark Choinski,Adrian Castro,30,27,1,52,-2,-4.0166666666666675,1.0
2025-06-07,UFC 316: Dvalishvili vs. O'Malley 2,MarQuel Mederos vs. Mark Choinski,Tony Tamburrino,30,27,1,52,-2,-4.0166666666666675,1.0
2025-06-07,UFC 316: Dvalishvili vs. O'Malley 2,MarQuel Mederos vs. Mark Choinski,Chris Lee,29,28,1,52,-2,-4.0166666666666675,1.0
2025-05-31,UFC Fight Night: Blanchfield vs. Barber,Mateusz Gamrot vs. Ludovit Klein,Eric Colon,30,27,1,41,6,8.366666666666667,0.0
2025-05-31,UFC Fight Night: Blanchfield vs. Barber,Mateusz Gamrot vs. Ludovit Klein,Sal D'Amato,30,27,1,41,6,8.366666666666667,0.0
2025-05-31,UFC Fight Night: Blanchfield vs. Barber,Mateusz Gamrot vs. Ludovit Klein,Bryan Miner,30,27,1,41,6,8.366666666666667,0.0
2025-05-31,UFC Fight Night: Blanchfield vs. Barber,Ketlen Vieira vs. Macy Chiasson,Sal D'Amato,30,27,1,6,0,9.549999999999999,0.0
2025-05-31,UFC Fight Night: Blanchfield vs. Barber,Ketlen Vieira vs. Macy Chiasson,Mike Bell,29,28,1,6,0,9.549999999999999,0.0
2025-05-31,UFC Fight Night: Blanchfield vs. Barber,Ketlen Vieira vs. Macy Chiasson,Chris Leben,29,28,1,6,0,9.549999999999999,0.0
2025-05-31,UFC Fight Night: Blanchfield vs. Barber,Zach Reese vs. Dusko Todorovic,Eric Colon,29,28,1,15,-2,-4.183333333333334,0.0
2025-05-31,UFC Fight Night: Blanchfield vs. Barber,Zach Reese vs. Dusko Todorovic,Bryan Miner,29,28,1,15,-2,-4.183333333333334,0.0
2025-05-31,UFC Fight Night: Blanchfield vs. Barber,Zach Reese vs. Dusko Todorovic,Tony Weeks,29,28,1,15,-2,-4.183333333333334,0.0
2025-05-31,UFC Fight Night: Blanchfield vs. Barber,Jafel Filho vs. Allan Nascimento,Sal D'Amato,28,29,0,2,3,-0.7166666666666677,0.0
2025-05-31,UFC Fight Night: Blanchfield vs. Barber,Jafel Filho vs. Allan Nascimento,Junichiro Kamijo,28,29,0,2,3,-0.7166666666666677,0.0
2025-05-31,UFC Fight Night: Blanchfield vs. Barber,Jafel Filho vs. Allan Nascimento,Chris Leben,28,29,0,2,3,-0.7166666666666677,0.0
2025-05-31,UFC Fight Night: Blanchfield vs. Barber,Bolaji Oki vs. Michael Aswell Jr.,Mike Bell,29,28,1,18,0,0.0,0.0
2025-05-31,UFC Fight Night: Blanchfield vs. Barber,Bolaji Oki vs. Michael Aswell Jr.,Ron McCarthy,29,28,1,18,0,0.0,0.0
2025-05-31,UFC Fight Night: Blanchfield vs. Barber,Bolaji Oki vs. Michael Aswell Jr.,Bryan Miner,29,28,1,18,0,0.0,0.0
2025-05-31,UFC Fight Night: Blanchfield vs. Barber,Rayanne dos Santos vs. Alice Ardelean,Mike Bell,27,30,0,-76,0,-0.033333333333333326,0.0
2025-05-31,UFC Fight Night: Blanchfield vs. Barber,Rayanne dos Santos vs. Alice Ardelean,Eric Colon,28,29,0,-76,0,-0.033333333333333326,0.0
2025-05-31,UFC Fight Night: Blanchfield vs. Barber,Rayanne dos Santos vs. Alice Ardelean,Sal D'Amato,28,29,0,-76,0,-0.033333333333333326,0.0
2025-05-17,UFC Fight Night: Burns vs. Morales,Sodiq Yusuff vs. Mairon Santos,Derek Cleary,27,30,0,-4,1,0.08333333333333304,0.0
2025-05-17,UFC Fight Night: Burns vs. Morales,Sodiq Yusuff vs. Mairon Santos,Sal D'Amato,27,30,0,-4,1,0.08333333333333304,0.0
2025-05-17,UFC Fight Night: Burns vs. Morales,Sodiq Yusuff vs. Mairon Santos,Eric Colon,28,29,0,-4,1,0.08333333333333304,0.0
2025-05-17,UFC Fight Night: Burns vs. Morales,Dustin Stoltzfus vs. Nursulton Ruziboev,Tony Weeks,27,30,0,-14,1,1.833333333333334,0.0
2025-05-17,UFC Fight Night: Burns vs. Morales,Dustin Stoltzfus vs. Nursulton Ruziboev,Mike Bell,28,29,0,-14,1,1.833333333333334,0.0
2025-05-17,UFC Fight Night: Burns vs. Morales,Dustin Stoltzfus vs. Nursulton Ruziboev,Eric Colon,28,29,0,-14,1,1.833333333333334,0.0
2025-05-17,UFC Fight Night: Burns vs. Morales,Julian Erosa vs. Melquizael Costa,Junichiro Kamijo,28,29,0,-33,1,3.1833333333333336,0.0
2025-05-17,UFC Fight Night: Burns vs. Morales,Julian Erosa vs. Melquizael Costa,Chris Lee,28,29,0,-33,1,3.1833333333333336,0.0
2025-05-17,UFC Fight Night: Burns vs. Morales,Julian Erosa vs. Melquizael Costa,Ron McCarthy,28,29,0,-33,1,3.1833333333333336,0.0
2025-05-17,UFC Fight Night: Burns vs. Morales,Tecia Pennington vs. Luana Pinheiro,Derek Cleary,29,28,1,23,-5,-0.9666666666666666,0.0
2025-05-17,UFC Fight Night: Burns vs. Morales,Tecia Pennington vs. Luana Pinheiro,Sal D'Amato,29,28,1,23,-5,-0.9666666666666666,0.0
2025-05-17,UFC Fight Night: Burns vs. Morales,Tecia Pennington vs. Luana Pinheiro,Ron McCarthy,29,28,1,23,-5,-0.9666666666666666,0.0
2025-05-10,UFC 315: Muhammad vs. Della Maddalena,Belal Muhammad vs. Jack Della Maddalena,Mike Bell,47,48,0,-46,3,2.683333333333333,0.0
2025-05-10,UFC 315: Muhammad vs. Della Maddalena,Belal Muhammad vs. Jack Della Maddalena,David Therien,47,48,0,-46,3,2.683333333333333,0.0
2025-05-10,UFC 315: Muhammad vs. Della Maddalena,Belal Muhammad vs. Jack Della Maddalena,Eric Colon,46,49,0,-46,3,2.683333333333333,0.0
2025-05-10,UFC 315: Muhammad vs. Della Maddalena,Valentina Shevchenko vs. Manon Fiorot,Sal D'Amato,48,47,1,1,1,-5.25,1.0
2025-05-10,UFC 315: Muhammad vs. Della Maddalena,Valentina Shevchenko vs. Manon Fiorot,Guy Girard,48,47,1,1,1,-5.25,1.0
2025-05-10,UFC 315: Muhammad vs. Della Maddalena,Valentina Shevchenko vs. Manon Fiorot,Chris Lee,48,47,1,1,1,-5.25,1.0
2025-05-10,UFC 315: Muhammad vs. Della Maddalena,Jose Aldo vs. Aiemann Zahabi,Mike Bell,28,29,0,-31,0,-2.6,1.0
2025-05-10,UFC 315: Muhammad vs. Della Maddalena,Jose Aldo vs. Aiemann Zahabi,Pasquale Procopio,28,29,0,-31,0,-2.6,1.0
2025-05-10,UFC 315: Muhammad vs. Della Maddalena,Jose Aldo vs. Aiemann Zahabi,David Therien,28,29,0,-31,0,-2.6,1.0
2025-05-10,UFC 315: Muhammad vs. Della Maddalena,Alexa Grasso vs. Natalia Silva,Chris Lee,27,30,0,-20,0,0.41666666666666674,0.0
2025-05-10,UFC 315: Muhammad vs. Della Maddalena,Alexa Grasso vs. Natalia Silva,David Therien,27,30,0,-20,0,0.41666666666666674,0.0
2025-05-10,UFC 315: Muhammad vs. Della Maddalena,Alexa Grasso vs. Natalia Silva,Jerin Valel,27,30,0,-20,0,0.41666666666666674,0.0
2025-05-10,UFC 315: Muhammad vs. Della Maddalena,Modestas Bukauskas vs. Ion Cutelaba,Pasquale Procopio,30,27,1,-14,0,-0.9166666666666665,0.0
2025-05-10,UFC 315: Muhammad vs. Della Maddalena,Modestas Bukauskas vs. Ion Cutelaba,Jerin Valel,27,30,0,-14,0,-0.9166666666666665,0.0
2025-05-10,UFC 315: Muhammad vs. Della Maddalena,Modestas Bukauskas vs. Ion Cutelaba,Sal D'Amato,29,28,1,-14,0,-0.9166666666666665,0.0
2025-05-10,UFC 315: Muhammad vs. Della Maddalena,Navajo Stirling vs. Ivan Erslan,Eric Colon,29,28,1,74,3,1.3333333333333333,1.0
2025-05-10,UFC 315: Muhammad vs. Della Maddalena,Navajo Stirling vs. Ivan Erslan,Guy Girard,29,28,1,74,3,1.3333333333333333,1.0
2025-05-10,UFC 315: Muhammad vs. Della Maddalena,Navajo Stirling vs. Ivan Erslan,Mike Bell,29,27,1,74,3,1.3333333333333333,1.0
2025-05-10,UFC 315: Muhammad vs. Della Maddalena,Daniel Santos vs. JeongYeong Lee,Sal D'Amato,30,27,1,22,6,6.1,0.0
2025-05-10,UFC 315: Muhammad vs. Della Maddalena,Daniel Santos vs. JeongYeong Lee,Guy Girard,30,27,1,22,6,6.1,0.0
2025-05-10,UFC 315: Muhammad vs. Della Maddalena,Daniel Santos vs. JeongYeong Lee,Pasquale Procopio,30,27,1,22,6,6.1,0.0
2025-05-03,UFC Fight Night: Sandhagen vs. Figueiredo,Montel Jackson vs. Daniel Marcos,Bruce Huckfeldt,30,27,1,13,-1,-2.1333333333333333,0.0
2025-05-03,UFC Fight Night: Sandhagen vs. Figueiredo,Montel Jackson vs. Daniel Marcos,Derek Cleary,30,27,1,13,-1,-2.1333333333333333,0.0
2025-05-03,UFC Fight Night: Sandhagen vs. Figueiredo,Montel Jackson vs. Daniel Marcos,Brian Puccillo,30,27,1,13,-1,-2.1333333333333333,0.0
2025-05-03,UFC Fight Night: Sandhagen vs. Figueiredo,Cameron Smotherman vs. Serhiy Sidey,Josh Stewart,27,30,0,3,-5,-4.199999999999999,0.0
2025-05-03,UFC Fight Night: Sandhagen vs. Figueiredo,Cameron Smotherman vs. Serhiy Sidey,Ellis Moore,28,29,0,3,-5,-4.199999999999999,0.0
2025-05-03,UFC Fight Night: Sandhagen vs. Figueiredo,Cameron Smotherman vs. Serhiy Sidey,Brian Puccillo,28,29,0,3,-5,-4.199999999999999,0.0
2025-05-03,UFC Fight Night: Sandhagen vs. Figueiredo,Jeremy Stephens vs. Mason Jones,Ron McCarthy,27,30,0,-39,-8,-5.866666666666666,0.0
2025-05-03,UFC Fight Night: Sandhagen vs. Figueiredo,Jeremy Stephens vs. Mason Jones,Bruce Huckfeldt,27,30,0,-39,-8,-5.866666666666666,0.0
2025-05-03,UFC Fight Night: Sandhagen vs. Figueiredo,Jeremy Stephens vs. Mason Jones,Mike Bell,27,30,0,-39,-8,-5.866666666666666,0.0
2025-05-03,UFC Fight Night: Sandhagen vs. Figueiredo,Yana Santos vs. Miesha Tate,Josh Stewart,29,28,1,26,-1,-4.316666666666666,0.0
2025-05-03,UFC Fight Night: Sandhagen vs. Figueiredo,Yana Santos vs. Miesha Tate,Derek Cleary,29,28,1,26,-1,-4.316666666666666,0.0
2025-05-03,UFC Fight Night: Sandhagen vs. Figueiredo,Yana Santos vs. Miesha Tate,Brian Puccillo,29,28,1,26,-1,-4.316666666666666,0.0
2025-05-03,UFC Fight Night: Sandhagen vs. Figueiredo,Thomas Petersen vs. Don'Tale Mayes,Bruce Huckfeldt,30,25,1,25,9,13.816666666666666,0.0
2025-05-03,UFC Fight Night: Sandhagen vs. Figueiredo,Thomas Petersen vs. Don'Tale Mayes,Ron McCarthy,30,26,1,25,9,13.816666666666666,0.0
2025-05-03,UFC Fight Night: Sandhagen vs. Figueiredo,Thomas Petersen vs. Don'Tale Mayes,Derek Cleary,30,26,1,25,9,13.816666666666666,0.0
2025-05-03,UFC Fight Night: Sandhagen vs. Figueiredo,Juliana Miller vs. Ivana Petrovic,Josh Stewart,29,28,1,-3,2,5.383333333333333,0.0
2025-05-03,UFC Fight Night: Sandhagen vs. Figueiredo,Juliana Miller vs. Ivana Petrovic,Bruce Huckfeldt,29,28,1,-3,2,5.383333333333333,0.0
2025-05-03,UFC Fight Night: Sandhagen vs. Figueiredo,Juliana Miller vs. Ivana Petrovic,Mike Bell,29,28,1,-3,2,5.383333333333333,0.0
2025-04-26,UFC Fight Night: Machado Garry vs. Prates,Ian Machado Garry vs. Carlos Prates,Sal D'Amato,48,47,1,63,4,1.3833333333333333,0.0
2025-04-26,UFC Fight Night: Machado Garry vs. Prates,Ian Machado Garry vs. Carlos Prates,Chris Lee,48,47,1,63,4,1.3833333333333333,0.0
2025-04-26,UFC Fight Night: Machado Garry vs. Prates,Ian Machado Garry vs. Carlos Prates,Travis Buesking,49,46,1,63,4,1.3833333333333333,0.0
2025-04-26,UFC Fight Night: Machado Garry vs. Prates,Giga Chikadze vs. David Onama,Brian Puccillo,28,29,0,-6,-3,-6.25,0.0
2025-04-26,UFC Fight Night: Machado Garry vs. Prates,Giga Chikadze vs. David Onama,Henry Guery,28,29,0,-6,-3,-6.25,0.0
2025-04-26,UFC Fight Night: Machado Garry vs. Prates,Giga Chikadze vs. David Onama,Chris Lee,28,29,0,-6,-3,-6.25,0.0
2025-04-26,UFC Fight Night: Machado Garry vs. Prates,Michel Pereira vs. Abus Magomedov,Sal D'Amato,27,30,0,-5,-1,-0.6166666666666666,0.0
2025-04-26,UFC Fight Night: Machado Garry vs. Prates,Michel Pereira vs. Abus Magomedov,Travis Buesking,27,30,0,-5,-1,-0.6166666666666666,0.0
2025-04-26,UFC Fight Night: Machado Garry vs. Prates,Michel Pereira vs. Abus Magomedov,Derek Cleary,27,30,0,-5,-1,-0.6166666666666666,0.0
2025-04-26,UFC Fight Night: Machado Garry vs. Prates,Matt Schnell vs. Jimmy Flick,Eric Colon,29,28,1,23,-5,-4.583333333333334,0.0
2025-04-26,UFC Fight Night: Machado Garry vs. Prates,Matt Schnell vs. Jimmy Flick,Derek Cleary,29,28,1,23,-5,-4.583333333333334,0.0
2025-04-26,UFC Fight Night: Machado Garry vs. Prates,Matt Schnell vs. Jimmy Flick,David Huyette,29,28,1,23,-5,-4.583333333333334,0.0
2025-04-26,UFC Fight Night: Machado Garry vs. Prates,Evan Elder vs. Gauge Young,Brian Puccillo,30,27,1,34,0,0.23333333333333334,0.0
2025-04-26,UFC Fight Night: Machado Garry vs. Prates,Evan Elder vs. Gauge Young,Henry Guery,30,27,1,34,0,0.23333333333333334,0.0
2025-04-26,UFC Fight Night: Machado Garry vs. Prates,Evan Elder vs. Gauge Young,Chris Lee,30,27,1,34,0,0.23333333333333334,0.0
2025-04-26,UFC Fight Night: Machado Garry vs. Prates,Chris Gutierrez vs. John Castaneda,Travis Buesking,29,28,1,5,-1,-4.183333333333334,1.0
2025-04-26,UFC Fight Night: Machado Garry vs. Prates,Chris Gutierrez vs. John Castaneda,David Huyette,28,29,0,5,-1,-4.183333333333334,1.0
2025-04-26,UFC Fight Night: Machado Garry vs. Prates,Chris Gutierrez vs. John Castaneda,Sal D'Amato,29,28,1,5,-1,-4.183333333333334,1.0
2025-04-26,UFC Fight Night: Machado Garry vs. Prates,Da'Mon Blackshear vs. Alatengheili,Chris Lee,30,27,1,64,0,-0.3,0.0
2025-04-26,UFC Fight Night: Machado Garry vs. Prates,Da'Mon Blackshear vs. Alatengheili,Eric Colon,30,27,1,64,0,-0.3,0.0
2025-04-26,UFC Fight Night: Machado Garry vs. Prates,Da'Mon Blackshear vs. Alatengheili,Derek Cleary,29,28,1,64,0,-0.3,0.0
2025-04-12,UFC 314: Volkanovski vs. Lopes,Alexander Volkanovski vs. Diego Lopes,Sal D'Amato,49,46,1,95,1,1.2166666666666668,-1.0
2025-04-12,UFC 314: Volkanovski vs. Lopes,Alexander Volkanovski vs. Diego Lopes,Chris Lee,49,46,1,95,1,1.2166666666666668,-1.0
2025-04-12,UFC 314: Volkanovski vs. Lopes,Alexander Volkanovski vs. Diego Lopes,Derek Cleary,48,47,1,95,1,1.2166666666666668,-1.0
2025-04-12,UFC 314: Volkanovski vs. Lopes,Yair Rodriguez vs. Patricio Freire,Eliseo Rodriguez,30,27,1,53,0,0.6666666666666667,1.0
2025-04-12,UFC 314: Volkanovski vs. Lopes,Yair Rodriguez vs. Patricio Freire,Junichiro Kamijo,30,27,1,53,0,0.6666666666666667,1.0
2025-04-12,UFC 314: Volkanovski vs. Lopes,Yair Rodriguez vs. Patricio Freire,Sal D'Amato,30,27,1,53,0,0.6666666666666667,1.0
2025-04-12,UFC 314: Volkanovski vs. Lopes,Yan Xiaonan vs. Virna Jandiroba,Troy Wincapaw,27,30,0,6,-3,-9.533333333333335,0.0
2025-04-12,UFC 314: Volkanovski vs. Lopes,Yan Xiaonan vs. Virna Jandiroba,Eliseo Rodriguez,27,30,0,6,-3,-9.533333333333335,0.0
2025-04-12,UFC 314: Volkanovski vs. Lopes,Yan Xiaonan vs. Virna Jandiroba,Sal D'Amato,27,30,0,6,-3,-9.533333333333335,0.0
2025-04-12,UFC 314: Volkanovski vs. Lopes,Jim Miller vs. Chase Hooper,Troy Wincapaw,27,30,0,-8,-7,-8.483333333333333,0.0
2025-04-12,UFC 314: Volkanovski vs. Lopes,Jim Miller vs. Chase Hooper,Junichiro Kamijo,28,29,0,-8,-7,-8.483333333333333,0.0
2025-04-12,UFC 314: Volkanovski vs. Lopes,Jim Miller vs. Chase Hooper,Eliseo Rodriguez,28,29,0,-8,-7,-8.483333333333333,0.0
2025-04-12,UFC 314: Volkanovski vs. Lopes,Sumudaerji vs. Mitch Raposo,Junichiro Kamijo,28,29,0,36,-6,-4.3,0.0
2025-04-12,UFC 314: Volkanovski vs. Lopes,Sumudaerji vs. Mitch Raposo,Christopher Edgehill,29,28,1,36,-6,-4.3,0.0
2025-04-12,UFC 314: Volkanovski vs. Lopes,Sumudaerji vs. Mitch Raposo,Troy Wincapaw,29,28,1,36,-6,-4.3,0.0
2025-04-05,UFC Fight Night: Emmett vs. Murphy,Josh Emmett vs. Lerone Murphy,Ben Cartlidge,47,48,0,-43,4,3.55,0.0
2025-04-05,UFC Fight Night: Emmett vs. Murphy,Josh Emmett vs. Lerone Murphy,Sal D'Amato,47,48,0,-43,4,3.55,0.0
2025-04-05,UFC Fight Night: Emmett vs. Murphy,Josh Emmett vs. Lerone Murphy,Eric Colon,46,49,0,-43,4,3.55,0.0
2025-04-05,UFC Fight Night: Emmett vs. Murphy,Pat Sabatini vs. Joanderson Brito,Sal D'Amato,30,26,1,21,4,13.783333333333333,0.0
2025-04-05,UFC Fight Night: Emmett vs. Murphy,Pat Sabatini vs. Joanderson Brito,Chris Leben,30,26,1,21,4,13.783333333333333,0.0
2025-04-05,UFC Fight Night: Emmett vs. Murphy,Pat Sabatini vs. Joanderson Brito,David Lethaby,30,27,1,21,4,13.783333333333333,0.0
2025-04-05,UFC Fight Night: Emmett vs. Murphy,Brad Tavares vs. Gerald Meerschaert,Sal D'Amato,29,28,1,9,0,-4.716666666666667,0.0
2025-04-05,UFC Fight Night: Emmett vs. Murphy,Brad Tavares vs. Gerald Meerschaert,Junichiro Kamijo,29,28,1,9,0,-4.716666666666667,0.0
2025-04-05,UFC Fight Night: Emmett vs. Murphy,Brad Tavares vs. Gerald Meerschaert,David Lethaby,29,28,1,9,0,-4.716666666666667,0.0
2025-04-05,UFC Fight Night: Emmett vs. Murphy,Torrez Finney vs. Robert Valentin,Tony Weeks,27,30,0,-19,8,12.999999999999998,0.0
2025-04-05,UFC Fight Night: Emmett vs. Murphy,Torrez Finney vs. Robert Valentin,Ben Cartlidge,29,28,1,-19,8,12.999999999999998,0.0
2025-04-05,UFC Fight Night: Emmett vs. Murphy,Torrez Finney vs. Robert Valentin,Junichiro Kamijo,29,28,1,-19,8,12.999999999999998,0.0
2025-04-05,UFC Fight Night: Emmett vs. Murphy,Loma Lookboonmee vs. Istela Nunes,Eric Colon,30,27,1,-4,3,1.3166666666666664,0.0
2025-04-05,UFC Fight Night: Emmett vs. Murphy,Loma Lookboonmee vs. Istela Nunes,Sal D'Amato,29,28,1,-4,3,1.3166666666666664,0.0
2025-04-05,UFC Fight Night: Emmett vs. Murphy,Loma Lookboonmee vs. Istela Nunes,Chris Leben,29,28,1,-4,3,1.3166666666666664,0.0
2025-04-05,UFC Fight Night: Emmett vs. Murphy,Victor Henry vs. Pedro Falcao,Ben Cartlidge,29,28,1,16,-2,1.2000000000000002,1.0
2025-04-05,UFC Fight Night: Emmett vs. Murphy,Victor Henry vs. Pedro Falcao,Junichiro Kamijo,29,28,1,16,-2,1.2000000000000002,1.0
2025-04-05,UFC Fight Night: Emmett vs. Murphy,Victor Henry vs. Pedro Falcao,Chris Leben,29,28,1,16,-2,1.2000000000000002,1.0
2025-04-05,UFC Fight Night: Emmett vs. Murphy,Martin Buday vs. Uran Satybaldiev,Eric Colon,29,28,1,22,0,4.766666666666667,0.0
2025-04-05,UFC Fight Night: Emmett vs. Murphy,Martin Buday vs. Uran Satybaldiev,David Lethaby,29,28,1,22,0,4.766666666666667,0.0
2025-04-05,UFC Fight Night: Emmett vs. Murphy,Martin Buday vs. Uran Satybaldiev,Tony Weeks,29,28,1,22,0,4.766666666666667,0.0
2025-04-05,UFC Fight Night: Emmett vs. Murphy,Vanessa Demopoulos vs. Talita Alencar,Eric Colon,26,30,0,-35,-4,-12.6,0.0
2025-04-05,UFC Fight Night: Emmett vs. Murphy,Vanessa Demopoulos vs. Talita Alencar,Sal D'Amato,27,30,0,-35,-4,-12.6,0.0
2025-04-05,UFC Fight Night: Emmett vs. Murphy,Vanessa Demopoulos vs. Talita Alencar,David Lethaby,27,30,0,-35,-4,-12.6,0.0
2025-03-29,UFC Fight Night: Moreno vs. Erceg,Brandon Moreno vs. Steve Erceg,Mike Bell,49,46,1,-27,1,1.4166666666666667,0.0
2025-03-29,UFC Fight Night: Moreno vs. Erceg,Brandon Moreno vs. Steve Erceg,Sal D'Amato,49,46,1,-27,1,1.4166666666666667,0.0
2025-03-29,UFC Fight Night: Moreno vs. Erceg,Brandon Moreno vs. Steve Erceg,Chris Lee,49,46,1,-27,1,1.4166666666666667,0.0
2025-03-29,UFC Fight Night: Moreno vs. Erceg,Raul Rosas Jr. vs. Vince Morales,Eric Colon,29,28,1,3,3,7.3999999999999995,0.0
2025-03-29,UFC Fight Night: Moreno vs. Erceg,Raul Rosas Jr. vs. Vince Morales,Sal D'Amato,29,28,1,3,3,7.3999999999999995,0.0
2025-03-29,UFC Fight Night: Moreno vs. Erceg,Raul Rosas Jr. vs. Vince Morales,Chris Lee,29,28,1,3,3,7.3999999999999995,0.0
2025-03-29,UFC Fight Night: Moreno vs. Erceg,Ronaldo Rodriguez vs. Kevin Borjas,Eric Colon,27,30,0,-19,1,0.9166666666666666,-1.0
2025-03-29,UFC Fight Night: Moreno vs. Erceg,Ronaldo Rodriguez vs. Kevin Borjas,Sal D'Amato,27,30,0,-19,1,0.9166666666666666,-1.0
2025-03-29,UFC Fight Night: Moreno vs. Erceg,Ronaldo Rodriguez vs. Kevin Borjas,Bladimir Puga,28,29,0,-19,1,0.9166666666666666,-1.0
2025-03-29,UFC Fight Night: Moreno vs. Erceg,Christian Rodriguez vs. Melquizael Costa,Miguel Jimenez,28,29,0,-1,5,1.916666666666666,0.0
2025-03-29,UFC Fight Night: Moreno vs. Erceg,Christian Rodriguez vs. Melquizael Costa,Chris Lee,28,29,0,-1,5,1.916666666666666,0.0
2025-03-29,UFC Fight Night: Moreno vs. Erceg,Christian Rodriguez vs. Melquizael Costa,Dave Tirelli,28,29,0,-1,5,1.916666666666666,0.0
2025-03-29,UFC Fight Night: Moreno vs. Erceg,Loopy Godinez vs. Julia Polastri,Bladimir Puga,29,28,1,-3,5,7.183333333333334,0.0
2025-03-29,UFC Fight Night: Moreno vs. Erceg,Loopy Godinez vs. Julia Polastri,Mike Bell,29,28,1,-3,5,7.183333333333334,0.0
2025-03-29,UFC Fight Night: Moreno vs. Erceg,Loopy Godinez vs. Julia Polastri,Eric Colon,29,28,1,-3,5,7.183333333333334,0.0
2025-03-29,UFC Fight Night: Moreno vs. Erceg,Rafa Garcia vs. Vinc Pichel,Guilherme Bravo,30,27,1,-15,2,2.2333333333333334,0.0
2025-03-29,UFC Fight Night: Moreno vs. Erceg,Rafa Garcia vs. Vinc Pichel,Dave Tirelli,30,27,1,-15,2,2.2333333333333334,0.0
2025-03-29,UFC Fight Night: Moreno vs. Erceg,Rafa Garcia vs. Vinc Pichel,Sal D'Amato,29,28,1,-15,2,2.2333333333333334,0.0
2025-03-29,UFC Fight Night: Moreno vs. Erceg,MarQuel Mederos vs. Austin Hubbard,Mike Bell,29,28,1,18,-2,-6.016666666666667,0.0
2025-03-29,UFC Fight Night: Moreno vs. Erceg,MarQuel Mederos vs. Austin Hubbard,Miguel Jimenez,28,29,0,18,-2,-6.016666666666667,0.0
2025-03-29,UFC Fight Night: Moreno vs. Erceg,MarQuel Mederos vs. Austin Hubbard,Sal D'Amato,29,28,1,18,-2,-6.016666666666667,0.0
2025-03-22,UFC Fight Night: Edwards vs. Brady,Jan Blachowicz vs. Carlos Ulberg,Ben Cartlidge,28,29,0,-16,0,-0.13333333333333333,0.0
2025-03-22,UFC Fight Night: Edwards vs. Brady,Jan Blachowicz vs. Carlos Ulberg,David Lethaby,28,29,0,-16,0,-0.13333333333333333,0.0
2025-03-22,UFC Fight Night: Edwards vs. Brady,Jan Blachowicz vs. Carlos Ulberg,Vito Paolillo,28,29,0,-16,0,-0.13333333333333333,0.0
2025-03-22,UFC Fight Night: Edwards vs. Brady,Gunnar Nelson vs. Kevin Holland,Darryl Ransom,28,29,0,-40,3,8.416666666666668,-1.0
2025-03-22,UFC Fight Night: Edwards vs. Brady,Gunnar Nelson vs. Kevin Holland,David Lethaby,28,29,0,-40,3,8.416666666666668,-1.0
2025-03-22,UFC Fight Night: Edwards vs. Brady,Gunnar Nelson vs. Kevin Holland,Anders Ohlsson,28,29,0,-40,3,8.416666666666668,-1.0
2025-03-22,UFC Fight Night: Edwards vs. Brady,Nathaniel Wood vs. Morgan Charriere,Chris Lee,30,27,1,30,-1,-2.4,1.0
2025-03-22,UFC Fight Night: Edwards vs. Brady,Nathaniel Wood vs. Morgan Charriere,Anders Ohlsson,30,27,1,30,-1,-2.4,1.0
2025-03-22,UFC Fight Night: Edwards vs. Brady,Nathaniel Wood vs. Morgan Charriere,Clemens Werner,30,27,1,30,-1,-2.4,1.0
2025-03-22,UFC Fight Night: Edwards vs. Brady,Jai Herbert vs. Chris Padilla,Darryl Ransom,28,29,0,-1,0,-3.666666666666667,0.0
2025-03-22,UFC Fight Night: Edwards vs. Brady,Jai Herbert vs. Chris Padilla,Anders Ohlsson,29,28,1,-1,0,-3.666666666666667,0.0
2025-03-22,UFC Fight Night: Edwards vs. Brady,Jai Herbert vs. Chris Padilla,Vito Paolillo,28,29,0,-1,0,-3.666666666666667,0.0
2025-03-22,UFC Fight Night: Edwards vs. Brady,Lone'er Kavanagh vs. Felipe dos Santos,Ben Cartlidge,29,28,1,7,4,5.616666666666666,0.0
2025-03-22,UFC Fight Night: Edwards vs. Brady,Lone'er Kavanagh vs. Felipe dos Santos,David Lethaby,29,28,1,7,4,5.616666666666666,0.0
2025-03-22,UFC Fight Night: Edwards vs. Brady,Lone'er Kavanagh vs. Felipe dos Santos,Clemens Werner,29,28,1,7,4,5.616666666666666,0.0
2025-03-22,UFC Fight Night: Edwards vs. Brady,Marcin Tybura vs. Mick Parkin,Darryl Ransom,29,28,1,1,0,-2.6999999999999997,0.0
2025-03-22,UFC Fight Night: Edwards vs. Brady,Marcin Tybura vs. Mick Parkin,Chris Lee,29,28,1,1,0,-2.6999999999999997,0.0
2025-03-22,UFC Fight Night: Edwards vs. Brady,Marcin Tybura vs. Mick Parkin,Vito Paolillo,29,28,1,1,0,-2.6999999999999997,0.0
2025-03-22,UFC Fight Night: Edwards vs. Brady,Christian Leroy Duncan vs. Andrey Pulyaev,Ben Cartlidge,30,27,1,55,0,3.7833333333333337,0.0
2025-03-22,UFC Fight Night: Edwards vs. Brady,Christian Leroy Duncan vs. Andrey Pulyaev,Clemens Werner,30,27,1,55,0,3.7833333333333337,0.0
2025-03-22,UFC Fight Night: Edwards vs. Brady,Christian Leroy Duncan vs. Andrey Pulyaev,Anders Ohlsson,30,26,1,55,0,3.7833333333333337,0.0
2025-03-22,UFC Fight Night: Edwards vs. Brady,Nathan Fletcher vs. Caolan Loughran,Ben Cartlidge,28,29,0,29,-5,-1.7333333333333334,0.0
2025-03-22,UFC Fight Night: Edwards vs. Brady,Nathan Fletcher vs. Caolan Loughran,Anders Ohlsson,29,28,1,29,-5,-1.7333333333333334,0.0
2025-03-22,UFC Fight Night: Edwards vs. Brady,Nathan Fletcher vs. Caolan Loughran,Vito Paolillo,28,29,0,29,-5,-1.7333333333333334,0.0
2025-03-22,UFC Fight Night: Edwards vs. Brady,Guram Kutateladze vs. Kaue Fernandes,Darryl Ransom,27,30,0,-50,-2,-1.6333333333333335,-2.0
2025-03-22,UFC Fight Night: Edwards vs. Brady,Guram Kutateladze vs. Kaue Fernandes,David Lethaby,27,30,0,-50,-2,-1.6333333333333335,-2.0
2025-03-22,UFC Fight Night: Edwards vs. Brady,Guram Kutateladze vs. Kaue Fernandes,Clemens Werner,27,30,0,-50,-2,-1.6333333333333335,-2.0
2025-03-15,UFC Fight Night: Vettori vs. Dolidze 2,Marvin Vettori vs. Roman Dolidze,Mike Bell,46,49,0,-30,0,-0.25,0.0
2025-03-15,UFC Fight Night: Vettori vs. Dolidze 2,Marvin Vettori vs. Roman Dolidze,Derek Cleary,46,49,0,-30,0,-0.25,0.0
2025-03-15,UFC Fight Night: Vettori vs. Dolidze 2,Marvin Vettori vs. Roman Dolidze,Sal D'Amato,46,49,0,-30,0,-0.25,0.0
2025-03-15,UFC Fight Night: Vettori vs. Dolidze 2,Alexander Hernandez vs. Kurt Holobaugh,Eric Colon,30,27,1,-12,4,6.116666666666667,0.0
2025-03-15,UFC Fight Night: Vettori vs. Dolidze 2,Alexander Hernandez vs. Kurt Holobaugh,Mike Bell,29,28,1,-12,4,6.116666666666667,0.0
2025-03-15,UFC Fight Night: Vettori vs. Dolidze 2,Alexander Hernandez vs. Kurt Holobaugh,Bryan Miner,29,28,1,-12,4,6.116666666666667,0.0
2025-03-15,UFC Fight Night: Vettori vs. Dolidze 2,SuYoung You vs. AJ Cunningham,Eric Colon,30,27,1,2,5,7.9,0.0
2025-03-15,UFC Fight Night: Vettori vs. Dolidze 2,SuYoung You vs. AJ Cunningham,Chris Leben,30,27,1,2,5,7.9,0.0
2025-03-15,UFC Fight Night: Vettori vs. Dolidze 2,SuYoung You vs. AJ Cunningham,Tony Weeks,30,27,1,2,5,7.9,0.0
2025-03-15,UFC Fight Night: Vettori vs. Dolidze 2,Stephanie Luciano vs. Sam Hughes,Mike Bell,28,29,0,6,-2,-3.0999999999999996,0.0
2025-03-15,UFC Fight Night: Vettori vs. Dolidze 2,Stephanie Luciano vs. Sam Hughes,Sal D'Amato,29,28,1,6,-2,-3.0999999999999996,0.0
2025-03-15,UFC Fight Night: Vettori vs. Dolidze 2,Stephanie Luciano vs. Sam Hughes,Derek Cleary,27,29,0,6,-2,-3.0999999999999996,0.0
2025-03-08,UFC 313: Pereira vs. Ankalaev,Alex Pereira vs. Magomed Ankalaev,Sal D'Amato,46,49,0,-18,0,-5.7,0.0
2025-03-08,UFC 313: Pereira vs. Ankalaev,Alex Pereira vs. Magomed Ankalaev,Derek Cleary,47,48,0,-18,0,-5.7,0.0
2025-03-08,UFC 313: Pereira vs. Ankalaev,Alex Pereira vs. Magomed Ankalaev,Mike Bell,47,48,0,-18,0,-5.7,0.0
2025-03-08,UFC 313: Pereira vs. Ankalaev,Justin Gaethje vs. Rafael Fiziev,Ben Cartlidge,29,28,1,4,-2,0.8666666666666668,1.0
2025-03-08,UFC 313: Pereira vs. Ankalaev,Justin Gaethje vs. Rafael Fiziev,Chris Lee,29,28,1,4,-2,0.8666666666666668,1.0
2025-03-08,UFC 313: Pereira vs. Ankalaev,Justin Gaethje vs. Rafael Fiziev,Ron McCarthy,29,28,1,4,-2,0.8666666666666668,1.0
2025-03-08,UFC 313: Pereira vs. Ankalaev,Amanda Lemos vs. Iasmin Lucindo,Mike Bell,29,28,1,8,2,3.9000000000000004,0.0
2025-03-08,UFC 313: Pereira vs. Ankalaev,Amanda Lemos vs. Iasmin Lucindo,Sal D'Amato,29,28,1,8,2,3.9000000000000004,0.0
2025-03-08,UFC 313: Pereira vs. Ankalaev,Amanda Lemos vs. Iasmin Lucindo,Ron McCarthy,29,28,1,8,2,3.9000000000000004,0.0
2025-03-08,UFC 313: Pereira vs. Ankalaev,Joshua Van vs. Rei Tsuruya,Mike Bell,30,27,1,27,-4,-2.9833333333333334,0.0
2025-03-08,UFC 313: Pereira vs. Ankalaev,Joshua Van vs. Rei Tsuruya,Ben Cartlidge,30,27,1,27,-4,-2.9833333333333334,0.0
2025-03-08,UFC 313: Pereira vs. Ankalaev,Joshua Van vs. Rei Tsuruya,Derek Cleary,30,27,1,27,-4,-2.9833333333333334,0.0
2025-03-08,UFC 313: Pereira vs. Ankalaev,Mairon Santos vs. Francis Marshall,Derek Cleary,27,30,0,19,-3,-2.5500000000000003,0.0
2025-03-08,UFC 313: Pereira vs. Ankalaev,Mairon Santos vs. Francis Marshall,Chris Lee,29,28,1,19,-3,-2.5500000000000003,0.0
2025-03-08,UFC 313: Pereira vs. Ankalaev,Mairon Santos vs. Francis Marshall,David Lethaby,29,28,1,19,-3,-2.5500000000000003,0.0
2025-03-08,UFC 313: Pereira vs. Ankalaev,Djorden Santos vs. Ozzy Diaz,Eric Colon,28,29,0,-4,1,0.43333333333333335,0.0
2025-03-08,UFC 313: Pereira vs. Ankalaev,Djorden Santos vs. Ozzy Diaz,Chris Lee,28,29,0,-4,1,0.43333333333333335,0.0
2025-03-08,UFC 313: Pereira vs. Ankalaev,Djorden Santos vs. Ozzy Diaz,Tony Weeks,28,29,0,-4,1,0.43333333333333335,0.0
2025-03-01,UFC Fight Night: Kape vs. Almabayev,Nasrat Haqparast vs. Esteban Ribovics,Mike Bell,29,28,1,-12,1,0.8166666666666667,0.0
2025-03-01,UFC Fight Night: Kape vs. Almabayev,Nasrat Haqparast vs. Esteban Ribovics,Chris Lee,28,29,0,-12,1,0.8166666666666667,0.0
2025-03-01,UFC Fight Night: Kape vs. Almabayev,Nasrat Haqparast vs. Esteban Ribovics,Sal D'Amato,29,28,1,-12,1,0.8166666666666667,0.0
2025-03-01,UFC Fight Night: Kape vs. Almabayev,Hyder Amil vs. William Gomis,Mike Bell,29,28,1,14,1,1.35,0.0
2025-03-01,UFC Fight Night: Kape vs. Almabayev,Hyder Amil vs. William Gomis,Anthony Maness,28,29,0,14,1,1.35,0.0
2025-03-01,UFC Fight Night: Kape vs. Almabayev,Hyder Amil vs. William Gomis,Ron McCarthy,29,28,1,14,1,1.35,0.0
2025-03-01,UFC Fight Night: Kape vs. Almabayev,Ricardo Ramos vs. Chepe Mariscal,Mike Bell,27,30,0,-48,-1,-2.1166666666666663,0.0
2025-03-01,UFC Fight Night: Kape vs. Almabayev,Ricardo Ramos vs. Chepe Mariscal,Sal D'Amato,27,30,0,-48,-1,-2.1166666666666663,0.0
2025-03-01,UFC Fight Night: Kape vs. Almabayev,Ricardo Ramos vs. Chepe Mariscal,Chris Leben,27,30,0,-48,-1,-2.1166666666666663,0.0
2025-03-01,UFC Fight Night: Kape vs. Almabayev,Danny Silva vs. Lucas Almeida,Mike Bell,29,28,1,8,1,0.5333333333333333,0.0
2025-03-01,UFC Fight Night: Kape vs. Almabayev,Danny Silva vs. Lucas Almeida,Anthony Maness,28,29,0,8,1,0.5333333333333333,0.0
2025-03-01,UFC Fight Night: Kape vs. Almabayev,Danny Silva vs. Lucas Almeida,Ron McCarthy,29,28,1,8,1,0.5333333333333333,0.0
2025-03-01,UFC Fight Night: Kape vs. Almabayev,Andrea Lee vs. JJ Aldrich,Sal D'Amato,27,30,0,-21,-1,-0.5666666666666665,0.0
2025-03-01,UFC Fight Night: Kape vs. Almabayev,Andrea Lee vs. JJ Aldrich,Junichiro Kamijo,27,30,0,-21,-1,-0.5666666666666665,0.0
2025-03-01,UFC Fight Night: Kape vs. Almabayev,Andrea Lee vs. JJ Aldrich,Ron McCarthy,28,29,0,-21,-1,-0.5666666666666665,0.0
2025-03-01,UFC Fight Night: Kape vs. Almabayev,Charles Johnson vs. Ramazan Temirov,Sal D'Amato,28,29,0,11,-1,0.9166666666666667,0.0
2025-03-01,UFC Fight Night: Kape vs. Almabayev,Charles Johnson vs. Ramazan Temirov,Bryan Miner,28,29,0,11,-1,0.9166666666666667,0.0
2025-03-01,UFC Fight Night: Kape vs. Almabayev,Charles Johnson vs. Ramazan Temirov,Tony Weeks,28,29,0,11,-1,0.9166666666666667,0.0
2025-02-22,UFC Fight Night: Cejudo vs. Song,Henry Cejudo vs. Song Yadong,Technical Decision - Eye Poke by SongMike Bell,28,29,0,-17,0,0.0,0.0
2025-02-22,UFC Fight Night: Cejudo vs. Song,Henry Cejudo vs. Song Yadong,Derek Cleary,28,29,0,-17,0,0.0,0.0
2025-02-22,UFC Fight Night: Cejudo vs. Song,Henry Cejudo vs. Song Yadong,Sal D'Amato,27,30,0,-17,0,0.0,0.0
2025-02-22,UFC Fight Night: Cejudo vs. Song,Brendan Allen vs. Anthony Hernandez,Derek Cleary,28,29,0,-16,-4,-7.399999999999999,0.0
2025-02-22,UFC Fight Night: Cejudo vs. Song,Brendan Allen vs. Anthony Hernandez,Sal D'Amato,28,29,0,-16,-4,-7.399999999999999,0.0
2025-02-22,UFC Fight Night: Cejudo vs. Song,Brendan Allen vs. Anthony Hernandez,Chris Lee,28,29,0,-16,-4,-7.399999999999999,0.0
2025-02-22,UFC Fight Night: Cejudo vs. Song,Rob Font vs. Jean Matsumoto,Derek Cleary,29,28,1,18,-7,-4.95,0.0
2025-02-22,UFC Fight Night: Cejudo vs. Song,Rob Font vs. Jean Matsumoto,Sal D'Amato,28,29,0,18,-7,-4.95,0.0
2025-02-22,UFC Fight Night: Cejudo vs. Song,Rob Font vs. Jean Matsumoto,Mike Bell,29,28,1,18,-7,-4.95,0.0
2025-02-22,UFC Fight Night: Cejudo vs. Song,Alonzo Menifield vs. Julius Walker,Brianne Davis,28,29,0,1,-1,-4.8,0.0
2025-02-22,UFC Fight Night: Cejudo vs. Song,Alonzo Menifield vs. Julius Walker,Sal D'Amato,29,28,1,1,-1,-4.8,0.0
2025-02-22,UFC Fight Night: Cejudo vs. Song,Alonzo Menifield vs. Julius Walker,Derek Cleary,30,27,1,1,-1,-4.8,0.0
2025-02-15,UFC Fight Night: Cannonier vs. Rodrigues,Calvin Kattar vs. Youssef Zalal,Mike Bell,28,29,0,-36,0,0.0,0.0
2025-02-15,UFC Fight Night: Cannonier vs. Rodrigues,Calvin Kattar vs. Youssef Zalal,Derek Cleary,28,29,0,-36,0,0.0,0.0
2025-02-15,UFC Fight Night: Cannonier vs. Rodrigues,Calvin Kattar vs. Youssef Zalal,Junichiro Kamijo,28,29,0,-36,0,0.0,0.0
2025-02-15,UFC Fight Night: Cannonier vs. Rodrigues,Rodolfo Vieira vs. Andre Petroski,Derek Cleary,28,29,0,3,1,1.75,0.0
2025-02-15,UFC Fight Night: Cannonier vs. Rodrigues,Rodolfo Vieira vs. Andre Petroski,Sal D'Amato,28,29,0,3,1,1.75,0.0
2025-02-15,UFC Fight Night: Cannonier vs. Rodrigues,Rodolfo Vieira vs. Andre Petroski,Bryan Miner,28,29,0,3,1,1.75,0.0
2025-02-15,UFC Fight Night: Cannonier vs. Rodrigues,Angela Hill vs. Ketlen Souza,Mike Bell,29,28,1,16,2,4.466666666666667,0.0
2025-02-15,UFC Fight Night: Cannonier vs. Rodrigues,Angela Hill vs. Ketlen Souza,Derek Cleary,28,29,0,16,2,4.466666666666667,0.0
2025-02-15,UFC Fight Night: Cannonier vs. Rodrigues,Angela Hill vs. Ketlen Souza,Sal D'Amato,29,28,1,16,2,4.466666666666667,0.0
2025-02-15,UFC Fight Night: Cannonier vs. Rodrigues,Rafael Estevam vs. Jesus Aguilar,Mike Bell,29,28,1,-24,9,8.133333333333333,0.0
2025-02-15,UFC Fight Night: Cannonier vs. Rodrigues,Rafael Estevam vs. Jesus Aguilar,Eric Colon,29,28,1,-24,9,8.133333333333333,0.0
2025-02-15,UFC Fight Night: Cannonier vs. Rodrigues,Rafael Estevam vs. Jesus Aguilar,Sal D'Amato,29,28,1,-24,9,8.133333333333333,0.0
2025-02-15,UFC Fight Night: Cannonier vs. Rodrigues,Vince Morales vs. Elijah Smith,Mike Bell,28,29,0,0,-1,0.23333333333333295,0.0
2025-02-15,UFC Fight Night: Cannonier vs. Rodrigues,Vince Morales vs. Elijah Smith,Sal D'Amato,28,29,0,0,-1,0.23333333333333295,0.0
2025-02-15,UFC Fight Night: Cannonier vs. Rodrigues,Vince Morales vs. Elijah Smith,Junichiro Kamijo,28,29,0,0,-1,0.23333333333333295,0.0
2025-02-15,UFC Fight Night: Cannonier vs. Rodrigues,Julia Avila vs. Jacqueline Cavalcanti,Derek Cleary,27,30,0,-19,1,1.65,0.0
2025-02-15,UFC Fight Night: Cannonier vs. Rodrigues,Julia Avila vs. Jacqueline Cavalcanti,Eric Colon,27,30,0,-19,1,1.65,0.0
2025-02-15,UFC Fight Night: Cannonier vs. Rodrigues,Julia Avila vs. Jacqueline Cavalcanti,Sal D'Amato,27,30,0,-19,1,1.65,0.0
2025-02-08,UFC 312: Du Plessis vs. Strickland 2,Dricus Du Plessis vs. Sean Strickland,Ben Cartlidge,49,46,1,19,1,0.08333333333333333,0.0
2025-02-08,UFC 312: Du Plessis vs. Strickland 2,Dricus Du Plessis vs. Sean Strickland,Sal D'Amato,50,45,1,19,1,0.08333333333333333,0.0
2025-02-08,UFC 312: Du Plessis vs. Strickland 2,Dricus Du Plessis vs. Sean Strickland,Clemens Werner,50,45,1,19,1,0.08333333333333333,0.0
2025-02-08,UFC 312: Du Plessis vs. Strickland 2,Zhang Weili vs. Tatiana Suarez,Mike Bell,49,46,1,41,0,4.966666666666667,0.0
2025-02-08,UFC 312: Du Plessis vs. Strickland 2,Zhang Weili vs. Tatiana Suarez,David Lethaby,49,46,1,41,0,4.966666666666667,0.0
2025-02-08,UFC 312: Du Plessis vs. Strickland 2,Zhang Weili vs. Tatiana Suarez,Mark Collett,49,45,1,41,0,4.966666666666667,0.0
2025-02-08,UFC 312: Du Plessis vs. Strickland 2,Jake Matthews vs. Francisco Prado,Sal D'Amato,30,27,1,9,-1,-1.6,0.0
2025-02-08,UFC 312: Du Plessis vs. Strickland 2,Jake Matthews vs. Francisco Prado,Charlie Keech,30,27,1,9,-1,-1.6,0.0
2025-02-08,UFC 312: Du Plessis vs. Strickland 2,Jake Matthews vs. Francisco Prado,Clemens Werner,30,27,1,9,-1,-1.6,0.0
2025-02-08,UFC 312: Du Plessis vs. Strickland 2,Tom Nolan vs. Viacheslav Borshchev,Ben Cartlidge,29,28,1,3,1,-1.1666666666666665,0.0
2025-02-08,UFC 312: Du Plessis vs. Strickland 2,Tom Nolan vs. Viacheslav Borshchev,Charlie Keech,29,28,1,3,1,-1.1666666666666665,0.0
2025-02-08,UFC 312: Du Plessis vs. Strickland 2,Tom Nolan vs. Viacheslav Borshchev,David Lethaby,30,27,1,3,1,-1.1666666666666665,0.0
2025-02-08,UFC 312: Du Plessis vs. Strickland 2,Wang Cong vs. Bruna Brasil,Mark Collett,30,27,1,72,2,0.05,0.0
2025-02-08,UFC 312: Du Plessis vs. Strickland 2,Wang Cong vs. Bruna Brasil,Sal D'Amato,30,27,1,72,2,0.05,0.0
2025-02-08,UFC 312: Du Plessis vs. Strickland 2,Wang Cong vs. Bruna Brasil,Clemens Werner,30,27,1,72,2,0.05,0.0
2025-02-08,UFC 312: Du Plessis vs. Strickland 2,Colby Thicknesse vs. Aleksandre Topuria,Mike Bell,27,30,0,-3,-1,-5.033333333333333,0.0
2025-02-08,UFC 312: Du Plessis vs. Strickland 2,Colby Thicknesse vs. Aleksandre Topuria,Ben Cartlidge,27,30,0,-3,-1,-5.033333333333333,0.0
2025-02-08,UFC 312: Du Plessis vs. Strickland 2,Colby Thicknesse vs. Aleksandre Topuria,Charlie Keech,27,30,0,-3,-1,-5.033333333333333,0.0
2025-02-08,UFC 312: Du Plessis vs. Strickland 2,Rongzhu vs. Kody Steele,Sal D'Amato,30,27,1,66,-1,0.19999999999999998,1.0
2025-02-08,UFC 312: Du Plessis vs. Strickland 2,Rongzhu vs. Kody Steele,Evan Field,30,27,1,66,-1,0.19999999999999998,1.0
2025-02-08,UFC 312: Du Plessis vs. Strickland 2,Rongzhu vs. Kody Steele,Clemens Werner,30,27,1,66,-1,0.19999999999999998,1.0
2025-02-08,UFC 312: Du Plessis vs. Strickland 2,Jonathan Micallef vs. Kevin Jousset,Mark Collett,29,28,1,18,0,0.15,1.0
2025-02-08,UFC 312: Du Plessis vs. Strickland 2,Jonathan Micallef vs. Kevin Jousset,Charlie Keech,29,28,1,18,0,0.15,1.0
2025-02-08,UFC 312: Du Plessis vs. Strickland 2,Jonathan Micallef vs. Kevin Jousset,David Lethaby,29,28,1,18,0,0.15,1.0
2025-02-01,UFC Fight Night: Adesanya vs. Imavov,Shara Magomedov vs. Michael Page,Jacob Montalvo,27,30,0,-5,0,-0.16666666666666663,0.0
2025-02-01,UFC Fight Night: Adesanya vs. Imavov,Shara Magomedov vs. Michael Page,Clemens Werner,27,30,0,-5,0,-0.16666666666666663,0.0
2025-02-01,UFC Fight Night: Adesanya vs. Imavov,Shara Magomedov vs. Michael Page,Mike Bell,28,29,0,-5,0,-0.16666666666666663,0.0
2025-02-01,UFC Fight Night: Adesanya vs. Imavov,Sergei Pavlovich vs. Jairzinho Rozenstruik,Sal D'Amato,30,27,1,8,2,6.283333333333333,0.0
2025-02-01,UFC Fight Night: Adesanya vs. Imavov,Sergei Pavlovich vs. Jairzinho Rozenstruik,David Lethaby,30,27,1,8,2,6.283333333333333,0.0
2025-02-01,UFC Fight Night: Adesanya vs. Imavov,Sergei Pavlovich vs. Jairzinho Rozenstruik,Clemens Werner,30,27,1,8,2,6.283333333333333,0.0
2025-02-01,UFC Fight Night: Adesanya vs. Imavov,Said Nurmagomedov vs. Vinicius Oliveira,Ben Cartlidge,28,29,0,-5,-2,-6.2333333333333325,0.0
2025-02-01,UFC Fight Night: Adesanya vs. Imavov,Said Nurmagomedov vs. Vinicius Oliveira,Jacob Montalvo,28,29,0,-5,-2,-6.2333333333333325,0.0
2025-02-01,UFC Fight Night: Adesanya vs. Imavov,Said Nurmagomedov vs. Vinicius Oliveira,Tony Weeks,28,29,0,-5,-2,-6.2333333333333325,0.0
2025-02-01,UFC Fight Night: Adesanya vs. Imavov,Fares Ziam vs. Mike Davis,Sal D'Amato,30,27,1,15,3,3.2,0.0
2025-02-01,UFC Fight Night: Adesanya vs. Imavov,Fares Ziam vs. Mike Davis,David Lethaby,30,27,1,15,3,3.2,0.0
2025-02-01,UFC Fight Night: Adesanya vs. Imavov,Fares Ziam vs. Mike Davis,Clemens Werner,30,27,1,15,3,3.2,0.0
2025-02-01,UFC Fight Night: Adesanya vs. Imavov,Muhammad Naimov vs. Kaan Ofli,Ben Cartlidge,30,27,1,1,2,2.0166666666666666,0.0
2025-02-01,UFC Fight Night: Adesanya vs. Imavov,Muhammad Naimov vs. Kaan Ofli,Tony Weeks,30,27,1,1,2,2.0166666666666666,0.0
2025-02-01,UFC Fight Night: Adesanya vs. Imavov,Muhammad Naimov vs. Kaan Ofli,Mike Bell,29,28,1,1,2,2.0166666666666666,0.0
2025-02-01,UFC Fight Night: Adesanya vs. Imavov,Jasmine Jasudavicius vs. Mayra Bueno Silva,Sal D'Amato,30,27,1,19,3,7.183333333333333,0.0
2025-02-01,UFC Fight Night: Adesanya vs. Imavov,Jasmine Jasudavicius vs. Mayra Bueno Silva,Tony Weeks,30,27,1,19,3,7.183333333333333,0.0
2025-02-01,UFC Fight Night: Adesanya vs. Imavov,Jasmine Jasudavicius vs. Mayra Bueno Silva,Clemens Werner,30,27,1,19,3,7.183333333333333,0.0
2025-02-01,UFC Fight Night: Adesanya vs. Imavov,Hamdy Abdelwahab vs. Jamal Pogues,Tony Weeks,27,30,0,-25,1,0.95,0.0
2025-02-01,UFC Fight Night: Adesanya vs. Imavov,Hamdy Abdelwahab vs. Jamal Pogues,Ben Cartlidge,29,28,1,-25,1,0.95,0.0
2025-02-01,UFC Fight Night: Adesanya vs. Imavov,Hamdy Abdelwahab vs. Jamal Pogues,Sal D'Amato,29,28,1,-25,1,0.95,0.0
2025-01-18,UFC 311: Makhachev vs. Moicano,Merab Dvalishvili vs. Umar Nurmagomedov,Chris Leben,48,47,1,7,5,0.7499999999999996,0.0
2025-01-18,UFC 311: Makhachev vs. Moicano,Merab Dvalishvili vs. Umar Nurmagomedov,Chris Crail,49,46,1,7,5,0.7499999999999996,0.0
2025-01-18,UFC 311: Makhachev vs. Moicano,Merab Dvalishvili vs. Umar Nurmagomedov,Mike Bell,48,47,1,7,5,0.7499999999999996,0.0
2025-01-18,UFC 311: Makhachev vs. Moicano,Payton Talbott vs. Raoni Barcelos,Chris Leben,27,30,0,-13,-7,-8.3,0.0
2025-01-18,UFC 311: Makhachev vs. Moicano,Payton Talbott vs. Raoni Barcelos,Jonathan Romero,27,30,0,-13,-7,-8.3,0.0
2025-01-18,UFC 311: Makhachev vs. Moicano,Payton Talbott vs. Raoni Barcelos,Chris Crail,26,30,0,-13,-7,-8.3,0.0
2025-01-18,UFC 311: Makhachev vs. Moicano,Grant Dawson vs. Diego Ferreira,Felicia Oh,30,27,1,15,6,10.499999999999998,0.0
2025-01-18,UFC 311: Makhachev vs. Moicano,Grant Dawson vs. Diego Ferreira,RaphaelDavis,30,27,1,15,6,10.499999999999998,0.0
2025-01-18,UFC 311: Makhachev vs. Moicano,Grant Dawson vs. Diego Ferreira,Ron McCarthy,30,27,1,15,6,10.499999999999998,0.0
2025-01-18,UFC 311: Makhachev vs. Moicano,Karol Rosa vs. Ailin Perez,Sal D'Amato,28,29,0,-9,-2,-4.25,0.0
2025-01-18,UFC 311: Makhachev vs. Moicano,Karol Rosa vs. Ailin Perez,Jonathan Romero,28,29,0,-9,-2,-4.25,0.0
2025-01-18,UFC 311: Makhachev vs. Moicano,Karol Rosa vs. Ailin Perez,Chris Crail,27,30,0,-9,-2,-4.25,0.0
2025-01-18,UFC 311: Makhachev vs. Moicano,Rinya Nakamura vs. Muin Gafurov,Chris Leben,27,30,0,-6,0,-0.9333333333333338,-1.0
2025-01-18,UFC 311: Makhachev vs. Moicano,Rinya Nakamura vs. Muin Gafurov,Derek Cleary,27,30,0,-6,0,-0.9333333333333338,-1.0
2025-01-18,UFC 311: Makhachev vs. Moicano,Rinya Nakamura vs. Muin Gafurov,Felicia Oh,27,30,0,-6,0,-0.9333333333333338,-1.0
2025-01-18,UFC 311: Makhachev vs. Moicano,Ricky Turcios vs. Benardo Sopaj,Brian Tyler,27,30,0,-3,-1,-0.5666666666666669,-1.0
2025-01-18,UFC 311: Makhachev vs. Moicano,Ricky Turcios vs. Benardo Sopaj,Felicia Oh,27,30,0,-3,-1,-0.5666666666666669,-1.0
2025-01-18,UFC 311: Makhachev vs. Moicano,Ricky Turcios vs. Benardo Sopaj,Ron McCarthy,28,29,0,-3,-1,-0.5666666666666669,-1.0
2025-01-18,UFC 311: Makhachev vs. Moicano,Tagir Ulanbekov vs. Clayton Carpenter,Brian Tyler,30,27,1,0,2,3.8,0.0
2025-01-18,UFC 311: Makhachev vs. Moicano,Tagir Ulanbekov vs. Clayton Carpenter,Jonathan Romero,30,27,1,0,2,3.8,0.0
2025-01-18,UFC 311: Makhachev vs. Moicano,Tagir Ulanbekov vs. Clayton Carpenter,RaphaelDavis,29,28,1,0,2,3.8,0.0
2025-01-11,UFC Fight Night: Dern vs. Ribas 2,Christian Rodriguez vs. Austin Bashi,Mike Bell,29,28,1,21,-1,-2.35,0.0
2025-01-11,UFC Fight Night: Dern vs. Ribas 2,Christian Rodriguez vs. Austin Bashi,David Lethaby,29,28,1,21,-1,-2.35,0.0
2025-01-11,UFC Fight Night: Dern vs. Ribas 2,Christian Rodriguez vs. Austin Bashi,Bryan Miner,29,28,1,21,-1,-2.35,0.0
2025-01-11,UFC Fight Night: Dern vs. Ribas 2,Thiago Moises vs. Trey Ogden,Mike Bell,29,28,1,-4,-1,7.316666666666666,0.0
2025-01-11,UFC Fight Night: Dern vs. Ribas 2,Thiago Moises vs. Trey Ogden,Sal D'Amato,29,28,1,-4,-1,7.316666666666666,0.0
2025-01-11,UFC Fight Night: Dern vs. Ribas 2,Thiago Moises vs. Trey Ogden,Ron McCarthy,29,28,1,-4,-1,7.316666666666666,0.0
2025-01-11,UFC Fight Night: Dern vs. Ribas 2,Ernesta Kareckaite vs. Nicolle Caliari,Sal D'Amato,29,28,1,28,-3,-2.0166666666666666,0.0
2025-01-11,UFC Fight Night: Dern vs. Ribas 2,Ernesta Kareckaite vs. Nicolle Caliari,Mike Bell,28,29,0,28,-3,-2.0166666666666666,0.0
2025-01-11,UFC Fight Night: Dern vs. Ribas 2,Ernesta Kareckaite vs. Nicolle Caliari,Ron McCarthy,29,28,1,28,-3,-2.0166666666666666,0.0
2025-01-11,UFC Fight Night: Dern vs. Ribas 2,Magomed Gadzhiyasulov vs. Bruno Lopes,Junichiro Kamijo,28,29,0,-2,-5,-9.083333333333334,0.0
2025-01-11,UFC Fight Night: Dern vs. Ribas 2,Magomed Gadzhiyasulov vs. Bruno Lopes,David Lethaby,28,29,0,-2,-5,-9.083333333333334,0.0
2025-01-11,UFC Fight Night: Dern vs. Ribas 2,Magomed Gadzhiyasulov vs. Bruno Lopes,Bryan Miner,28,29,0,-2,-5,-9.083333333333334,0.0
2025-01-11,UFC Fight Night: Dern vs. Ribas 2,Nurullo Aliev vs. Joe Solecki,David Lethaby,30,27,1,7,1,7.616666666666667,0.0
2025-01-11,UFC Fight Night: Dern vs. Ribas 2,Nurullo Aliev vs. Joe Solecki,Mike Bell,29,28,1,7,1,7.616666666666667,0.0
2025-01-11,UFC Fight Night: Dern vs. Ribas 2,Nurullo Aliev vs. Joe Solecki,Sal D'Amato,29,28,1,7,1,7.616666666666667,0.0
2024-12-14,UFC Fight Night: Covington vs. Buckley,Adrian Yanez vs. Daniel Marcos,Derek Cleary,27,30,0,-7,-2,-2.1333333333333333,0.0
2024-12-14,UFC Fight Night: Covington vs. Buckley,Adrian Yanez vs. Daniel Marcos,Chris Lee,29,28,1,-7,-2,-2.1333333333333333,0.0
2024-12-14,UFC Fight Night: Covington vs. Buckley,Adrian Yanez vs. Daniel Marcos,Eric Colon,28,29,0,-7,-2,-2.1333333333333333,0.0
2024-12-14,UFC Fight Night: Covington vs. Buckley,Navajo Stirling vs. Tuco Tokkos,Jason Grenier,30,27,1,46,-3,-2.7,0.0
2024-12-14,UFC Fight Night: Covington vs. Buckley,Navajo Stirling vs. Tuco Tokkos,Eric Colon,30,27,1,46,-3,-2.7,0.0
2024-12-14,UFC Fight Night: Covington vs. Buckley,Navajo Stirling vs. Tuco Tokkos,Derek Cleary,30,27,1,46,-3,-2.7,0.0
2024-12-14,UFC Fight Night: Covington vs. Buckley,Miles Johns vs. Felipe Lima,Troy Wincapaw,27,30,0,-24,-2,-1.333333333333333,0.0
2024-12-14,UFC Fight Night: Covington vs. Buckley,Miles Johns vs. Felipe Lima,Chris Lee,27,30,0,-24,-2,-1.333333333333333,0.0
2024-12-14,UFC Fight Night: Covington vs. Buckley,Miles Johns vs. Felipe Lima,Sal D'Amato,27,30,0,-24,-2,-1.333333333333333,0.0
2024-12-14,UFC Fight Night: Covington vs. Buckley,Miranda Maverick vs. Jamey-Lyn Horth,Solimar Miranda,29,28,1,9,1,3.5333333333333328,0.0
2024-12-14,UFC Fight Night: Covington vs. Buckley,Miranda Maverick vs. Jamey-Lyn Horth,Derek Cleary,29,28,1,9,1,3.5333333333333328,0.0
2024-12-14,UFC Fight Night: Covington vs. Buckley,Miranda Maverick vs. Jamey-Lyn Horth,Sal D'Amato,29,28,1,9,1,3.5333333333333328,0.0
2024-12-14,UFC Fight Night: Covington vs. Buckley,Davey Grant vs. Ramon Taveras,Derek Cleary,29,28,1,78,0,0.0,0.0
2024-12-14,UFC Fight Night: Covington vs. Buckley,Davey Grant vs. Ramon Taveras,Eric Colon,30,27,1,78,0,0.0,0.0
2024-12-14,UFC Fight Night: Covington vs. Buckley,Davey Grant vs. Ramon Taveras,Christopher Edgehill,30,27,1,78,0,0.0,0.0
2024-12-14,UFC Fight Night: Covington vs. Buckley,Josefine Knutsson vs. Piera Rodriguez,Eric Colon,27,30,0,-10,-8,-9.116666666666665,0.0
2024-12-14,UFC Fight Night: Covington vs. Buckley,Josefine Knutsson vs. Piera Rodriguez,Jason Grenier,27,30,0,-10,-8,-9.116666666666665,0.0
2024-12-14,UFC Fight Night: Covington vs. Buckley,Josefine Knutsson vs. Piera Rodriguez,Sal D'Amato,27,30,0,-10,-8,-9.116666666666665,0.0
2024-12-07,UFC 310: Pantoja vs. Asakura,Shavkat Rakhmonov vs. Ian Machado Garry,Mike Bell,48,47,1,-5,1,9.15,0.0
2024-12-07,UFC 310: Pantoja vs. Asakura,Shavkat Rakhmonov vs. Ian Machado Garry,Chris Lee,48,47,1,-5,1,9.15,0.0
2024-12-07,UFC 310: Pantoja vs. Asakura,Shavkat Rakhmonov vs. Ian Machado Garry,Ron McCarthy,48,47,1,-5,1,9.15,0.0
2024-12-07,UFC 310: Pantoja vs. Asakura,Ciryl Gane vs. Alexander Volkov,Adalaide Byrd,29,28,1,4,-1,-0.8666666666666667,0.0
2024-12-07,UFC 310: Pantoja vs. Asakura,Ciryl Gane vs. Alexander Volkov,Eric Colon,28,29,0,4,-1,-0.8666666666666667,0.0
2024-12-07,UFC 310: Pantoja vs. Asakura,Ciryl Gane vs. Alexander Volkov,Junichiro Kamijo,29,28,1,4,-1,-0.8666666666666667,0.0
2024-12-07,UFC 310: Pantoja vs. Asakura,Movsar Evloev vs. Aljamain Sterling,Ben Cartlidge,29,28,1,-4,-2,-0.11666666666666714,0.0
2024-12-07,UFC 310: Pantoja vs. Asakura,Movsar Evloev vs. Aljamain Sterling,Derek Cleary,29,28,1,-4,-2,-0.11666666666666714,0.0
2024-12-07,UFC 310: Pantoja vs. Asakura,Movsar Evloev vs. Aljamain Sterling,Sal D'Amato,29,28,1,-4,-2,-0.11666666666666714,0.0
2024-12-07,UFC 310: Pantoja vs. Asakura,Randy Brown vs. Bryan Battle,Mike Bell,29,28,1,3,2,-5.6499999999999995,0.0
2024-12-07,UFC 310: Pantoja vs. Asakura,Randy Brown vs. Bryan Battle,Adalaide Byrd,28,29,0,3,2,-5.6499999999999995,0.0
2024-12-07,UFC 310: Pantoja vs. Asakura,Randy Brown vs. Bryan Battle,Ron McCarthy,28,29,0,3,2,-5.6499999999999995,0.0
2024-12-07,UFC 310: Pantoja vs. Asakura,Cody Durden vs. Joshua Van,Mike Bell,28,29,0,-95,2,2.9,0.0
2024-12-07,UFC 310: Pantoja vs. Asakura,Cody Durden vs. Joshua Van,Eric Colon,26,30,0,-95,2,2.9,0.0
2024-12-07,UFC 310: Pantoja vs. Asakura,Cody Durden vs. Joshua Van,Ron McCarthy,27,30,0,-95,2,2.9,0.0
2024-11-23,UFC Fight Night: Yan vs. Figueiredo,Petr Yan vs. Deiveson Figueiredo,Sal D'Amato,50,45,1,68,-1,0.3500000000000001,0.0
2024-11-23,UFC Fight Night: Yan vs. Figueiredo,Petr Yan vs. Deiveson Figueiredo,David Lethaby,50,45,1,68,-1,0.3500000000000001,0.0
2024-11-23,UFC Fight Night: Yan vs. Figueiredo,Petr Yan vs. Deiveson Figueiredo,Clemens Werner,50,45,1,68,-1,0.3500000000000001,0.0
2024-11-23,UFC Fight Night: Yan vs. Figueiredo,Yan Xiaonan vs. Tabatha Ricci,Sal D'Amato,30,27,1,63,-1,-0.26666666666666666,0.0
2024-11-23,UFC Fight Night: Yan vs. Figueiredo,Yan Xiaonan vs. Tabatha Ricci,Mark Collett,30,27,1,63,-1,-0.26666666666666666,0.0
2024-11-23,UFC Fight Night: Yan vs. Figueiredo,Yan Xiaonan vs. Tabatha Ricci,Vito Paolillo,30,27,1,63,-1,-0.26666666666666666,0.0
2024-11-23,UFC Fight Night: Yan vs. Figueiredo,Volkan Oezdemir vs. Carlos Ulberg,Mark Christie,27,30,0,-2,0,0.05,0.0
2024-11-23,UFC Fight Night: Yan vs. Figueiredo,Volkan Oezdemir vs. Carlos Ulberg,Vito Paolillo,27,30,0,-2,0,0.05,0.0
2024-11-23,UFC Fight Night: Yan vs. Figueiredo,Volkan Oezdemir vs. Carlos Ulberg,Evan Field,28,29,0,-2,0,0.05,0.0
2024-11-23,UFC Fight Night: Yan vs. Figueiredo,Baergeng Jieleyisi vs. SuYoung You,Mark Christie,27,30,0,-33,-1,-4.483333333333333,0.0
2024-11-23,UFC Fight Night: Yan vs. Figueiredo,Baergeng Jieleyisi vs. SuYoung You,Clemens Werner,27,30,0,-33,-1,-4.483333333333333,0.0
2024-11-23,UFC Fight Night: Yan vs. Figueiredo,Baergeng Jieleyisi vs. SuYoung You,David Lethaby,28,29,0,-33,-1,-4.483333333333333,0.0
2024-11-23,UFC Fight Night: Yan vs. Figueiredo,Nyamjargal Tumendemberel vs. Carlos Hernandez,Mark Collett,28,29,0,-18,-4,-4.5,1.0
2024-11-23,UFC Fight Night: Yan vs. Figueiredo,Nyamjargal Tumendemberel vs. Carlos Hernandez,Sal D'Amato,29,28,1,-18,-4,-4.5,1.0
2024-11-23,UFC Fight Night: Yan vs. Figueiredo,Nyamjargal Tumendemberel vs. Carlos Hernandez,Clemens Werner,28,29,0,-18,-4,-4.5,1.0
2024-11-23,UFC Fight Night: Yan vs. Figueiredo,Lone'er Kavanagh vs. Jose Ochoa,Mark Christie,30,27,1,1,0,-0.6000000000000001,0.0
2024-11-23,UFC Fight Night: Yan vs. Figueiredo,Lone'er Kavanagh vs. Jose Ochoa,Evan Field,29,28,1,1,0,-0.6000000000000001,0.0
2024-11-23,UFC Fight Night: Yan vs. Figueiredo,Lone'er Kavanagh vs. Jose Ochoa,Vito Paolillo,29,28,1,1,0,-0.6000000000000001,0.0
2024-11-23,UFC Fight Night: Yan vs. Figueiredo,Maheshate vs. Nikolas Motta,Evan Field,27,30,0,-22,0,-1.5333333333333332,-2.0
2024-11-23,UFC Fight Night: Yan vs. Figueiredo,Maheshate vs. Nikolas Motta,David Lethaby,27,30,0,-22,0,-1.5333333333333332,-2.0
2024-11-23,UFC Fight Night: Yan vs. Figueiredo,Maheshate vs. Nikolas Motta,Vito Paolillo,27,30,0,-22,0,-1.5333333333333332,-2.0
2024-11-16,UFC 309: Jones vs. Miocic,Charles Oliveira vs. Michael Chandler,Eric Colon,49,46,1,4,5,12.883333333333333,0.0
2024-11-16,UFC 309: Jones vs. Miocic,Charles Oliveira vs. Michael Chandler,Junichiro Kamijo,49,46,1,4,5,12.883333333333333,0.0
2024-11-16,UFC 309: Jones vs. Miocic,Charles Oliveira vs. Michael Chandler,Ron McCarthy,49,45,1,4,5,12.883333333333333,0.0
2024-11-16,UFC 309: Jones vs. Miocic,Bo Nickal vs. Paul Craig,Chris Bolinski,30,27,1,7,0,0.0,0.0
2024-11-16,UFC 309: Jones vs. Miocic,Bo Nickal vs. Paul Craig,Sal D'Amato,30,27,1,7,0,0.0,0.0
2024-11-16,UFC 309: Jones vs. Miocic,Bo Nickal vs. Paul Craig,Bryan Miner,30,27,1,7,0,0.0,0.0
2024-11-16,UFC 309: Jones vs. Miocic,Viviane Araujo vs. Karine Silva,Derek Cleary,29,28,1,-10,2,-1.083333333333333,0.0
2024-11-16,UFC 309: Jones vs. Miocic,Viviane Araujo vs. Karine Silva,Junichiro Kamijo,29,28,1,-10,2,-1.083333333333333,0.0
2024-11-16,UFC 309: Jones vs. Miocic,Viviane Araujo vs. Karine Silva,Chris Lee,29,28,1,-10,2,-1.083333333333333,0.0
2024-11-16,UFC 309: Jones vs. Miocic,Mauricio Ruffy vs. James Llontop,Eric Colon,29,28,1,-23,0,-1.0666666666666667,1.0
2024-11-16,UFC 309: Jones vs. Miocic,Mauricio Ruffy vs. James Llontop,Ron McCarthy,29,28,1,-23,0,-1.0666666666666667,1.0
2024-11-16,UFC 309: Jones vs. Miocic,Mauricio Ruffy vs. James Llontop,Bryan Miner,29,28,1,-23,0,-1.0666666666666667,1.0
2024-11-16,UFC 309: Jones vs. Miocic,Jonathan Martinez vs. Marcus McGhee,Chris Bolinski,28,29,0,-54,0,0.95,0.0
2024-11-16,UFC 309: Jones vs. Miocic,Jonathan Martinez vs. Marcus McGhee,Sal D'Amato,28,29,0,-54,0,0.95,0.0
2024-11-16,UFC 309: Jones vs. Miocic,Jonathan Martinez vs. Marcus McGhee,Chris Lee,28,29,0,-54,0,0.95,0.0
2024-11-16,UFC 309: Jones vs. Miocic,David Onama vs. Roberto Romero,Chris Bolinski,30,27,1,47,1,3.1500000000000004,0.0
2024-11-16,UFC 309: Jones vs. Miocic,David Onama vs. Roberto Romero,Chris Lee,30,27,1,47,1,3.1500000000000004,0.0
2024-11-16,UFC 309: Jones vs. Miocic,David Onama vs. Roberto Romero,Ron McCarthy,30,27,1,47,1,3.1500000000000004,0.0
2024-11-16,UFC 309: Jones vs. Miocic,Veronica Hardy vs. Eduarda Moura,Junichiro Kamijo,27,30,0,20,-3,-4.216666666666667,0.0
2024-11-16,UFC 309: Jones vs. Miocic,Veronica Hardy vs. Eduarda Moura,Chris Bolinski,28,29,0,20,-3,-4.216666666666667,0.0
2024-11-16,UFC 309: Jones vs. Miocic,Veronica Hardy vs. Eduarda Moura,Bryan Miner,28,29,0,20,-3,-4.216666666666667,0.0
2024-11-09,UFC Fight Night: Magny vs. Prates,Gaston Bolanos vs. Cortavious Romious,Tony Weeks,30,26,1,36,-2,-1.7333333333333334,0.0
2024-11-09,UFC Fight Night: Magny vs. Prates,Gaston Bolanos vs. Cortavious Romious,Chris Lee,30,27,1,36,-2,-1.7333333333333334,0.0
2024-11-09,UFC Fight Night: Magny vs. Prates,Gaston Bolanos vs. Cortavious Romious,Sal D'Amato,30,27,1,36,-2,-1.7333333333333334,0.0
2024-11-09,UFC Fight Night: Magny vs. Prates,Luana Pinheiro vs. Gillian Robertson,Derek Cleary,27,29,0,-10,-5,-7.933333333333334,0.0
2024-11-09,UFC Fight Night: Magny vs. Prates,Luana Pinheiro vs. Gillian Robertson,Adalaide Byrd,28,29,0,-10,-5,-7.933333333333334,0.0
2024-11-09,UFC Fight Night: Magny vs. Prates,Luana Pinheiro vs. Gillian Robertson,Mike Bell,28,29,0,-10,-5,-7.933333333333334,0.0
2024-11-09,UFC Fight Night: Magny vs. Prates,Karolina Kowalkiewicz vs. Denise Gomes,Sal D'Amato,27,30,0,-27,0,-4.75,0.0
2024-11-09,UFC Fight Night: Magny vs. Prates,Karolina Kowalkiewicz vs. Denise Gomes,Mike Bell,27,30,0,-27,0,-4.75,0.0
2024-11-09,UFC Fight Night: Magny vs. Prates,Karolina Kowalkiewicz vs. Denise Gomes,Derek Cleary,28,29,0,-27,0,-4.75,0.0
2024-11-02,UFC Fight Night: Moreno vs. Albazi,Brandon Moreno vs. Amir Albazi,Eric Colon,49,46,1,69,-1,-0.15,0.0
2024-11-02,UFC Fight Night: Moreno vs. Albazi,Brandon Moreno vs. Amir Albazi,Sal D'Amato,50,45,1,69,-1,-0.15,0.0
2024-11-02,UFC Fight Night: Moreno vs. Albazi,Brandon Moreno vs. Amir Albazi,Derek Cleary,50,45,1,69,-1,-0.15,0.0
2024-11-02,UFC Fight Night: Moreno vs. Albazi,Erin Blanchfield vs. Rose Namajunas,Junichiro Kamijo,48,47,1,16,1,8.65,0.0
2024-11-02,UFC Fight Night: Moreno vs. Albazi,Erin Blanchfield vs. Rose Namajunas,Mike Bell,48,47,1,16,1,8.65,0.0
2024-11-02,UFC Fight Night: Moreno vs. Albazi,Erin Blanchfield vs. Rose Namajunas,Derek Cleary,48,47,1,16,1,8.65,0.0
2024-11-02,UFC Fight Night: Moreno vs. Albazi,Caio Machado vs. Brendson Ribeiro,Sal D'Amato,28,29,0,27,0,0.03333333333333333,0.0
2024-11-02,UFC Fight Night: Moreno vs. Albazi,Caio Machado vs. Brendson Ribeiro,Thomas Collins,29,28,1,27,0,0.03333333333333333,0.0
2024-11-02,UFC Fight Night: Moreno vs. Albazi,Caio Machado vs. Brendson Ribeiro,Mike Bell,28,29,0,27,0,0.03333333333333333,0.0
2024-11-02,UFC Fight Night: Moreno vs. Albazi,Mike Malott vs. Trevin Giles,Eric Colon,30,27,1,25,0,0.0,0.0
2024-11-02,UFC Fight Night: Moreno vs. Albazi,Mike Malott vs. Trevin Giles,Thomas Collins,29,28,1,25,0,0.0,0.0
2024-11-02,UFC Fight Night: Moreno vs. Albazi,Mike Malott vs. Trevin Giles,Mike Bell,29,28,1,25,0,0.0,0.0
2024-11-02,UFC Fight Night: Moreno vs. Albazi,Aiemann Zahabi vs. Pedro Munhoz,Sal D'Amato,30,27,1,14,0,-0.03333333333333333,0.0
2024-11-02,UFC Fight Night: Moreno vs. Albazi,Aiemann Zahabi vs. Pedro Munhoz,Eric Colon,29,28,1,14,0,-0.03333333333333333,0.0
2024-11-02,UFC Fight Night: Moreno vs. Albazi,Aiemann Zahabi vs. Pedro Munhoz,Mike Bell,29,28,1,14,0,-0.03333333333333333,0.0
2024-11-02,UFC Fight Night: Moreno vs. Albazi,Alexandr Romanov vs. Rodrigo Nascimento,Jason Tatlow,30,27,1,14,6,7.55,0.0
2024-11-02,UFC Fight Night: Moreno vs. Albazi,Alexandr Romanov vs. Rodrigo Nascimento,Thomas Collins,30,27,1,14,6,7.55,0.0
2024-11-02,UFC Fight Night: Moreno vs. Albazi,Alexandr Romanov vs. Rodrigo Nascimento,Sal D'Amato,30,27,1,14,6,7.55,0.0
2024-11-02,UFC Fight Night: Moreno vs. Albazi,Serhiy Sidey vs. Garrett Armfield,Derek Cleary,29,28,1,-3,-4,-4.1,0.0
2024-11-02,UFC Fight Night: Moreno vs. Albazi,Serhiy Sidey vs. Garrett Armfield,Mike Bell,28,29,0,-3,-4,-4.1,0.0
2024-11-02,UFC Fight Night: Moreno vs. Albazi,Serhiy Sidey vs. Garrett Armfield,Junichiro Kamijo,29,28,1,-3,-4,-4.1,0.0
2024-11-02,UFC Fight Night: Moreno vs. Albazi,Chad Anheliger vs. Cody Gibson,Derek Cleary,26,30,0,-5,-5,-12.416666666666668,0.0
2024-11-02,UFC Fight Night: Moreno vs. Albazi,Chad Anheliger vs. Cody Gibson,Junichiro Kamijo,27,30,0,-5,-5,-12.416666666666668,0.0
2024-11-02,UFC Fight Night: Moreno vs. Albazi,Chad Anheliger vs. Cody Gibson,Ziad Harb,27,30,0,-5,-5,-12.416666666666668,0.0
2024-11-02,UFC Fight Night: Moreno vs. Albazi,Jamey-Lyn Horth vs. Ivana Petrovic,Eric Colon,30,27,1,4,0,-5.25,0.0
2024-11-02,UFC Fight Night: Moreno vs. Albazi,Jamey-Lyn Horth vs. Ivana Petrovic,Thomas Collins,28,29,0,4,0,-5.25,0.0
2024-11-02,UFC Fight Night: Moreno vs. Albazi,Jamey-Lyn Horth vs. Ivana Petrovic,Mike Bell,29,28,1,4,0,-5.25,0.0
2024-10-26,UFC 308: Topuria vs. Holloway,Magomed Ankalaev vs. Aleksandar Rakic,Sal D'Amato,29,28,1,2,0,0.5166666666666666,0.0
2024-10-26,UFC 308: Topuria vs. Holloway,Magomed Ankalaev vs. Aleksandar Rakic,Jacob Montalvo,29,28,1,2,0,0.5166666666666666,0.0
2024-10-26,UFC 308: Topuria vs. Holloway,Magomed Ankalaev vs. Aleksandar Rakic,Tony Weeks,29,28,1,2,0,0.5166666666666666,0.0
2024-10-26,UFC 308: Topuria vs. Holloway,Lerone Murphy vs. Dan Ige,Mike Bell,29,28,1,6,2,-2.5,-1.0
2024-10-26,UFC 308: Topuria vs. Holloway,Lerone Murphy vs. Dan Ige,Ben Cartlidge,29,28,1,6,2,-2.5,-1.0
2024-10-26,UFC 308: Topuria vs. Holloway,Lerone Murphy vs. Dan Ige,Hadi Mohamed Ali,29,28,1,6,2,-2.5,-1.0
2024-10-26,UFC 308: Topuria vs. Holloway,Mateusz Rebecki vs. Myktybek Orolbai,Jacob Montalvo,28,29,0,10,1,0.31666666666666643,1.0
2024-10-26,UFC 308: Topuria vs. Holloway,Mateusz Rebecki vs. Myktybek Orolbai,Sal D'Amato,29,28,1,10,1,0.31666666666666643,1.0
2024-10-26,UFC 308: Topuria vs. Holloway,Mateusz Rebecki vs. Myktybek Orolbai,Ben Cartlidge,29,28,1,10,1,0.31666666666666643,1.0
2024-10-26,UFC 308: Topuria vs. Holloway,Farid Basharat vs. Victor Hugo,Mike Bell,30,27,1,15,3,4.316666666666666,0.0
2024-10-26,UFC 308: Topuria vs. Holloway,Farid Basharat vs. Victor Hugo,Hadi Mohamed Ali,29,28,1,15,3,4.316666666666666,0.0
2024-10-26,UFC 308: Topuria vs. Holloway,Farid Basharat vs. Victor Hugo,David Lethaby,29,28,1,15,3,4.316666666666666,0.0
2024-10-26,UFC 308: Topuria vs. Holloway,Ismail Naurdiev vs. Bruno Silva,Sal D'Amato,30,27,1,30,3,5.85,0.0
2024-10-26,UFC 308: Topuria vs. Holloway,Ismail Naurdiev vs. Bruno Silva,Jacob Montalvo,30,27,1,30,3,5.85,0.0
2024-10-26,UFC 308: Topuria vs. Holloway,Ismail Naurdiev vs. Bruno Silva,Tony Weeks,30,27,1,30,3,5.85,0.0
2024-10-26,UFC 308: Topuria vs. Holloway,Rinat Fakhretdinov vs. Carlos Leal,Mike Bell,29,28,1,2,1,3.0166666666666666,0.0
2024-10-26,UFC 308: Topuria vs. Holloway,Rinat Fakhretdinov vs. Carlos Leal,David Lethaby,29,28,1,2,1,3.0166666666666666,0.0
2024-10-26,UFC 308: Topuria vs. Holloway,Rinat Fakhretdinov vs. Carlos Leal,Hadi Mohamed Ali,30,27,1,2,1,3.0166666666666666,0.0
2024-10-19,UFC Fight Night: Hernandez vs. Pereira,Rob Font vs. Kyler Phillips,Mike Bell,29,28,1,23,-4,-3.383333333333333,0.0
2024-10-19,UFC Fight Night: Hernandez vs. Pereira,Rob Font vs. Kyler Phillips,Derek Cleary,29,28,1,23,-4,-3.383333333333333,0.0
2024-10-19,UFC Fight Night: Hernandez vs. Pereira,Rob Font vs. Kyler Phillips,Junichiro Kamijo,29,28,1,23,-4,-3.383333333333333,0.0
2024-10-19,UFC Fight Night: Hernandez vs. Pereira,Charles Johnson vs. Sumudaerji,Mike Bell,29,28,1,-10,2,2.1333333333333333,1.0
2024-10-19,UFC Fight Night: Hernandez vs. Pereira,Charles Johnson vs. Sumudaerji,Chris Leben,29,28,1,-10,2,2.1333333333333333,1.0
2024-10-19,UFC Fight Night: Hernandez vs. Pereira,Charles Johnson vs. Sumudaerji,Ron McCarthy,29,28,1,-10,2,2.1333333333333333,1.0
2024-10-19,UFC Fight Night: Hernandez vs. Pereira,Jake Hadley vs. Cameron Smotherman,Adalaide Byrd,26,30,0,-36,1,1.8833333333333333,0.0
2024-10-19,UFC Fight Night: Hernandez vs. Pereira,Jake Hadley vs. Cameron Smotherman,Ben Cartlidge,27,29,0,-36,1,1.8833333333333333,0.0
2024-10-19,UFC Fight Night: Hernandez vs. Pereira,Jake Hadley vs. Cameron Smotherman,Derek Cleary,27,29,0,-36,1,1.8833333333333333,0.0
2024-10-19,UFC Fight Night: Hernandez vs. Pereira,Darren Elkins vs. Daniel Pineda,Ben Cartlidge,29,28,1,8,3,3.5166666666666666,0.0
2024-10-19,UFC Fight Night: Hernandez vs. Pereira,Darren Elkins vs. Daniel Pineda,Junichiro Kamijo,29,28,1,8,3,3.5166666666666666,0.0
2024-10-19,UFC Fight Night: Hernandez vs. Pereira,Darren Elkins vs. Daniel Pineda,Tony Weeks,29,28,1,8,3,3.5166666666666666,0.0
2024-10-19,UFC Fight Night: Hernandez vs. Pereira,Matheus Nicolau vs. Asu Almabayev,Mike Bell,28,29,0,-6,-1,-5.283333333333333,-1.0
2024-10-19,UFC Fight Night: Hernandez vs. Pereira,Matheus Nicolau vs. Asu Almabayev,Ron McCarthy,28,29,0,-6,-1,-5.283333333333333,-1.0
2024-10-19,UFC Fight Night: Hernandez vs. Pereira,Matheus Nicolau vs. Asu Almabayev,Brian Puccillo,28,29,0,-6,-1,-5.283333333333333,-1.0
2024-10-19,UFC Fight Night: Hernandez vs. Pereira,Brad Katona vs. Jean Matsumoto,Mike Bell,28,29,0,0,2,1.516666666666667,0.0
2024-10-19,UFC Fight Night: Hernandez vs. Pereira,Brad Katona vs. Jean Matsumoto,Derek Cleary,28,29,0,0,2,1.516666666666667,0.0
2024-10-19,UFC Fight Night: Hernandez vs. Pereira,Brad Katona vs. Jean Matsumoto,Ron McCarthy,28,29,0,0,2,1.516666666666667,0.0
2024-10-19,UFC Fight Night: Hernandez vs. Pereira,Jessica Penne vs. Elise Reed,Adalaide Byrd,28,29,0,-63,1,2.7666666666666666,0.0
2024-10-19,UFC Fight Night: Hernandez vs. Pereira,Jessica Penne vs. Elise Reed,Derek Cleary,28,29,0,-63,1,2.7666666666666666,0.0
2024-10-19,UFC Fight Night: Hernandez vs. Pereira,Jessica Penne vs. Elise Reed,Ron McCarthy,28,29,0,-63,1,2.7666666666666666,0.0
2024-10-19,UFC Fight Night: Hernandez vs. Pereira,Melissa Martinez vs. Alice Ardelean,Mike Bell,30,27,1,-20,0,-0.6833333333333333,0.0
2024-10-19,UFC Fight Night: Hernandez vs. Pereira,Melissa Martinez vs. Alice Ardelean,Ron McCarthy,30,27,1,-20,0,-0.6833333333333333,0.0
2024-10-19,UFC Fight Night: Hernandez vs. Pereira,Melissa Martinez vs. Alice Ardelean,Tony Weeks,30,27,1,-20,0,-0.6833333333333333,0.0
2024-10-19,UFC Fight Night: Hernandez vs. Pereira,Austen Lane vs. Robelis Despaigne,Adalaide Byrd,29,28,1,-8,3,8.966666666666667,0.0
2024-10-19,UFC Fight Night: Hernandez vs. Pereira,Austen Lane vs. Robelis Despaigne,Junichiro Kamijo,29,28,1,-8,3,8.966666666666667,0.0
2024-10-19,UFC Fight Night: Hernandez vs. Pereira,Austen Lane vs. Robelis Despaigne,Brian Puccillo,29,28,1,-8,3,8.966666666666667,0.0
2024-10-12,UFC Fight Night: Royval vs. Taira,Brandon Royval vs. Tatsuro Taira,Chris Lee,48,47,1,82,-3,-9.833333333333334,0.0
2024-10-12,UFC Fight Night: Royval vs. Taira,Brandon Royval vs. Tatsuro Taira,Sal D'Amato,47,48,0,82,-3,-9.833333333333334,0.0
2024-10-12,UFC Fight Night: Royval vs. Taira,Brandon Royval vs. Tatsuro Taira,Ron McCarthy,48,47,1,82,-3,-9.833333333333334,0.0
2024-10-12,UFC Fight Night: Royval vs. Taira,Brad Tavares vs. JunYong Park,Junichiro Kamijo,29,28,1,-34,-2,-5.833333333333333,0.0
2024-10-12,UFC Fight Night: Royval vs. Taira,Brad Tavares vs. JunYong Park,Mike Bell,28,29,0,-34,-2,-5.833333333333333,0.0
2024-10-12,UFC Fight Night: Royval vs. Taira,Brad Tavares vs. JunYong Park,Eric Colon,28,29,0,-34,-2,-5.833333333333333,0.0
2024-10-12,UFC Fight Night: Royval vs. Taira,Chidi Njokuani vs. Jared Gooden,Mike Bell,30,27,1,85,-2,6.783333333333332,0.0
2024-10-12,UFC Fight Night: Royval vs. Taira,Chidi Njokuani vs. Jared Gooden,Chris Lee,30,27,1,85,-2,6.783333333333332,0.0
2024-10-12,UFC Fight Night: Royval vs. Taira,Chidi Njokuani vs. Jared Gooden,Tony Weeks,30,27,1,85,-2,6.783333333333332,0.0
2024-10-12,UFC Fight Night: Royval vs. Taira,Daniel Rodriguez vs. Alex Morono,Adalaide Byrd,29,28,1,49,1,0.9333333333333333,0.0
2024-10-12,UFC Fight Night: Royval vs. Taira,Daniel Rodriguez vs. Alex Morono,Sal D'Amato,28,29,0,49,1,0.9333333333333333,0.0
2024-10-12,UFC Fight Night: Royval vs. Taira,Daniel Rodriguez vs. Alex Morono,Mike Bell,29,28,1,49,1,0.9333333333333333,0.0
2024-10-12,UFC Fight Night: Royval vs. Taira,Themba Gorimbo vs. Niko Price,Mike Bell,30,27,1,52,7,8.233333333333333,0.0
2024-10-12,UFC Fight Night: Royval vs. Taira,Themba Gorimbo vs. Niko Price,Eric Colon,30,27,1,52,7,8.233333333333333,0.0
2024-10-12,UFC Fight Night: Royval vs. Taira,Themba Gorimbo vs. Niko Price,Sal D'Amato,30,27,1,52,7,8.233333333333333,0.0
2024-10-12,UFC Fight Night: Royval vs. Taira,Julia Polastri vs. Cory McKenna,Adalaide Byrd,29,28,1,48,-1,-2.1166666666666676,0.0
2024-10-12,UFC Fight Night: Royval vs. Taira,Julia Polastri vs. Cory McKenna,Sal D'Amato,28,29,0,48,-1,-2.1166666666666676,0.0
2024-10-12,UFC Fight Night: Royval vs. Taira,Julia Polastri vs. Cory McKenna,Ron McCarthy,30,27,1,48,-1,-2.1166666666666676,0.0
2024-10-12,UFC Fight Night: Royval vs. Taira,Dan Argueta vs. Cody Haddon,Mike Bell,27,30,0,-86,2,2.866666666666667,0.0
2024-10-12,UFC Fight Night: Royval vs. Taira,Dan Argueta vs. Cody Haddon,Chris Lee,27,30,0,-86,2,2.866666666666667,0.0
2024-10-12,UFC Fight Night: Royval vs. Taira,Dan Argueta vs. Cody Haddon,Tony Weeks,27,30,0,-86,2,2.866666666666667,0.0
2024-10-05,UFC 307: Pereira vs. Rountree Jr.,Raquel Pennington vs. Julianna Pena,Sal D'Amato,47,48,0,0,-2,-5.116666666666667,1.0
2024-10-05,UFC 307: Pereira vs. Rountree Jr.,Raquel Pennington vs. Julianna Pena,Derek Cleary,48,47,1,0,-2,-5.116666666666667,1.0
2024-10-05,UFC 307: Pereira vs. Rountree Jr.,Raquel Pennington vs. Julianna Pena,Mike Bell,47,48,0,0,-2,-5.116666666666667,1.0
2024-10-05,UFC 307: Pereira vs. Rountree Jr.,Jose Aldo vs. Mario Bautista,Chris Lee,29,28,1,2,0,-7.25,0.0
2024-10-05,UFC 307: Pereira vs. Rountree Jr.,Jose Aldo vs. Mario Bautista,Derek Cleary,28,29,0,2,0,-7.25,0.0
2024-10-05,UFC 307: Pereira vs. Rountree Jr.,Jose Aldo vs. Mario Bautista,Mike Bell,28,29,0,2,0,-7.25,0.0
2024-10-05,UFC 307: Pereira vs. Rountree Jr.,Ketlen Vieira vs. Kayla Harrison,Derek Cleary,27,30,0,-31,-2,-7.9,0.0
2024-10-05,UFC 307: Pereira vs. Rountree Jr.,Ketlen Vieira vs. Kayla Harrison,Sal D'Amato,27,30,0,-31,-2,-7.9,0.0
2024-10-05,UFC 307: Pereira vs. Rountree Jr.,Ketlen Vieira vs. Kayla Harrison,Steve Faragher,28,29,0,-31,-2,-7.9,0.0
2024-10-05,UFC 307: Pereira vs. Rountree Jr.,Marina Rodriguez vs. Iasmin Lucindo,Steve Faragher,29,28,1,3,-2,-4.483333333333333,0.0
2024-10-05,UFC 307: Pereira vs. Rountree Jr.,Marina Rodriguez vs. Iasmin Lucindo,Mike Bell,28,29,0,3,-2,-4.483333333333333,0.0
2024-10-05,UFC 307: Pereira vs. Rountree Jr.,Marina Rodriguez vs. Iasmin Lucindo,Dan Furse,28,29,0,3,-2,-4.483333333333333,0.0
2024-10-05,UFC 307: Pereira vs. Rountree Jr.,Austin Hubbard vs. Alexander Hernandez,Chris Lee,30,27,1,-16,0,-0.5833333333333334,0.0
2024-10-05,UFC 307: Pereira vs. Rountree Jr.,Austin Hubbard vs. Alexander Hernandez,Dan Furse,28,29,0,-16,0,-0.5833333333333334,0.0
2024-10-05,UFC 307: Pereira vs. Rountree Jr.,Austin Hubbard vs. Alexander Hernandez,Steve Faragher,28,29,0,-16,0,-0.5833333333333334,0.0
2024-10-05,UFC 307: Pereira vs. Rountree Jr.,Cesar Almeida vs. Ihor Potieria,Steve Faragher,30,27,1,13,-3,-1.2833333333333332,0.0
2024-10-05,UFC 307: Pereira vs. Rountree Jr.,Cesar Almeida vs. Ihor Potieria,Chris Lee,30,27,1,13,-3,-1.2833333333333332,0.0
2024-10-05,UFC 307: Pereira vs. Rountree Jr.,Cesar Almeida vs. Ihor Potieria,Dan Furse,30,27,1,13,-3,-1.2833333333333332,0.0
2024-10-05,UFC 307: Pereira vs. Rountree Jr.,Carla Esparza vs. Tecia Pennington,Sal D'Amato,28,29,0,-41,4,3.6666666666666665,0.0
2024-10-05,UFC 307: Pereira vs. Rountree Jr.,Carla Esparza vs. Tecia Pennington,Steve Faragher,28,29,0,-41,4,3.6666666666666665,0.0
2024-10-05,UFC 307: Pereira vs. Rountree Jr.,Carla Esparza vs. Tecia Pennington,Dan Furse,27,30,0,-41,4,3.6666666666666665,0.0
2024-09-28,UFC Fight Night: Moicano vs. Saint Denis,Nassourdine Imavov vs. Brendan Allen,Sal D'Amato,29,28,1,27,-1,-0.31666666666666643,0.0
2024-09-28,UFC Fight Night: Moicano vs. Saint Denis,Nassourdine Imavov vs. Brendan Allen,David Lethaby,29,28,1,27,-1,-0.31666666666666643,0.0
2024-09-28,UFC Fight Night: Moicano vs. Saint Denis,Nassourdine Imavov vs. Brendan Allen,Anders Ohlsson,29,28,1,27,-1,-0.31666666666666643,0.0
2024-09-28,UFC Fight Night: Moicano vs. Saint Denis,William Gomis vs. Joanderson Brito,Ben Cartlidge,29,28,1,14,-3,-2.7999999999999994,0.0
2024-09-28,UFC Fight Night: Moicano vs. Saint Denis,William Gomis vs. Joanderson Brito,Anders Ohlsson,28,29,0,14,-3,-2.7999999999999994,0.0
2024-09-28,UFC Fight Night: Moicano vs. Saint Denis,William Gomis vs. Joanderson Brito,Clemens Werner,29,28,1,14,-3,-2.7999999999999994,0.0
2024-09-28,UFC Fight Night: Moicano vs. Saint Denis,Ion Cutelaba vs. Ivan Erslan,Anders Ohlsson,29,28,1,6,2,-3.333333333333333,0.0
2024-09-28,UFC Fight Night: Moicano vs. Saint Denis,Ion Cutelaba vs. Ivan Erslan,Damien Gluski,28,29,0,6,2,-3.333333333333333,0.0
2024-09-28,UFC Fight Night: Moicano vs. Saint Denis,Ion Cutelaba vs. Ivan Erslan,Clemens Werner,29,28,1,6,2,-3.333333333333333,0.0
2024-09-28,UFC Fight Night: Moicano vs. Saint Denis,Oumar Sy vs. Da Woon Jung,Ben Cartlidge,30,27,1,61,2,2.8833333333333333,0.0
2024-09-28,UFC Fight Night: Moicano vs. Saint Denis,Oumar Sy vs. Da Woon Jung,Sal D'Amato,30,27,1,61,2,2.8833333333333333,0.0
2024-09-28,UFC Fight Night: Moicano vs. Saint Denis,Oumar Sy vs. Da Woon Jung,David Lethaby,30,27,1,61,2,2.8833333333333333,0.0
2024-09-28,UFC Fight Night: Moicano vs. Saint Denis,Ludovit Klein vs. Roosevelt Roberts,Ludovic Dandine,30,27,1,21,2,8.133333333333333,0.0
2024-09-28,UFC Fight Night: Moicano vs. Saint Denis,Ludovit Klein vs. Roosevelt Roberts,Anders Ohlsson,29,28,1,21,2,8.133333333333333,0.0
2024-09-28,UFC Fight Night: Moicano vs. Saint Denis,Ludovit Klein vs. Roosevelt Roberts,Clemens Werner,29,28,1,21,2,8.133333333333333,0.0
2024-09-28,UFC Fight Night: Moicano vs. Saint Denis,Taylor Lapilus vs. Vince Morales,Mongi Zitouni,30,27,1,55,-2,-2.8666666666666667,0.0
2024-09-28,UFC Fight Night: Moicano vs. Saint Denis,Taylor Lapilus vs. Vince Morales,Ben Cartlidge,30,27,1,55,-2,-2.8666666666666667,0.0
2024-09-28,UFC Fight Night: Moicano vs. Saint Denis,Taylor Lapilus vs. Vince Morales,David Lethaby,30,27,1,55,-2,-2.8666666666666667,0.0
2024-09-28,UFC Fight Night: Moicano vs. Saint Denis,Daniel Barez vs. Victor Altamirano,Ludovic Dandine,29,28,1,-4,0,1.15,1.0
2024-09-28,UFC Fight Night: Moicano vs. Saint Denis,Daniel Barez vs. Victor Altamirano,David Lethaby,29,28,1,-4,0,1.15,1.0
2024-09-28,UFC Fight Night: Moicano vs. Saint Denis,Daniel Barez vs. Victor Altamirano,Clemens Werner,29,28,1,-4,0,1.15,1.0
2024-09-28,UFC Fight Night: Moicano vs. Saint Denis,Nora Cornolle vs. Jacqueline Cavalcanti,Mongi Zitouni,29,28,1,0,1,2.7833333333333337,0.0
2024-09-28,UFC Fight Night: Moicano vs. Saint Denis,Nora Cornolle vs. Jacqueline Cavalcanti,Sal D'Amato,28,29,0,0,1,2.7833333333333337,0.0
2024-09-28,UFC Fight Night: Moicano vs. Saint Denis,Nora Cornolle vs. Jacqueline Cavalcanti,Anders Ohlsson,28,29,0,0,1,2.7833333333333337,0.0
2024-09-14,UFC 306: Riyadh Season Noche UFC,Sean O'Malley vs. Merab Dvalishvili,Mike Bell,46,49,0,-35,-6,-10.05,0.0
2024-09-14,UFC 306: Riyadh Season Noche UFC,Sean O'Malley vs. Merab Dvalishvili,Sal D'Amato,47,48,0,-35,-6,-10.05,0.0
2024-09-14,UFC 306: Riyadh Season Noche UFC,Sean O'Malley vs. Merab Dvalishvili,Chris Lee,47,48,0,-35,-6,-10.05,0.0
2024-09-14,UFC 306: Riyadh Season Noche UFC,Alexa Grasso vs. Valentina Shevchenko,Ben Cartlidge,45,50,0,-27,-7,-15.25,0.0
2024-09-14,UFC 306: Riyadh Season Noche UFC,Alexa Grasso vs. Valentina Shevchenko,Eric Colon,45,50,0,-27,-7,-15.25,0.0
2024-09-14,UFC 306: Riyadh Season Noche UFC,Alexa Grasso vs. Valentina Shevchenko,Ron McCarthy,45,50,0,-27,-7,-15.25,0.0
2024-09-14,UFC 306: Riyadh Season Noche UFC,Brian Ortega vs. Diego Lopes,Mike Bell,26,30,0,-43,-1,-2.65,0.0
2024-09-14,UFC 306: Riyadh Season Noche UFC,Brian Ortega vs. Diego Lopes,Sal D'Amato,27,30,0,-43,-1,-2.65,0.0
2024-09-14,UFC 306: Riyadh Season Noche UFC,Brian Ortega vs. Diego Lopes,Junichiro Kamijo,27,30,0,-43,-1,-2.65,0.0
2024-09-14,UFC 306: Riyadh Season Noche UFC,Daniel Zellhuber vs. Esteban Ribovics,Eric Colon,28,29,0,-35,0,0.25,1.0
2024-09-14,UFC 306: Riyadh Season Noche UFC,Daniel Zellhuber vs. Esteban Ribovics,Sal D'Amato,29,28,1,-35,0,0.25,1.0
2024-09-14,UFC 306: Riyadh Season Noche UFC,Daniel Zellhuber vs. Esteban Ribovics,Chris Lee,28,29,0,-35,0,0.25,1.0
2024-09-14,UFC 306: Riyadh Season Noche UFC,Ronaldo Rodriguez vs. Ode Osbourne,Junichiro Kamijo,29,28,1,-2,0,8.116666666666667,-1.0
2024-09-14,UFC 306: Riyadh Season Noche UFC,Ronaldo Rodriguez vs. Ode Osbourne,Adalaide Byrd,29,27,1,-2,0,8.116666666666667,-1.0
2024-09-14,UFC 306: Riyadh Season Noche UFC,Ronaldo Rodriguez vs. Ode Osbourne,Ron McCarthy,29,27,1,-2,0,8.116666666666667,-1.0
2024-09-14,UFC 306: Riyadh Season Noche UFC,Irene Aldana vs. Norma Dumont,Mike Bell,27,30,0,-90,0,0.08333333333333333,0.0
2024-09-14,UFC 306: Riyadh Season Noche UFC,Irene Aldana vs. Norma Dumont,Sal D'Amato,27,30,0,-90,0,0.08333333333333333,0.0
2024-09-14,UFC 306: Riyadh Season Noche UFC,Irene Aldana vs. Norma Dumont,Chris Lee,27,30,0,-90,0,0.08333333333333333,0.0
2024-09-14,UFC 306: Riyadh Season Noche UFC,Edgar Chairez vs. Joshua Van,Adalaide Byrd,28,29,0,-39,-3,-3.9833333333333334,0.0
2024-09-14,UFC 306: Riyadh Season Noche UFC,Edgar Chairez vs. Joshua Van,Ben Cartlidge,28,29,0,-39,-3,-3.9833333333333334,0.0
2024-09-14,UFC 306: Riyadh Season Noche UFC,Edgar Chairez vs. Joshua Van,Chris Lee,28,29,0,-39,-3,-3.9833333333333334,0.0
2024-09-14,UFC 306: Riyadh Season Noche UFC,Raul Rosas Jr. vs. Aoriqileng,Junichiro Kamijo,29,28,1,19,3,7.533333333333333,0.0
2024-09-14,UFC 306: Riyadh Season Noche UFC,Raul Rosas Jr. vs. Aoriqileng,Ron McCarthy,29,28,1,19,3,7.533333333333333,0.0
2024-09-14,UFC 306: Riyadh Season Noche UFC,Raul Rosas Jr. vs. Aoriqileng,Tony Weeks,29,28,1,19,3,7.533333333333333,0.0
2024-09-07,UFC Fight Night: Burns vs. Brady,Gilbert Burns vs. Sean Brady,Chris Lee,45,50,0,-83,-6,-7.85,0.0
2024-09-07,UFC Fight Night: Burns vs. Brady,Gilbert Burns vs. Sean Brady,Bryan Miner,45,50,0,-83,-6,-7.85,0.0
2024-09-07,UFC Fight Night: Burns vs. Brady,Gilbert Burns vs. Sean Brady,David Lethaby,46,49,0,-83,-6,-7.85,0.0
2024-09-07,UFC Fight Night: Burns vs. Brady,Jessica Andrade vs. Natalia Silva,Adalaide Byrd,27,30,0,-67,0,1.3666666666666663,0.0
2024-09-07,UFC Fight Night: Burns vs. Brady,Jessica Andrade vs. Natalia Silva,Junichiro Kamijo,27,30,0,-67,0,1.3666666666666663,0.0
2024-09-07,UFC Fight Night: Burns vs. Brady,Jessica Andrade vs. Natalia Silva,Chris Lee,27,30,0,-67,0,1.3666666666666663,0.0
2024-09-07,UFC Fight Night: Burns vs. Brady,Trevor Peek vs. Yanal Ashmouz,Junichiro Kamijo,27,30,0,13,-9,-7.7666666666666675,0.0
2024-09-07,UFC Fight Night: Burns vs. Brady,Trevor Peek vs. Yanal Ashmouz,Chris Lee,28,29,0,13,-9,-7.7666666666666675,0.0
2024-09-07,UFC Fight Night: Burns vs. Brady,Trevor Peek vs. Yanal Ashmouz,David Lethaby,28,29,0,13,-9,-7.7666666666666675,0.0
2024-09-07,UFC Fight Night: Burns vs. Brady,Felipe dos Santos vs. Andre Lima,Chris Lee,27,30,0,20,-2,-8.316666666666666,0.0
2024-09-07,UFC Fight Night: Burns vs. Brady,Felipe dos Santos vs. Andre Lima,Junichiro Kamijo,28,29,0,20,-2,-8.316666666666666,0.0
2024-09-07,UFC Fight Night: Burns vs. Brady,Felipe dos Santos vs. Andre Lima,Adalaide Byrd,28,29,0,20,-2,-8.316666666666666,0.0
2024-09-07,UFC Fight Night: Burns vs. Brady,Yizha vs. Gabriel Santos,Adalaide Byrd,26,30,0,-35,-2,-6.516666666666667,-1.0
2024-09-07,UFC Fight Night: Burns vs. Brady,Yizha vs. Gabriel Santos,David Lethaby,26,30,0,-35,-2,-6.516666666666667,-1.0
2024-09-07,UFC Fight Night: Burns vs. Brady,Yizha vs. Gabriel Santos,Bryan Miner,27,30,0,-35,-2,-6.516666666666667,-1.0
2024-09-07,UFC Fight Night: Burns vs. Brady,Andre Petroski vs. Dylan Budka,Chris Lee,30,27,1,6,3,9.333333333333332,0.0
2024-09-07,UFC Fight Night: Burns vs. Brady,Andre Petroski vs. Dylan Budka,David Lethaby,30,27,1,6,3,9.333333333333332,0.0
2024-09-07,UFC Fight Night: Burns vs. Brady,Andre Petroski vs. Dylan Budka,Rick Winter,30,27,1,6,3,9.333333333333332,0.0
2024-08-24,UFC Fight Night: Cannonier vs. Borralho,Jared Cannonier vs. Caio Borralho,Sal D'Amato,45,49,0,-70,0,-1.9833333333333332,-1.0
2024-08-24,UFC Fight Night: Cannonier vs. Borralho,Jared Cannonier vs. Caio Borralho,Ron McCarthy,45,49,0,-70,0,-1.9833333333333332,-1.0
2024-08-24,UFC Fight Night: Cannonier vs. Borralho,Jared Cannonier vs. Caio Borralho,Chris Lee,46,48,0,-70,0,-1.9833333333333332,-1.0
2024-08-24,UFC Fight Night: Cannonier vs. Borralho,Angela Hill vs. Tabatha Ricci,Mike Bell,28,29,0,11,-3,-4.8999999999999995,0.0
2024-08-24,UFC Fight Night: Cannonier vs. Borralho,Angela Hill vs. Tabatha Ricci,Ben Cartlidge,28,29,0,11,-3,-4.8999999999999995,0.0
2024-08-24,UFC Fight Night: Cannonier vs. Borralho,Angela Hill vs. Tabatha Ricci,Eric Colon,28,29,0,11,-3,-4.8999999999999995,0.0
2024-08-24,UFC Fight Night: Cannonier vs. Borralho,Dennis Buzukja vs. Francis Marshall,Ben Cartlidge,27,30,0,9,-1,-5.3,-1.0
2024-08-24,UFC Fight Night: Cannonier vs. Borralho,Dennis Buzukja vs. Francis Marshall,Adalaide Byrd,29,28,1,9,-1,-5.3,-1.0
2024-08-24,UFC Fight Night: Cannonier vs. Borralho,Dennis Buzukja vs. Francis Marshall,Junichiro Kamijo,28,29,0,9,-1,-5.3,-1.0
2024-08-24,UFC Fight Night: Cannonier vs. Borralho,Zach Reese vs. Jose Daniel Medina,Eric Colon,30,27,1,43,4,4.749999999999999,0.0
2024-08-24,UFC Fight Night: Cannonier vs. Borralho,Zach Reese vs. Jose Daniel Medina,Ron McCarthy,30,27,1,43,4,4.749999999999999,0.0
2024-08-24,UFC Fight Night: Cannonier vs. Borralho,Zach Reese vs. Jose Daniel Medina,Tony Weeks,30,27,1,43,4,4.749999999999999,0.0
2024-08-24,UFC Fight Night: Cannonier vs. Borralho,Viacheslav Borshchev vs. James Llontop,Ben Cartlidge,29,28,1,3,0,-0.03333333333333334,0.0
2024-08-24,UFC Fight Night: Cannonier vs. Borralho,Viacheslav Borshchev vs. James Llontop,Eric Colon,28,29,0,3,0,-0.03333333333333334,0.0
2024-08-24,UFC Fight Night: Cannonier vs. Borralho,Viacheslav Borshchev vs. James Llontop,Mike Bell,30,27,1,3,0,-0.03333333333333334,0.0
2024-08-24,UFC Fight Night: Cannonier vs. Borralho,Jacqueline Cavalcanti vs. Josiane Nunes,Sal D'Amato,30,27,1,39,0,-0.13333333333333333,0.0
2024-08-24,UFC Fight Night: Cannonier vs. Borralho,Jacqueline Cavalcanti vs. Josiane Nunes,Ron McCarthy,27,30,0,39,0,-0.13333333333333333,0.0
2024-08-24,UFC Fight Night: Cannonier vs. Borralho,Jacqueline Cavalcanti vs. Josiane Nunes,Chris Lee,29,28,1,39,0,-0.13333333333333333,0.0
2024-08-17,UFC 305: Du Plessis vs. Adesanya,Mateusz Gamrot vs. Dan Hooker,Mick Meany,29,28,1,-1,5,3.5166666666666666,0.0
2024-08-17,UFC 305: Du Plessis vs. Adesanya,Mateusz Gamrot vs. Dan Hooker,Ben Cartlidge,28,29,0,-1,5,3.5166666666666666,0.0
2024-08-17,UFC 305: Du Plessis vs. Adesanya,Mateusz Gamrot vs. Dan Hooker,Mark Christie,28,29,0,-1,5,3.5166666666666666,0.0
2024-08-17,UFC 305: Du Plessis vs. Adesanya,Tai Tuivasa vs. Jairzinho Rozenstruik,Charlie Keech,28,29,0,-54,0,0.0,0.0
2024-08-17,UFC 305: Du Plessis vs. Adesanya,Tai Tuivasa vs. Jairzinho Rozenstruik,Howie Booth,30,27,1,-54,0,0.0,0.0
2024-08-17,UFC 305: Du Plessis vs. Adesanya,Tai Tuivasa vs. Jairzinho Rozenstruik,David Lethaby,27,30,0,-54,0,0.0,0.0
2024-08-17,UFC 305: Du Plessis vs. Adesanya,Josh Culibao vs. Ricardo Ramos,Mick Meany,28,29,0,43,-1,-2.6500000000000004,1.0
2024-08-17,UFC 305: Du Plessis vs. Adesanya,Josh Culibao vs. Ricardo Ramos,Ben Cartlidge,29,28,1,43,-1,-2.6500000000000004,1.0
2024-08-17,UFC 305: Du Plessis vs. Adesanya,Josh Culibao vs. Ricardo Ramos,Mark Christie,28,29,0,43,-1,-2.6500000000000004,1.0
2024-08-17,UFC 305: Du Plessis vs. Adesanya,Casey O'Neill vs. Luana Santos,Charlie Keech,30,27,1,42,-1,0.0,0.0
2024-08-17,UFC 305: Du Plessis vs. Adesanya,Casey O'Neill vs. Luana Santos,David Lethaby,30,27,1,42,-1,0.0,0.0
2024-08-17,UFC 305: Du Plessis vs. Adesanya,Casey O'Neill vs. Luana Santos,Evan Field,30,26,1,42,-1,0.0,0.0
2024-08-17,UFC 305: Du Plessis vs. Adesanya,Tom Nolan vs. Alex Reyes,Charlie Keech,30,27,1,15,-2,-3.9,0.0
2024-08-17,UFC 305: Du Plessis vs. Adesanya,Tom Nolan vs. Alex Reyes,David Lethaby,30,27,1,15,-2,-3.9,0.0
2024-08-17,UFC 305: Du Plessis vs. Adesanya,Tom Nolan vs. Alex Reyes,Mick Meany,29,28,1,15,-2,-3.9,0.0
2024-08-17,UFC 305: Du Plessis vs. Adesanya,Song Kenan vs. Ricky Glenn,Evan Field,30,27,1,47,-1,-2.7333333333333334,0.0
2024-08-17,UFC 305: Du Plessis vs. Adesanya,Song Kenan vs. Ricky Glenn,Mark Christie,30,26,1,47,-1,-2.7333333333333334,0.0
2024-08-17,UFC 305: Du Plessis vs. Adesanya,Song Kenan vs. Ricky Glenn,Howie Booth,29,28,1,47,-1,-2.7333333333333334,0.0
2024-08-10,UFC Fight Night: Tybura vs. Spivac 2,Damon Jackson vs. Chepe Mariscal,Sal D'Amato,25,30,0,-41,-4,-4.216666666666668,0.0
2024-08-10,UFC Fight Night: Tybura vs. Spivac 2,Damon Jackson vs. Chepe Mariscal,Junichiro Kamijo,25,30,0,-41,-4,-4.216666666666668,0.0
2024-08-10,UFC Fight Night: Tybura vs. Spivac 2,Damon Jackson vs. Chepe Mariscal,Mike Bell,26,30,0,-41,-4,-4.216666666666668,0.0
2024-08-10,UFC Fight Night: Tybura vs. Spivac 2,Danny Barlow vs. Nikolay Veretennikov,Ron McCarthy,29,28,1,-3,0,1.1166666666666667,0.0
2024-08-10,UFC Fight Night: Tybura vs. Spivac 2,Danny Barlow vs. Nikolay Veretennikov,Jerin Valel,27,30,0,-3,0,1.1166666666666667,0.0
2024-08-10,UFC Fight Night: Tybura vs. Spivac 2,Danny Barlow vs. Nikolay Veretennikov,Bryan Miner,29,28,1,-3,0,1.1166666666666667,0.0
2024-08-10,UFC Fight Night: Tybura vs. Spivac 2,Chris Gutierrez vs. Quang Le,Mike Bell,29,28,1,43,-2,-3.883333333333333,0.0
2024-08-10,UFC Fight Night: Tybura vs. Spivac 2,Chris Gutierrez vs. Quang Le,Adalaide Byrd,29,28,1,43,-2,-3.883333333333333,0.0
2024-08-10,UFC Fight Night: Tybura vs. Spivac 2,Chris Gutierrez vs. Quang Le,Junichiro Kamijo,29,28,1,43,-2,-3.883333333333333,0.0
2024-08-10,UFC Fight Night: Tybura vs. Spivac 2,Yana Santos vs. Chelsea Chandler,Sal D'Amato,30,27,1,38,0,-1.6833333333333336,1.0
2024-08-10,UFC Fight Night: Tybura vs. Spivac 2,Yana Santos vs. Chelsea Chandler,Ron McCarthy,29,28,1,38,0,-1.6833333333333336,1.0
2024-08-10,UFC Fight Night: Tybura vs. Spivac 2,Yana Santos vs. Chelsea Chandler,Bryan Miner,29,28,1,38,0,-1.6833333333333336,1.0
2024-08-10,UFC Fight Night: Tybura vs. Spivac 2,Karol Rosa vs. Pannie Kianzad,Mike Bell,30,27,1,25,1,4.4,0.0
2024-08-10,UFC Fight Night: Tybura vs. Spivac 2,Karol Rosa vs. Pannie Kianzad,Sal D'Amato,30,27,1,25,1,4.4,0.0
2024-08-10,UFC Fight Night: Tybura vs. Spivac 2,Karol Rosa vs. Pannie Kianzad,Ron McCarthy,30,27,1,25,1,4.4,0.0
2024-08-10,UFC Fight Night: Tybura vs. Spivac 2,Jhonata Diniz vs. Karl Williams,Eric Colon,30,27,1,30,-2,-2.65,0.0
2024-08-10,UFC Fight Night: Tybura vs. Spivac 2,Jhonata Diniz vs. Karl Williams,Adalaide Byrd,29,28,1,30,-2,-2.65,0.0
2024-08-10,UFC Fight Night: Tybura vs. Spivac 2,Jhonata Diniz vs. Karl Williams,Ron McCarthy,29,28,1,30,-2,-2.65,0.0
2024-08-10,UFC Fight Night: Tybura vs. Spivac 2,Stephanie Luciano vs. Talita Alencar,Mike Bell,30,27,1,31,-1,0.5333333333333332,1.0
2024-08-10,UFC Fight Night: Tybura vs. Spivac 2,Stephanie Luciano vs. Talita Alencar,Sal D'Amato,30,27,1,31,-1,0.5333333333333332,1.0
2024-08-10,UFC Fight Night: Tybura vs. Spivac 2,Stephanie Luciano vs. Talita Alencar,Junichiro Kamijo,30,27,1,31,-1,0.5333333333333332,1.0
2024-08-03,UFC Fight Night: Sandhagen vs. Nurmagomedov,Cory Sandhagen vs. Umar Nurmagomedov,Mike Bell,45,50,0,-27,-5,-4.983333333333333,0.0
2024-08-03,UFC Fight Night: Sandhagen vs. Nurmagomedov,Cory Sandhagen vs. Umar Nurmagomedov,Ben Cartlidge,46,49,0,-27,-5,-4.983333333333333,0.0
2024-08-03,UFC Fight Night: Sandhagen vs. Nurmagomedov,Cory Sandhagen vs. Umar Nurmagomedov,David Lethaby,46,49,0,-27,-5,-4.983333333333333,0.0
2024-08-03,UFC Fight Night: Sandhagen vs. Nurmagomedov,Shara Magomedov vs. Michal Oleksiejczuk,Vito Paolillo,30,27,1,20,-3,-2.65,0.0
2024-08-03,UFC Fight Night: Sandhagen vs. Nurmagomedov,Shara Magomedov vs. Michal Oleksiejczuk,Darryl Ransom,30,27,1,20,-3,-2.65,0.0
2024-08-03,UFC Fight Night: Sandhagen vs. Nurmagomedov,Shara Magomedov vs. Michal Oleksiejczuk,Clemens Werner,29,28,1,20,-3,-2.65,0.0
2024-08-03,UFC Fight Night: Sandhagen vs. Nurmagomedov,Marlon Vera vs. Deiveson Figueiredo,Ben Cartlidge,28,29,0,7,-2,-2.3666666666666667,-1.0
2024-08-03,UFC Fight Night: Sandhagen vs. Nurmagomedov,Marlon Vera vs. Deiveson Figueiredo,Hadi Mohamed Ali,28,29,0,7,-2,-2.3666666666666667,-1.0
2024-08-03,UFC Fight Night: Sandhagen vs. Nurmagomedov,Marlon Vera vs. Deiveson Figueiredo,Howard Hughes,27,30,0,7,-2,-2.3666666666666667,-1.0
2024-08-03,UFC Fight Night: Sandhagen vs. Nurmagomedov,Mackenzie Dern vs. Loopy Godinez,Hadi Mohamed Ali,29,28,1,5,0,1.0666666666666669,0.0
2024-08-03,UFC Fight Night: Sandhagen vs. Nurmagomedov,Mackenzie Dern vs. Loopy Godinez,Howard Hughes,29,28,1,5,0,1.0666666666666669,0.0
2024-08-03,UFC Fight Night: Sandhagen vs. Nurmagomedov,Mackenzie Dern vs. Loopy Godinez,Clemens Werner,29,28,1,5,0,1.0666666666666669,0.0
2024-08-03,UFC Fight Night: Sandhagen vs. Nurmagomedov,Shamil Gaziev vs. Don'Tale Mayes,Howard Hughes,30,27,1,4,2,11.966666666666667,0.0
2024-08-03,UFC Fight Night: Sandhagen vs. Nurmagomedov,Shamil Gaziev vs. Don'Tale Mayes,David Lethaby,30,27,1,4,2,11.966666666666667,0.0
2024-08-03,UFC Fight Night: Sandhagen vs. Nurmagomedov,Shamil Gaziev vs. Don'Tale Mayes,Darryl Ransom,30,27,1,4,2,11.966666666666667,0.0
2024-08-03,UFC Fight Night: Sandhagen vs. Nurmagomedov,Guram Kutateladze vs. Jordan Vucenic,Ben Cartlidge,29,28,1,-4,1,-0.4500000000000002,-1.0
2024-08-03,UFC Fight Night: Sandhagen vs. Nurmagomedov,Guram Kutateladze vs. Jordan Vucenic,Vito Paolillo,29,28,1,-4,1,-0.4500000000000002,-1.0
2024-08-03,UFC Fight Night: Sandhagen vs. Nurmagomedov,Guram Kutateladze vs. Jordan Vucenic,Clemens Werner,29,28,1,-4,1,-0.4500000000000002,-1.0
2024-08-03,UFC Fight Night: Sandhagen vs. Nurmagomedov,Viktoriia Dudakova vs. Sam Hughes,David Lethaby,28,29,0,-36,3,2.3999999999999995,0.0
2024-08-03,UFC Fight Night: Sandhagen vs. Nurmagomedov,Viktoriia Dudakova vs. Sam Hughes,Howard Hughes,30,27,1,-36,3,2.3999999999999995,0.0
2024-08-03,UFC Fight Night: Sandhagen vs. Nurmagomedov,Viktoriia Dudakova vs. Sam Hughes,Darryl Ransom,28,29,0,-36,3,2.3999999999999995,0.0
2024-08-03,UFC Fight Night: Sandhagen vs. Nurmagomedov,Jai Herbert vs. Rolando Bedoya,Mike Bell,30,27,1,15,2,-0.6333333333333333,1.0
2024-08-03,UFC Fight Night: Sandhagen vs. Nurmagomedov,Jai Herbert vs. Rolando Bedoya,Hadi Mohamed Ali,30,27,1,15,2,-0.6333333333333333,1.0
2024-08-03,UFC Fight Night: Sandhagen vs. Nurmagomedov,Jai Herbert vs. Rolando Bedoya,David Lethaby,29,28,1,15,2,-0.6333333333333333,1.0
2024-08-03,UFC Fight Night: Sandhagen vs. Nurmagomedov,Sedriques Dumas vs. Denis Tiuliulin,Ben Cartlidge,29,28,1,23,0,3.55,0.0
2024-08-03,UFC Fight Night: Sandhagen vs. Nurmagomedov,Sedriques Dumas vs. Denis Tiuliulin,Clemens Werner,29,28,1,23,0,3.55,0.0
2024-08-03,UFC Fight Night: Sandhagen vs. Nurmagomedov,Sedriques Dumas vs. Denis Tiuliulin,Vito Paolillo,30,27,1,23,0,3.55,0.0
2024-07-27,UFC 304: Edwards vs. Muhammad 2,Leon Edwards vs. Belal Muhammad,Ben Cartlidge,47,48,0,-21,-7,-4.85,0.0
2024-07-27,UFC 304: Edwards vs. Muhammad 2,Leon Edwards vs. Belal Muhammad,Derek Cleary,47,48,0,-21,-7,-4.85,0.0
2024-07-27,UFC 304: Edwards vs. Muhammad 2,Leon Edwards vs. Belal Muhammad,Clemens Werner,46,49,0,-21,-7,-4.85,0.0
2024-07-27,UFC 304: Edwards vs. Muhammad 2,Christian Leroy Duncan vs. Gregory Rodrigues,Derek Cleary,27,30,0,-16,-4,-6.583333333333332,0.0
2024-07-27,UFC 304: Edwards vs. Muhammad 2,Christian Leroy Duncan vs. Gregory Rodrigues,David Lethaby,27,30,0,-16,-4,-6.583333333333332,0.0
2024-07-27,UFC 304: Edwards vs. Muhammad 2,Christian Leroy Duncan vs. Gregory Rodrigues,Anders Ohlsson,27,30,0,-16,-4,-6.583333333333332,0.0
2024-07-27,UFC 304: Edwards vs. Muhammad 2,Arnold Allen vs. Giga Chikadze,Ben Cartlidge,29,28,1,23,0,0.0,0.0
2024-07-27,UFC 304: Edwards vs. Muhammad 2,Arnold Allen vs. Giga Chikadze,Mark Collett,29,28,1,23,0,0.0,0.0
2024-07-27,UFC 304: Edwards vs. Muhammad 2,Arnold Allen vs. Giga Chikadze,Anders Ohlsson,29,28,1,23,0,0.0,0.0
2024-07-27,UFC 304: Edwards vs. Muhammad 2,Nathaniel Wood vs. Daniel Pineda,David Lethaby,29,27,1,34,-1,-1.8333333333333335,1.0
2024-07-27,UFC 304: Edwards vs. Muhammad 2,Nathaniel Wood vs. Daniel Pineda,Darryl Ransom,29,27,1,34,-1,-1.8333333333333335,1.0
2024-07-27,UFC 304: Edwards vs. Muhammad 2,Nathaniel Wood vs. Daniel Pineda,Clemens Werner,29,28,1,34,-1,-1.8333333333333335,1.0
2024-07-27,UFC 304: Edwards vs. Muhammad 2,Molly McCann vs. Bruna Brasil,Ben Cartlidge,27,30,0,-12,-1,-2.0666666666666664,0.0
2024-07-27,UFC 304: Edwards vs. Muhammad 2,Molly McCann vs. Bruna Brasil,Clemens Werner,27,30,0,-12,-1,-2.0666666666666664,0.0
2024-07-27,UFC 304: Edwards vs. Muhammad 2,Molly McCann vs. Bruna Brasil,Anders Ohlsson,28,29,0,-12,-1,-2.0666666666666664,0.0
2024-07-27,UFC 304: Edwards vs. Muhammad 2,Jake Hadley vs. Caolan Loughran,Mark Collett,30,27,1,15,-1,-1.6666666666666667,0.0
2024-07-27,UFC 304: Edwards vs. Muhammad 2,Jake Hadley vs. Caolan Loughran,David Lethaby,30,27,1,15,-1,-1.6666666666666667,0.0
2024-07-27,UFC 304: Edwards vs. Muhammad 2,Jake Hadley vs. Caolan Loughran,Derek Cleary,29,28,1,15,-1,-1.6666666666666667,0.0
2024-07-27,UFC 304: Edwards vs. Muhammad 2,Muhammad Mokaev vs. Manel Kape,Derek Cleary,29,28,1,10,3,2.1166666666666667,0.0
2024-07-27,UFC 304: Edwards vs. Muhammad 2,Muhammad Mokaev vs. Manel Kape,Darryl Ransom,29,28,1,10,3,2.1166666666666667,0.0
2024-07-27,UFC 304: Edwards vs. Muhammad 2,Muhammad Mokaev vs. Manel Kape,Anders Ohlsson,30,27,1,10,3,2.1166666666666667,0.0
2024-07-27,UFC 304: Edwards vs. Muhammad 2,Oban Elliott vs. Preston Parsons,Mark Collett,29,28,1,8,0,2.966666666666667,0.0
2024-07-27,UFC 304: Edwards vs. Muhammad 2,Oban Elliott vs. Preston Parsons,Derek Cleary,30,27,1,8,0,2.966666666666667,0.0
2024-07-27,UFC 304: Edwards vs. Muhammad 2,Oban Elliott vs. Preston Parsons,David Lethaby,30,27,1,8,0,2.966666666666667,0.0
2024-07-27,UFC 304: Edwards vs. Muhammad 2,Shauna Bannon vs. Alice Ardelean,Mark Collett,30,27,1,20,-2,-5.733333333333333,0.0
2024-07-27,UFC 304: Edwards vs. Muhammad 2,Shauna Bannon vs. Alice Ardelean,Darryl Ransom,28,29,0,20,-2,-5.733333333333333,0.0
2024-07-27,UFC 304: Edwards vs. Muhammad 2,Shauna Bannon vs. Alice Ardelean,Anders Ohlsson,29,28,1,20,-2,-5.733333333333333,0.0
2024-07-20,UFC Fight Night: Lemos vs. Jandiroba,Kurt Holobaugh vs. Kaynan Kruschewsky,Adalaide Byrd,29,28,1,3,-2,2.5666666666666664,0.0
2024-07-20,UFC Fight Night: Lemos vs. Jandiroba,Kurt Holobaugh vs. Kaynan Kruschewsky,Sal D'Amato,29,28,1,3,-2,2.5666666666666664,0.0
2024-07-20,UFC Fight Night: Lemos vs. Jandiroba,Kurt Holobaugh vs. Kaynan Kruschewsky,Anthony Maness,29,28,1,3,-2,2.5666666666666664,0.0
2024-07-20,UFC Fight Night: Lemos vs. Jandiroba,Miranda Maverick vs. Dione Barbosa,Mike Bell,29,28,1,9,1,7.300000000000001,0.0
2024-07-20,UFC Fight Night: Lemos vs. Jandiroba,Miranda Maverick vs. Dione Barbosa,Eric Colon,30,27,1,9,1,7.300000000000001,0.0
2024-07-20,UFC Fight Night: Lemos vs. Jandiroba,Miranda Maverick vs. Dione Barbosa,Sal D'Amato,30,27,1,9,1,7.300000000000001,0.0
2024-07-20,UFC Fight Night: Lemos vs. Jandiroba,Loik Radzhabov vs. Trey Ogden,Mike Bell,28,29,0,18,-4,-8.183333333333334,0.0
2024-07-20,UFC Fight Night: Lemos vs. Jandiroba,Loik Radzhabov vs. Trey Ogden,Junichiro Kamijo,28,29,0,18,-4,-8.183333333333334,0.0
2024-07-20,UFC Fight Night: Lemos vs. Jandiroba,Loik Radzhabov vs. Trey Ogden,Eric Colon,27,30,0,18,-4,-8.183333333333334,0.0
2024-07-20,UFC Fight Night: Lemos vs. Jandiroba,Luana Carolina vs. Lucie Pudilova,Mike Bell,29,28,1,51,-2,-1.3999999999999997,0.0
2024-07-20,UFC Fight Night: Lemos vs. Jandiroba,Luana Carolina vs. Lucie Pudilova,Junichiro Kamijo,29,28,1,51,-2,-1.3999999999999997,0.0
2024-07-20,UFC Fight Night: Lemos vs. Jandiroba,Luana Carolina vs. Lucie Pudilova,Sal D'Amato,30,27,1,51,-2,-1.3999999999999997,0.0
2024-07-20,UFC Fight Night: Lemos vs. Jandiroba,Mohammed Usman vs. Thomas Petersen,Chris Leben,27,30,0,-13,-2,-1.0166666666666666,0.0
2024-07-20,UFC Fight Night: Lemos vs. Jandiroba,Mohammed Usman vs. Thomas Petersen,Anthony Maness,27,30,0,-13,-2,-1.0166666666666666,0.0
2024-07-20,UFC Fight Night: Lemos vs. Jandiroba,Mohammed Usman vs. Thomas Petersen,Rick Winter,27,30,0,-13,-2,-1.0166666666666666,0.0
2024-07-13,UFC Fight Night: Namajunas vs. Cortez,Rose Namajunas vs. Tracy Cortez,Sal D'Amato,49,46,1,38,3,5.633333333333333,1.0
2024-07-13,UFC Fight Night: Namajunas vs. Cortez,Rose Namajunas vs. Tracy Cortez,Chris Lee,49,46,1,38,3,5.633333333333333,1.0
2024-07-13,UFC Fight Night: Namajunas vs. Cortez,Rose Namajunas vs. Tracy Cortez,Eric Colon,48,47,1,38,3,5.633333333333333,1.0
2024-07-13,UFC Fight Night: Namajunas vs. Cortez,Santiago Ponzinibbio vs. Muslim Salikhov,Chris Lee,28,29,0,-5,2,2.4833333333333334,0.0
2024-07-13,UFC Fight Night: Namajunas vs. Cortez,Santiago Ponzinibbio vs. Muslim Salikhov,Eric Colon,29,28,1,-5,2,2.4833333333333334,0.0
2024-07-13,UFC Fight Night: Namajunas vs. Cortez,Santiago Ponzinibbio vs. Muslim Salikhov,Dean Abeyta,28,29,0,-5,2,2.4833333333333334,0.0
2024-07-13,UFC Fight Night: Namajunas vs. Cortez,Gabriel Bonfim vs. Ange Loosa,Sal D'Amato,30,27,1,49,-3,-2.416666666666667,0.0
2024-07-13,UFC Fight Night: Namajunas vs. Cortez,Gabriel Bonfim vs. Ange Loosa,Mark Sanchez,30,27,1,49,-3,-2.416666666666667,0.0
2024-07-13,UFC Fight Night: Namajunas vs. Cortez,Gabriel Bonfim vs. Ange Loosa,Dean Abeyta,29,28,1,49,-3,-2.416666666666667,0.0
2024-07-13,UFC Fight Night: Namajunas vs. Cortez,Jasmine Jasudavicius vs. Fatima Kline,Sal D'Amato,30,27,1,1,3,6.933333333333334,0.0
2024-07-13,UFC Fight Night: Namajunas vs. Cortez,Jasmine Jasudavicius vs. Fatima Kline,Eric Colon,30,27,1,1,3,6.933333333333334,0.0
2024-07-13,UFC Fight Night: Namajunas vs. Cortez,Jasmine Jasudavicius vs. Fatima Kline,Mark Van Tine,30,27,1,1,3,6.933333333333334,0.0
2024-07-13,UFC Fight Night: Namajunas vs. Cortez,Josh Fremd vs. Andre Petroski,Dean Abeyta,27,30,0,4,-3,-12.616666666666665,0.0
2024-07-13,UFC Fight Night: Namajunas vs. Cortez,Josh Fremd vs. Andre Petroski,Eric Colon,27,30,0,4,-3,-12.616666666666665,0.0
2024-07-13,UFC Fight Night: Namajunas vs. Cortez,Josh Fremd vs. Andre Petroski,Mark Sanchez,27,30,0,4,-3,-12.616666666666665,0.0
2024-06-29,UFC 303: Pereira vs. Prochazka 2,Dan Ige vs. Diego Lopes,Mike Bell,28,29,0,-7,-1,-2.4499999999999997,0.0
2024-06-29,UFC 303: Pereira vs. Prochazka 2,Dan Ige vs. Diego Lopes,Eric Colon,28,29,0,-7,-1,-2.4499999999999997,0.0
2024-06-29,UFC 303: Pereira vs. Prochazka 2,Dan Ige vs. Diego Lopes,Chris Lee,28,29,0,-7,-1,-2.4499999999999997,0.0
2024-06-29,UFC 303: Pereira vs. Prochazka 2,Anthony Smith vs. Roman Dolidze,Sal D'Amato,27,30,0,-49,-1,-3.55,0.0
2024-06-29,UFC 303: Pereira vs. Prochazka 2,Anthony Smith vs. Roman Dolidze,Junichiro Kamijo,28,29,0,-49,-1,-3.55,0.0
2024-06-29,UFC 303: Pereira vs. Prochazka 2,Anthony Smith vs. Roman Dolidze,Ron McCarthy,28,29,0,-49,-1,-3.55,0.0
2024-06-29,UFC 303: Pereira vs. Prochazka 2,Ian Machado Garry vs. Michael Page,Derek Cleary,29,28,1,-2,2,5.616666666666667,0.0
2024-06-29,UFC 303: Pereira vs. Prochazka 2,Ian Machado Garry vs. Michael Page,Sal D'Amato,29,28,1,-2,2,5.616666666666667,0.0
2024-06-29,UFC 303: Pereira vs. Prochazka 2,Ian Machado Garry vs. Michael Page,Chris Lee,29,28,1,-2,2,5.616666666666667,0.0
2024-06-29,UFC 303: Pereira vs. Prochazka 2,Cub Swanson vs. Andre Fili,Mike Bell,28,29,0,-5,-2,-3.35,0.0
2024-06-29,UFC 303: Pereira vs. Prochazka 2,Cub Swanson vs. Andre Fili,Adalaide Byrd,29,28,1,-5,-2,-3.35,0.0
2024-06-29,UFC 303: Pereira vs. Prochazka 2,Cub Swanson vs. Andre Fili,Ron McCarthy,28,29,0,-5,-2,-3.35,0.0
2024-06-29,UFC 303: Pereira vs. Prochazka 2,Michelle Waterson-Gomez vs. Gillian Robertson,Sal D'Amato,27,30,0,-56,-1,-12.25,0.0
2024-06-29,UFC 303: Pereira vs. Prochazka 2,Michelle Waterson-Gomez vs. Gillian Robertson,Chris Lee,27,30,0,-56,-1,-12.25,0.0
2024-06-29,UFC 303: Pereira vs. Prochazka 2,Michelle Waterson-Gomez vs. Gillian Robertson,Ron McCarthy,26,30,0,-56,-1,-12.25,0.0
2024-06-29,UFC 303: Pereira vs. Prochazka 2,Andrei Arlovski vs. Martin Buday,Mike Bell,28,29,0,20,0,2.3000000000000003,0.0
2024-06-29,UFC 303: Pereira vs. Prochazka 2,Andrei Arlovski vs. Martin Buday,Derek Cleary,29,28,1,20,0,2.3000000000000003,0.0
2024-06-29,UFC 303: Pereira vs. Prochazka 2,Andrei Arlovski vs. Martin Buday,Sal D'Amato,27,30,0,20,0,2.3000000000000003,0.0
2024-06-29,UFC 303: Pereira vs. Prochazka 2,Rei Tsuruya vs. Carlos Hernandez,Mike Bell,29,28,1,1,2,1.833333333333333,0.0
2024-06-29,UFC 303: Pereira vs. Prochazka 2,Rei Tsuruya vs. Carlos Hernandez,Adalaide Byrd,29,28,1,1,2,1.833333333333333,0.0
2024-06-29,UFC 303: Pereira vs. Prochazka 2,Rei Tsuruya vs. Carlos Hernandez,Ron McCarthy,29,28,1,1,2,1.833333333333333,0.0
2024-06-29,UFC 303: Pereira vs. Prochazka 2,Ricky Simon vs. Vinicius Oliveira,Eric Colon,27,30,0,-54,1,0.24999999999999994,0.0
2024-06-29,UFC 303: Pereira vs. Prochazka 2,Ricky Simon vs. Vinicius Oliveira,Tony Weeks,27,30,0,-54,1,0.24999999999999994,0.0
2024-06-29,UFC 303: Pereira vs. Prochazka 2,Ricky Simon vs. Vinicius Oliveira,Junichiro Kamijo,28,29,0,-54,1,0.24999999999999994,0.0
2024-06-22,UFC Fight Night: Whittaker vs. Aliskerov,Sergei Pavlovich vs. Alexander Volkov,Anders Ohlsson,27,30,0,-37,0,0.25,0.0
2024-06-22,UFC Fight Night: Whittaker vs. Aliskerov,Sergei Pavlovich vs. Alexander Volkov,Clemens Werner,27,30,0,-37,0,0.25,0.0
2024-06-22,UFC Fight Night: Whittaker vs. Aliskerov,Sergei Pavlovich vs. Alexander Volkov,Vito Paolillo,28,29,0,-37,0,0.25,0.0
2024-06-22,UFC Fight Night: Whittaker vs. Aliskerov,Kelvin Gastelum vs. Daniel Rodriguez,Ben Cartlidge,29,28,1,-15,4,2.783333333333333,0.0
2024-06-22,UFC Fight Night: Whittaker vs. Aliskerov,Kelvin Gastelum vs. Daniel Rodriguez,Mark Collett,30,27,1,-15,4,2.783333333333333,0.0
2024-06-22,UFC Fight Night: Whittaker vs. Aliskerov,Kelvin Gastelum vs. Daniel Rodriguez,Clemens Werner,30,27,1,-15,4,2.783333333333333,0.0
2024-06-22,UFC Fight Night: Whittaker vs. Aliskerov,Nasrat Haqparast vs. Jared Gordon,Clemens Werner,28,29,0,5,0,-2.766666666666667,0.0
2024-06-22,UFC Fight Night: Whittaker vs. Aliskerov,Nasrat Haqparast vs. Jared Gordon,Mark Collett,29,28,1,5,0,-2.766666666666667,0.0
2024-06-22,UFC Fight Night: Whittaker vs. Aliskerov,Nasrat Haqparast vs. Jared Gordon,Sal D'Amato,29,28,1,5,0,-2.766666666666667,0.0
2024-06-22,UFC Fight Night: Whittaker vs. Aliskerov,Rinat Fakhretdinov vs. Nicolas Dalby,Ben Cartlidge,29,28,1,2,5,2.3333333333333335,0.0
2024-06-22,UFC Fight Night: Whittaker vs. Aliskerov,Rinat Fakhretdinov vs. Nicolas Dalby,Anders Ohlsson,28,29,0,2,5,2.3333333333333335,0.0
2024-06-22,UFC Fight Night: Whittaker vs. Aliskerov,Rinat Fakhretdinov vs. Nicolas Dalby,David Lethaby,29,28,1,2,5,2.3333333333333335,0.0
2024-06-22,UFC Fight Night: Whittaker vs. Aliskerov,Kyung Ho Kang vs. Muin Gafurov,Ben Cartlidge,27,30,0,-35,2,-1.6999999999999993,0.0
2024-06-22,UFC Fight Night: Whittaker vs. Aliskerov,Kyung Ho Kang vs. Muin Gafurov,Anders Ohlsson,27,30,0,-35,2,-1.6999999999999993,0.0
2024-06-22,UFC Fight Night: Whittaker vs. Aliskerov,Kyung Ho Kang vs. Muin Gafurov,Clemens Werner,27,30,0,-35,2,-1.6999999999999993,0.0
2024-06-22,UFC Fight Night: Whittaker vs. Aliskerov,Magomed Gadzhiyasulov vs. Brendson Ribeiro,Mark Collett,29,28,1,9,2,8.05,0.0
2024-06-22,UFC Fight Night: Whittaker vs. Aliskerov,Magomed Gadzhiyasulov vs. Brendson Ribeiro,David Lethaby,29,28,1,9,2,8.05,0.0
2024-06-22,UFC Fight Night: Whittaker vs. Aliskerov,Xiao Long vs. ChangHo Lee,Anders Ohlsson,29,28,1,-16,0,4.516666666666667,0.0
2024-06-22,UFC Fight Night: Whittaker vs. Aliskerov,Xiao Long vs. ChangHo Lee,Vito Paolillo,28,29,0,-16,0,4.516666666666667,0.0
2024-06-22,UFC Fight Night: Whittaker vs. Aliskerov,Xiao Long vs. ChangHo Lee,Clemens Werner,28,29,0,-16,0,4.516666666666667,0.0
2024-06-15,UFC Fight Night: Perez vs. Taira,Douglas Silva de Andrade vs. Miles Johns,Eric Colon,27,30,0,-14,0,0.03333333333333334,0.0
2024-06-15,UFC Fight Night: Perez vs. Taira,Douglas Silva de Andrade vs. Miles Johns,Sal D'Amato,27,30,0,-14,0,0.03333333333333334,0.0
2024-06-15,UFC Fight Night: Perez vs. Taira,Douglas Silva de Andrade vs. Miles Johns,Junichiro Kamijo,28,29,0,-14,0,0.03333333333333334,0.0
2024-06-15,UFC Fight Night: Perez vs. Taira,Timmy Cuamba vs. Lucas Almeida,Mike Bell,28,29,0,-11,2,1.5166666666666666,-1.0
2024-06-15,UFC Fight Night: Perez vs. Taira,Timmy Cuamba vs. Lucas Almeida,Adalaide Byrd,28,29,0,-11,2,1.5166666666666666,-1.0
2024-06-15,UFC Fight Night: Perez vs. Taira,Timmy Cuamba vs. Lucas Almeida,Eric Colon,28,29,0,-11,2,1.5166666666666666,-1.0
2024-06-15,UFC Fight Night: Perez vs. Taira,Asu Almabayev vs. Jose Johnson,Mike Bell,30,27,1,15,5,10.35,0.0
2024-06-15,UFC Fight Night: Perez vs. Taira,Asu Almabayev vs. Jose Johnson,Eric Colon,30,27,1,15,5,10.35,0.0
2024-06-15,UFC Fight Night: Perez vs. Taira,Asu Almabayev vs. Jose Johnson,Tony Weeks,30,27,1,15,5,10.35,0.0
2024-06-15,UFC Fight Night: Perez vs. Taira,Josh Quinlan vs. Adam Fugitt,Junichiro Kamijo,28,29,0,-27,0,0.0,0.0
2024-06-15,UFC Fight Night: Perez vs. Taira,Josh Quinlan vs. Adam Fugitt,Anthony Maness,29,28,1,-27,0,0.0,0.0
2024-06-15,UFC Fight Night: Perez vs. Taira,Josh Quinlan vs. Adam Fugitt,Chris Lee,28,29,0,-27,0,0.0,0.0
2024-06-15,UFC Fight Night: Perez vs. Taira,Jimmy Flick vs. Nate Maness,Sal D'Amato,27,30,0,-52,1,-1.6999999999999993,0.0
2024-06-15,UFC Fight Night: Perez vs. Taira,Jimmy Flick vs. Nate Maness,Junichiro Kamijo,27,30,0,-52,1,-1.6999999999999993,0.0
2024-06-15,UFC Fight Night: Perez vs. Taira,Jimmy Flick vs. Nate Maness,Tony Weeks,28,29,0,-52,1,-1.6999999999999993,0.0
2024-06-15,UFC Fight Night: Perez vs. Taira,Carli Judice vs. Gabriella Fernandes,Mike Bell,28,29,0,50,0,-1.5999999999999999,0.0
2024-06-15,UFC Fight Night: Perez vs. Taira,Carli Judice vs. Gabriella Fernandes,Adalaide Byrd,29,28,1,50,0,-1.5999999999999999,0.0
2024-06-15,UFC Fight Night: Perez vs. Taira,Carli Judice vs. Gabriella Fernandes,Chris Lee,28,29,0,50,0,-1.5999999999999999,0.0
2024-06-15,UFC Fight Night: Perez vs. Taira,Josefine Knutsson vs. Julia Polastri,Mike Bell,29,28,1,60,-3,-3.8499999999999996,0.0
2024-06-15,UFC Fight Night: Perez vs. Taira,Josefine Knutsson vs. Julia Polastri,Eric Colon,29,28,1,60,-3,-3.8499999999999996,0.0
2024-06-15,UFC Fight Night: Perez vs. Taira,Josefine Knutsson vs. Julia Polastri,Sal D'Amato,29,28,1,60,-3,-3.8499999999999996,0.0
2024-06-08,UFC Fight Night: Cannonier vs. Imavov,Miguel Baeza vs. Punahele Soriano,Sal D'Amato,25,30,0,-137,-5,-10.183333333333334,0.0
2024-06-08,UFC Fight Night: Cannonier vs. Imavov,Miguel Baeza vs. Punahele Soriano,Derek Cleary,25,30,0,-137,-5,-10.183333333333334,0.0
2024-06-08,UFC Fight Night: Cannonier vs. Imavov,Miguel Baeza vs. Punahele Soriano,Chris Kinman,27,30,0,-137,-5,-10.183333333333334,0.0
2024-06-08,UFC Fight Night: Cannonier vs. Imavov,Thiago Moises vs. Ludovit Klein,Rob Pope,27,30,0,-32,-1,-1.9833333333333338,-2.0
2024-06-08,UFC Fight Night: Cannonier vs. Imavov,Thiago Moises vs. Ludovit Klein,Junichiro Kamijo,27,30,0,-32,-1,-1.9833333333333338,-2.0
2024-06-08,UFC Fight Night: Cannonier vs. Imavov,Thiago Moises vs. Ludovit Klein,Mike Bell,27,30,0,-32,-1,-1.9833333333333338,-2.0
2024-06-08,UFC Fight Night: Cannonier vs. Imavov,Brad Katona vs. Jesse Butler,Derek Cleary,30,26,1,38,3,10.833333333333332,0.0
2024-06-08,UFC Fight Night: Cannonier vs. Imavov,Brad Katona vs. Jesse Butler,Chris Kinman,30,27,1,38,3,10.833333333333332,0.0
2024-06-08,UFC Fight Night: Cannonier vs. Imavov,Brad Katona vs. Jesse Butler,Sal D'Amato,30,27,1,38,3,10.833333333333332,0.0
2024-06-08,UFC Fight Night: Cannonier vs. Imavov,Andrea Lee vs. Montana De La Rosa,Sal D'Amato,28,29,0,5,-3,-0.016666666666666607,0.0
2024-06-08,UFC Fight Night: Cannonier vs. Imavov,Andrea Lee vs. Montana De La Rosa,Rob Pope,29,28,1,5,-3,-0.016666666666666607,0.0
2024-06-08,UFC Fight Night: Cannonier vs. Imavov,Andrea Lee vs. Montana De La Rosa,Derek Cleary,28,29,0,5,-3,-0.016666666666666607,0.0
2024-06-08,UFC Fight Night: Cannonier vs. Imavov,John Castaneda vs. Daniel Marcos,Matt Jones,27,30,0,-38,1,1.1833333333333336,-1.0
2024-06-08,UFC Fight Night: Cannonier vs. Imavov,John Castaneda vs. Daniel Marcos,Junichiro Kamijo,27,30,0,-38,1,1.1833333333333336,-1.0
2024-06-08,UFC Fight Night: Cannonier vs. Imavov,John Castaneda vs. Daniel Marcos,Mike Bell,27,30,0,-38,1,1.1833333333333336,-1.0
2024-06-08,UFC Fight Night: Cannonier vs. Imavov,Eduarda Moura vs. Denise Gomes,Chris Kinman,29,28,1,-32,5,4.266666666666666,0.0
2024-06-08,UFC Fight Night: Cannonier vs. Imavov,Eduarda Moura vs. Denise Gomes,Junichiro Kamijo,27,30,0,-32,5,4.266666666666666,0.0
2024-06-08,UFC Fight Night: Cannonier vs. Imavov,Eduarda Moura vs. Denise Gomes,Mike Bell,27,30,0,-32,5,4.266666666666666,0.0
2024-06-08,UFC Fight Night: Cannonier vs. Imavov,Cody Stamann vs. Taylor Lapilus,Rob Pope,27,30,0,-41,1,2.9499999999999997,0.0
2024-06-08,UFC Fight Night: Cannonier vs. Imavov,Cody Stamann vs. Taylor Lapilus,Sal D'Amato,27,30,0,-41,1,2.9499999999999997,0.0
2024-06-08,UFC Fight Night: Cannonier vs. Imavov,Cody Stamann vs. Taylor Lapilus,Derek Cleary,27,30,0,-41,1,2.9499999999999997,0.0
2024-06-08,UFC Fight Night: Cannonier vs. Imavov,Rayanne dos Santos vs. Puja Tomar,Matt Jones,27,30,0,-11,0,0.6333333333333333,0.0
2024-06-08,UFC Fight Night: Cannonier vs. Imavov,Rayanne dos Santos vs. Puja Tomar,Sal D'Amato,30,27,1,-11,0,0.6333333333333333,0.0
2024-06-08,UFC Fight Night: Cannonier vs. Imavov,Rayanne dos Santos vs. Puja Tomar,Derek Cleary,28,29,0,-11,0,0.6333333333333333,0.0
2024-06-01,UFC 302: Makhachev vs. Poirier,Sean Strickland vs. Paulo Costa,Dave Tirelli,46,49,0,24,0,0.016666666666666666,0.0
2024-06-01,UFC 302: Makhachev vs. Poirier,Sean Strickland vs. Paulo Costa,Chris Lee,50,45,1,24,0,0.016666666666666666,0.0
2024-06-01,UFC 302: Makhachev vs. Poirier,Sean Strickland vs. Paulo Costa,Sal D'Amato,49,46,1,24,0,0.016666666666666666,0.0
2024-06-01,UFC 302: Makhachev vs. Poirier,Niko Price vs. Alex Morono,Sal D'Amato,29,28,1,12,4,2.6833333333333336,0.0
2024-06-01,UFC 302: Makhachev vs. Poirier,Niko Price vs. Alex Morono,Chris Lee,29,28,1,12,4,2.6833333333333336,0.0
2024-06-01,UFC 302: Makhachev vs. Poirier,Niko Price vs. Alex Morono,Dave Tirelli,29,28,1,12,4,2.6833333333333336,0.0
2024-06-01,UFC 302: Makhachev vs. Poirier,Randy Brown vs. Elizeu Zaleski dos Santos,Eric Colon,29,28,1,41,-4,-4.85,0.0
2024-06-01,UFC 302: Makhachev vs. Poirier,Randy Brown vs. Elizeu Zaleski dos Santos,Sal D'Amato,29,28,1,41,-4,-4.85,0.0
2024-06-01,UFC 302: Makhachev vs. Poirier,Randy Brown vs. Elizeu Zaleski dos Santos,Chris Lee,29,28,1,41,-4,-4.85,0.0
2024-06-01,UFC 302: Makhachev vs. Poirier,Cesar Almeida vs. Roman Kopylov,Eric Colon,28,29,0,17,-5,-8.65,-1.0
2024-06-01,UFC 302: Makhachev vs. Poirier,Cesar Almeida vs. Roman Kopylov,Chris Lee,29,28,1,17,-5,-8.65,-1.0
2024-06-01,UFC 302: Makhachev vs. Poirier,Cesar Almeida vs. Roman Kopylov,Sal D'Amato,27,30,0,17,-5,-8.65,-1.0
2024-06-01,UFC 302: Makhachev vs. Poirier,Grant Dawson vs. Joe Solecki,Jon Bilyk,29,28,1,34,3,13.533333333333333,0.0
2024-06-01,UFC 302: Makhachev vs. Poirier,Grant Dawson vs. Joe Solecki,Sal D'Amato,30,27,1,34,3,13.533333333333333,0.0
2024-06-01,UFC 302: Makhachev vs. Poirier,Grant Dawson vs. Joe Solecki,Dave Tirelli,30,27,1,34,3,13.533333333333333,0.0
2024-06-01,UFC 302: Makhachev vs. Poirier,Phil Rowe vs. Jake Matthews,Jon Bilyk,28,29,0,-32,-1,-1.233333333333333,0.0
2024-06-01,UFC 302: Makhachev vs. Poirier,Phil Rowe vs. Jake Matthews,Maimunah Querido,28,29,0,-32,-1,-1.233333333333333,0.0
2024-06-01,UFC 302: Makhachev vs. Poirier,Phil Rowe vs. Jake Matthews,Adrian Castro,27,30,0,-32,-1,-1.233333333333333,0.0
2024-06-01,UFC 302: Makhachev vs. Poirier,Mickey Gall vs. Bassil Hafez,Jon Bilyk,27,30,0,-12,-2,-1.0666666666666667,0.0
2024-06-01,UFC 302: Makhachev vs. Poirier,Mickey Gall vs. Bassil Hafez,Adrian Castro,27,30,0,-12,-2,-1.0666666666666667,0.0
2024-06-01,UFC 302: Makhachev vs. Poirier,Mickey Gall vs. Bassil Hafez,Maimunah Querido,28,29,0,-12,-2,-1.0666666666666667,0.0
2024-06-01,UFC 302: Makhachev vs. Poirier,Ailin Perez vs. Joselyne Edwards,Dave Tirelli,30,27,1,15,6,-0.8833333333333337,1.0
2024-06-01,UFC 302: Makhachev vs. Poirier,Ailin Perez vs. Joselyne Edwards,Jon Bilyk,29,28,1,15,6,-0.8833333333333337,1.0
2024-06-01,UFC 302: Makhachev vs. Poirier,Ailin Perez vs. Joselyne Edwards,Maimunah Querido,29,28,1,15,6,-0.8833333333333337,1.0
2024-06-01,UFC 302: Makhachev vs. Poirier,Mitch Raposo vs. Andre Lima,Adrian Castro,27,30,0,-19,1,0.0,0.0
2024-06-01,UFC 302: Makhachev vs. Poirier,Mitch Raposo vs. Andre Lima,Dave Tirelli,29,28,1,-19,1,0.0,0.0
2024-06-01,UFC 302: Makhachev vs. Poirier,Mitch Raposo vs. Andre Lima,Eric Colon,27,30,0,-19,1,0.0,0.0
2024-05-18,UFC Fight Night: Barboza vs. Murphy,Edson Barboza vs. Lerone Murphy,Derek Cleary,46,49,0,-141,-4,-5.033333333333333,0.0
2024-05-18,UFC Fight Night: Barboza vs. Murphy,Edson Barboza vs. Lerone Murphy,Sal D'Amato,45,50,0,-141,-4,-5.033333333333333,0.0
2024-05-18,UFC Fight Night: Barboza vs. Murphy,Edson Barboza vs. Lerone Murphy,Ron McCarthy,45,50,0,-141,-4,-5.033333333333333,0.0
2024-05-18,UFC Fight Night: Barboza vs. Murphy,Themba Gorimbo vs. Ramiz Brahimaj,Adalaide Byrd,30,27,1,40,4,6.483333333333333,0.0
2024-05-18,UFC Fight Night: Barboza vs. Murphy,Themba Gorimbo vs. Ramiz Brahimaj,Derek Cleary,30,27,1,40,4,6.483333333333333,0.0
2024-05-18,UFC Fight Night: Barboza vs. Murphy,Themba Gorimbo vs. Ramiz Brahimaj,Sal D'Amato,30,27,1,40,4,6.483333333333333,0.0
2024-05-18,UFC Fight Night: Barboza vs. Murphy,Abus Magomedov vs. Warlley Alves,Derek Cleary,30,26,1,6,6,11.316666666666666,0.0
2024-05-18,UFC Fight Night: Barboza vs. Murphy,Abus Magomedov vs. Warlley Alves,Chris Lee,30,26,1,6,6,11.316666666666666,0.0
2024-05-18,UFC Fight Night: Barboza vs. Murphy,Abus Magomedov vs. Warlley Alves,Tony Weeks,30,26,1,6,6,11.316666666666666,0.0
2024-05-18,UFC Fight Night: Barboza vs. Murphy,Alatengheili vs. Kleydson Rodrigues,Mike Bell,30,27,1,-19,3,7.7666666666666675,0.0
2024-05-18,UFC Fight Night: Barboza vs. Murphy,Alatengheili vs. Kleydson Rodrigues,Junichiro Kamijo,30,27,1,-19,3,7.7666666666666675,0.0
2024-05-18,UFC Fight Night: Barboza vs. Murphy,Alatengheili vs. Kleydson Rodrigues,Chris Lee,30,27,1,-19,3,7.7666666666666675,0.0
2024-05-18,UFC Fight Night: Barboza vs. Murphy,Vanessa Demopoulos vs. Emily Ducote,Sal D'Amato,29,28,1,-34,0,-0.7666666666666667,0.0
2024-05-18,UFC Fight Night: Barboza vs. Murphy,Vanessa Demopoulos vs. Emily Ducote,Derek Cleary,28,29,0,-34,0,-0.7666666666666667,0.0
2024-05-18,UFC Fight Night: Barboza vs. Murphy,Vanessa Demopoulos vs. Emily Ducote,Ron McCarthy,29,28,1,-34,0,-0.7666666666666667,0.0
2024-05-11,UFC Fight Night: Lewis vs. Nascimento,Joaquin Buckley vs. Nursulton Ruziboev,Henry Guery,30,27,1,55,4,4.933333333333334,1.0
2024-05-11,UFC Fight Night: Lewis vs. Nascimento,Joaquin Buckley vs. Nursulton Ruziboev,Chris Lee,30,26,1,55,4,4.933333333333334,1.0
2024-05-11,UFC Fight Night: Lewis vs. Nascimento,Joaquin Buckley vs. Nursulton Ruziboev,Sal D'Amato,29,27,1,55,4,4.933333333333334,1.0
2024-05-11,UFC Fight Night: Lewis vs. Nascimento,Alex Caceres vs. Sean Woodson,Sal D'Amato,28,29,0,-19,0,0.2,0.0
2024-05-11,UFC Fight Night: Lewis vs. Nascimento,Alex Caceres vs. Sean Woodson,Brian Puccillo,28,29,0,-19,0,0.2,0.0
2024-05-11,UFC Fight Night: Lewis vs. Nascimento,Alex Caceres vs. Sean Woodson,Henry Guery,27,30,0,-19,0,0.2,0.0
2024-05-11,UFC Fight Night: Lewis vs. Nascimento,Waldo Cortes Acosta vs. Robelis Despaigne,Chris Lee,30,26,1,26,3,9.5,0.0
2024-05-11,UFC Fight Night: Lewis vs. Nascimento,Waldo Cortes Acosta vs. Robelis Despaigne,David Huyette,30,27,1,26,3,9.5,0.0
2024-05-11,UFC Fight Night: Lewis vs. Nascimento,Waldo Cortes Acosta vs. Robelis Despaigne,Travis Buesking,30,27,1,26,3,9.5,0.0
2024-05-11,UFC Fight Night: Lewis vs. Nascimento,Tabatha Ricci vs. Tecia Pennington,Brian Puccillo,29,28,1,-26,1,5.183333333333334,0.0
2024-05-11,UFC Fight Night: Lewis vs. Nascimento,Tabatha Ricci vs. Tecia Pennington,Rob Francis,28,29,0,-26,1,5.183333333333334,0.0
2024-05-11,UFC Fight Night: Lewis vs. Nascimento,Tabatha Ricci vs. Tecia Pennington,Chris Lee,29,28,1,-26,1,5.183333333333334,0.0
2024-05-11,UFC Fight Night: Lewis vs. Nascimento,Billy Ray Goff vs. Trey Waters,Sal D'Amato,27,30,0,20,1,4.1,0.0
2024-05-11,UFC Fight Night: Lewis vs. Nascimento,Billy Ray Goff vs. Trey Waters,David Huyette,27,30,0,20,1,4.1,0.0
2024-05-11,UFC Fight Night: Lewis vs. Nascimento,Billy Ray Goff vs. Trey Waters,Travis Buesking,28,29,0,20,1,4.1,0.0
2024-05-11,UFC Fight Night: Lewis vs. Nascimento,Charles Johnson vs. Jake Hadley,Brian Puccillo,29,28,1,22,0,-1.8833333333333335,1.0
2024-05-11,UFC Fight Night: Lewis vs. Nascimento,Charles Johnson vs. Jake Hadley,Sal D'Amato,29,28,1,22,0,-1.8833333333333335,1.0
2024-05-11,UFC Fight Night: Lewis vs. Nascimento,Charles Johnson vs. Jake Hadley,Henry Guery,29,28,1,22,0,-1.8833333333333335,1.0
2024-05-11,UFC Fight Night: Lewis vs. Nascimento,JJ Aldrich vs. Veronica Hardy,Henry Guery,28,29,0,-9,0,5.133333333333334,0.0
2024-05-11,UFC Fight Night: Lewis vs. Nascimento,JJ Aldrich vs. Veronica Hardy,Chris Lee,28,29,0,-9,0,5.133333333333334,0.0
2024-05-11,UFC Fight Night: Lewis vs. Nascimento,JJ Aldrich vs. Veronica Hardy,Rob Francis,28,29,0,-9,0,5.133333333333334,0.0
2024-05-04,UFC 301: Pantoja vs. Erceg,Alexandre Pantoja vs. Steve Erceg,Fabio Alves,48,47,1,14,8,7.716666666666667,0.0
2024-05-04,UFC 301: Pantoja vs. Erceg,Alexandre Pantoja vs. Steve Erceg,Sal D'Amato,48,47,1,14,8,7.716666666666667,0.0
2024-05-04,UFC 301: Pantoja vs. Erceg,Alexandre Pantoja vs. Steve Erceg,Dave Tirelli,49,46,1,14,8,7.716666666666667,0.0
2024-05-04,UFC 301: Pantoja vs. Erceg,Jose Aldo vs. Jonathan Martinez,Rafael Ferreira,30,27,1,25,1,0.41666666666666674,0.0
2024-05-04,UFC 301: Pantoja vs. Erceg,Jose Aldo vs. Jonathan Martinez,Ben Cartlidge,30,27,1,25,1,0.41666666666666674,0.0
2024-05-04,UFC 301: Pantoja vs. Erceg,Jose Aldo vs. Jonathan Martinez,David Lethaby,30,27,1,25,1,0.41666666666666674,0.0
2024-05-04,UFC 301: Pantoja vs. Erceg,Karolina Kowalkiewicz vs. Iasmin Lucindo,Fabio Alves,27,30,0,-41,-2,-5.933333333333334,0.0
2024-05-04,UFC 301: Pantoja vs. Erceg,Karolina Kowalkiewicz vs. Iasmin Lucindo,Sal D'Amato,27,30,0,-41,-2,-5.933333333333334,0.0
2024-05-04,UFC 301: Pantoja vs. Erceg,Karolina Kowalkiewicz vs. Iasmin Lucindo,Dave Tirelli,27,30,0,-41,-2,-5.933333333333334,0.0
2024-05-04,UFC 301: Pantoja vs. Erceg,Elves Brener vs. Myktybek Orolbai,Fabio Alves,27,29,0,-17,-2,-4.283333333333333,-1.0
2024-05-04,UFC 301: Pantoja vs. Erceg,Elves Brener vs. Myktybek Orolbai,Sal D'Amato,27,29,0,-17,-2,-4.283333333333333,-1.0
2024-05-04,UFC 301: Pantoja vs. Erceg,Elves Brener vs. Myktybek Orolbai,Dave Tirelli,27,29,0,-17,-2,-4.283333333333333,-1.0
2024-05-04,UFC 301: Pantoja vs. Erceg,Joaquim Silva vs. Drakkar Klose,Rafael Ferreira,28,29,0,-11,0,-4.633333333333334,1.0
2024-05-04,UFC 301: Pantoja vs. Erceg,Joaquim Silva vs. Drakkar Klose,Ben Cartlidge,28,29,0,-11,0,-4.633333333333334,1.0
2024-05-04,UFC 301: Pantoja vs. Erceg,Joaquim Silva vs. Drakkar Klose,David Lethaby,28,29,0,-11,0,-4.633333333333334,1.0
2024-05-04,UFC 301: Pantoja vs. Erceg,Dione Barbosa vs. Ernesta Kareckaite,Fabio Alves,29,28,1,-14,1,0.4333333333333331,0.0
2024-05-04,UFC 301: Pantoja vs. Erceg,Dione Barbosa vs. Ernesta Kareckaite,Sal D'Amato,29,28,1,-14,1,0.4333333333333331,0.0
2024-05-04,UFC 301: Pantoja vs. Erceg,Dione Barbosa vs. Ernesta Kareckaite,Dave Tirelli,29,28,1,-14,1,0.4333333333333331,0.0
2024-05-04,UFC 301: Pantoja vs. Erceg,Ismael Bonfim vs. Vinc Pichel,Rafael Ferreira,30,27,1,50,0,0.01666666666666672,0.0
2024-05-04,UFC 301: Pantoja vs. Erceg,Ismael Bonfim vs. Vinc Pichel,Ben Cartlidge,30,27,1,50,0,0.01666666666666672,0.0
2024-05-04,UFC 301: Pantoja vs. Erceg,Ismael Bonfim vs. Vinc Pichel,David Lethaby,30,27,1,50,0,0.01666666666666672,0.0
2024-04-27,UFC Fight Night: Nicolau vs. Perez,Ariane da Silva vs. Karine Silva,Adalaide Byrd,27,30,0,15,-5,-5.433333333333334,0.0
2024-04-27,UFC Fight Night: Nicolau vs. Perez,Ariane da Silva vs. Karine Silva,Mike Bell,28,29,0,15,-5,-5.433333333333334,0.0
2024-04-27,UFC Fight Night: Nicolau vs. Perez,Ariane da Silva vs. Karine Silva,Sal D'Amato,28,29,0,15,-5,-5.433333333333334,0.0
2024-04-27,UFC Fight Night: Nicolau vs. Perez,Jonathan Pearce vs. David Onama,Eric Colon,28,29,0,-1,5,2.5666666666666664,0.0
2024-04-27,UFC Fight Night: Nicolau vs. Perez,Jonathan Pearce vs. David Onama,Sal D'Amato,28,29,0,-1,5,2.5666666666666664,0.0
2024-04-27,UFC Fight Night: Nicolau vs. Perez,Jonathan Pearce vs. David Onama,Jerin Valel,28,29,0,-1,5,2.5666666666666664,0.0
2024-04-27,UFC Fight Night: Nicolau vs. Perez,Austin Hubbard vs. Michal Figlak,Mike Bell,29,28,1,-4,3,-0.8166666666666667,0.0
2024-04-27,UFC Fight Night: Nicolau vs. Perez,Austin Hubbard vs. Michal Figlak,Eric Colon,29,28,1,-4,3,-0.8166666666666667,0.0
2024-04-27,UFC Fight Night: Nicolau vs. Perez,Austin Hubbard vs. Michal Figlak,Bryan Miner,29,28,1,-4,3,-0.8166666666666667,0.0
2024-04-27,UFC Fight Night: Nicolau vs. Perez,Don'Tale Mayes vs. Caio Machado,Sal D'Amato,29,28,1,-9,0,0.6,1.0
2024-04-27,UFC Fight Night: Nicolau vs. Perez,Don'Tale Mayes vs. Caio Machado,Junichiro Kamijo,29,28,1,-9,0,0.6,1.0
2024-04-27,UFC Fight Night: Nicolau vs. Perez,Don'Tale Mayes vs. Caio Machado,Tony Weeks,29,28,1,-9,0,0.6,1.0
2024-04-27,UFC Fight Night: Nicolau vs. Perez,Marnic Mann vs. Ketlen Souza,Mike Bell,27,30,0,-49,1,-0.2833333333333332,0.0
2024-04-27,UFC Fight Night: Nicolau vs. Perez,Marnic Mann vs. Ketlen Souza,Sal D'Amato,27,30,0,-49,1,-0.2833333333333332,0.0
2024-04-27,UFC Fight Night: Nicolau vs. Perez,Marnic Mann vs. Ketlen Souza,Chris Lee,27,30,0,-49,1,-0.2833333333333332,0.0
2024-04-27,UFC Fight Night: Nicolau vs. Perez,Gabriel Benitez vs. Maheshate,Bryan Miner,28,29,0,24,0,-0.05,0.0
2024-04-27,UFC Fight Night: Nicolau vs. Perez,Gabriel Benitez vs. Maheshate,Eric Colon,29,28,1,24,0,-0.05,0.0
2024-04-27,UFC Fight Night: Nicolau vs. Perez,Gabriel Benitez vs. Maheshate,Tony Weeks,28,29,0,24,0,-0.05,0.0
2024-04-13,UFC 300: Pereira vs. Hill,Zhang Weili vs. Yan Xiaonan,Mike Bell,49,45,1,63,3,10.4,-1.0
2024-04-13,UFC 300: Pereira vs. Hill,Zhang Weili vs. Yan Xiaonan,Ben Cartlidge,49,45,1,63,3,10.4,-1.0
2024-04-13,UFC 300: Pereira vs. Hill,Zhang Weili vs. Yan Xiaonan,Chris Lee,49,45,1,63,3,10.4,-1.0
2024-04-13,UFC 300: Pereira vs. Hill,Charles Oliveira vs. Arman Tsarukyan,Mike Bell,29,28,1,-30,-2,-6.15,0.0
2024-04-13,UFC 300: Pereira vs. Hill,Charles Oliveira vs. Arman Tsarukyan,Adalaide Byrd,28,29,0,-30,-2,-6.15,0.0
2024-04-13,UFC 300: Pereira vs. Hill,Charles Oliveira vs. Arman Tsarukyan,Ron McCarthy,28,29,0,-30,-2,-6.15,0.0
2024-04-13,UFC 300: Pereira vs. Hill,Calvin Kattar vs. Aljamain Sterling,Ben Cartlidge,27,30,0,-31,-8,-10.633333333333333,0.0
2024-04-13,UFC 300: Pereira vs. Hill,Calvin Kattar vs. Aljamain Sterling,Sal D'Amato,27,30,0,-31,-8,-10.633333333333333,0.0
2024-04-13,UFC 300: Pereira vs. Hill,Calvin Kattar vs. Aljamain Sterling,Ron McCarthy,27,30,0,-31,-8,-10.633333333333333,0.0
2024-04-13,UFC 300: Pereira vs. Hill,Jessica Andrade vs. Marina Rodriguez,Derek Cleary,28,29,0,7,1,3.8833333333333337,0.0
2024-04-13,UFC 300: Pereira vs. Hill,Jessica Andrade vs. Marina Rodriguez,Adalaide Byrd,29,28,1,7,1,3.8833333333333337,0.0
2024-04-13,UFC 300: Pereira vs. Hill,Jessica Andrade vs. Marina Rodriguez,David Lethaby,29,28,1,7,1,3.8833333333333337,0.0
2024-04-13,UFC 300: Pereira vs. Hill,King Green vs. Jim Miller,Chris Lee,29,27,1,129,1,0.8833333333333333,1.0
2024-04-13,UFC 300: Pereira vs. Hill,King Green vs. Jim Miller,David Lethaby,30,25,1,129,1,0.8833333333333333,1.0
2024-04-13,UFC 300: Pereira vs. Hill,King Green vs. Jim Miller,Tony Weeks,29,26,1,129,1,0.8833333333333333,1.0
2024-04-06,UFC Fight Night: Allen vs. Curtis 2,Brendan Allen vs. Chris Curtis,Derek Cleary,48,47,1,-12,6,4.783333333333333,0.0
2024-04-06,UFC Fight Night: Allen vs. Curtis 2,Brendan Allen vs. Chris Curtis,Mike Bell,47,48,0,-12,6,4.783333333333333,0.0
2024-04-06,UFC Fight Night: Allen vs. Curtis 2,Brendan Allen vs. Chris Curtis,Eric Colon,49,46,1,-12,6,4.783333333333333,0.0
2024-04-06,UFC Fight Night: Allen vs. Curtis 2,Alexander Hernandez vs. Damon Jackson,Bryan Miner,30,27,1,-10,-3,-3.9333333333333345,1.0
2024-04-06,UFC Fight Night: Allen vs. Curtis 2,Alexander Hernandez vs. Damon Jackson,Junichiro Kamijo,28,29,0,-10,-3,-3.9333333333333345,1.0
2024-04-06,UFC Fight Night: Allen vs. Curtis 2,Alexander Hernandez vs. Damon Jackson,Derek Cleary,28,29,0,-10,-3,-3.9333333333333345,1.0
2024-04-06,UFC Fight Night: Allen vs. Curtis 2,Morgan Charriere vs. Chepe Mariscal,Mike Bell,28,29,0,-22,1,0.06666666666666687,0.0
2024-04-06,UFC Fight Night: Allen vs. Curtis 2,Morgan Charriere vs. Chepe Mariscal,Adalaide Byrd,30,27,1,-22,1,0.06666666666666687,0.0
2024-04-06,UFC Fight Night: Allen vs. Curtis 2,Morgan Charriere vs. Chepe Mariscal,Eric Colon,28,29,0,-22,1,0.06666666666666687,0.0
2024-04-06,UFC Fight Night: Allen vs. Curtis 2,Trevor Peek vs. Charlie Campbell,Chris Flores,27,30,0,-7,-2,-2.4333333333333336,0.0
2024-04-06,UFC Fight Night: Allen vs. Curtis 2,Trevor Peek vs. Charlie Campbell,Chris Leben,27,30,0,-7,-2,-2.4333333333333336,0.0
2024-04-06,UFC Fight Night: Allen vs. Curtis 2,Trevor Peek vs. Charlie Campbell,Bryan Miner,27,30,0,-7,-2,-2.4333333333333336,0.0
2024-04-06,UFC Fight Night: Allen vs. Curtis 2,Court McGee vs. Alex Morono,Mike Bell,28,29,0,22,1,3.3333333333333335,0.0
2024-04-06,UFC Fight Night: Allen vs. Curtis 2,Court McGee vs. Alex Morono,Adalaide Byrd,28,29,0,22,1,3.3333333333333335,0.0
2024-04-06,UFC Fight Night: Allen vs. Curtis 2,Court McGee vs. Alex Morono,Derek Cleary,28,29,0,22,1,3.3333333333333335,0.0
2024-04-06,UFC Fight Night: Allen vs. Curtis 2,Valter Walker vs. Lukasz Brzeski,Eric Colon,28,29,0,-25,4,6.6,0.0
2024-04-06,UFC Fight Night: Allen vs. Curtis 2,Valter Walker vs. Lukasz Brzeski,Junichiro Kamijo,28,29,0,-25,4,6.6,0.0
2024-04-06,UFC Fight Night: Allen vs. Curtis 2,Valter Walker vs. Lukasz Brzeski,Rick Winter,28,29,0,-25,4,6.6,0.0
2024-04-06,UFC Fight Night: Allen vs. Curtis 2,Norma Dumont vs. Germaine de Randamie,Mike Bell,29,28,1,-5,6,7.716666666666667,0.0
2024-04-06,UFC Fight Night: Allen vs. Curtis 2,Norma Dumont vs. Germaine de Randamie,Derek Cleary,29,28,1,-5,6,7.716666666666667,0.0
2024-04-06,UFC Fight Night: Allen vs. Curtis 2,Norma Dumont vs. Germaine de Randamie,Chris Flores,29,28,1,-5,6,7.716666666666667,0.0
2024-04-06,UFC Fight Night: Allen vs. Curtis 2,Pedro Falcao vs. Victor Hugo,Chris Leben,27,30,0,-26,1,6.35,-1.0
2024-04-06,UFC Fight Night: Allen vs. Curtis 2,Pedro Falcao vs. Victor Hugo,Adalaide Byrd,28,29,0,-26,1,6.35,-1.0
2024-04-06,UFC Fight Night: Allen vs. Curtis 2,Pedro Falcao vs. Victor Hugo,Bryan Miner,28,29,0,-26,1,6.35,-1.0
2024-03-30,UFC Fight Night: Blanchfield vs. Fiorot,Erin Blanchfield vs. Manon Fiorot,Eric Colon,45,50,0,-42,-1,-0.08333333333333337,0.0
2024-03-30,UFC Fight Night: Blanchfield vs. Fiorot,Erin Blanchfield vs. Manon Fiorot,Sal D'Amato,45,50,0,-42,-1,-0.08333333333333337,0.0
2024-03-30,UFC Fight Night: Blanchfield vs. Fiorot,Erin Blanchfield vs. Manon Fiorot,Chris Lee,45,50,0,-42,-1,-0.08333333333333337,0.0
2024-03-30,UFC Fight Night: Blanchfield vs. Fiorot,Chris Weidman vs. Bruno Silva,Technical Decision - Eye PokeEric Colon,30,27,1,45,1,3.25,1.0
2024-03-30,UFC Fight Night: Blanchfield vs. Fiorot,Chris Weidman vs. Bruno Silva,Sal D'Amato,30,27,1,45,1,3.25,1.0
2024-03-30,UFC Fight Night: Blanchfield vs. Fiorot,Chris Weidman vs. Bruno Silva,Chris Lee,30,27,1,45,1,3.25,1.0
2024-03-30,UFC Fight Night: Blanchfield vs. Fiorot,Chidi Njokuani vs. Rhys McKee,Mamunah Querido,28,29,0,34,0,-5.800000000000001,0.0
2024-03-30,UFC Fight Night: Blanchfield vs. Fiorot,Chidi Njokuani vs. Rhys McKee,Chris Lee,30,27,1,34,0,-5.800000000000001,0.0
2024-03-30,UFC Fight Night: Blanchfield vs. Fiorot,Chidi Njokuani vs. Rhys McKee,Sal D'Amato,30,27,1,34,0,-5.800000000000001,0.0
2024-03-30,UFC Fight Night: Blanchfield vs. Fiorot,Virna Jandiroba vs. Loopy Godinez,Eric Colon,29,28,1,-8,2,4.716666666666667,0.0
2024-03-30,UFC Fight Night: Blanchfield vs. Fiorot,Virna Jandiroba vs. Loopy Godinez,Mamunah Querido,29,28,1,-8,2,4.716666666666667,0.0
2024-03-30,UFC Fight Night: Blanchfield vs. Fiorot,Virna Jandiroba vs. Loopy Godinez,Chris Lee,30,27,1,-8,2,4.716666666666667,0.0
2024-03-30,UFC Fight Night: Blanchfield vs. Fiorot,Angel Pacheco vs. Caolan Loughran,Adrian Castro,27,30,0,-52,-3,-4.549999999999999,0.0
2024-03-30,UFC Fight Night: Blanchfield vs. Fiorot,Angel Pacheco vs. Caolan Loughran,Eric Colon,27,30,0,-52,-3,-4.549999999999999,0.0
2024-03-30,UFC Fight Night: Blanchfield vs. Fiorot,Angel Pacheco vs. Caolan Loughran,Dave Tirelli,27,30,0,-52,-3,-4.549999999999999,0.0
2024-03-23,UFC Fight Night: Ribas vs. Namajunas,Amanda Ribas vs. Rose Namajunas,Mike Bell,46,49,0,-10,3,-5.35,0.0
2024-03-23,UFC Fight Night: Ribas vs. Namajunas,Amanda Ribas vs. Rose Namajunas,Junichiro Kamijo,46,49,0,-10,3,-5.35,0.0
2024-03-23,UFC Fight Night: Ribas vs. Namajunas,Amanda Ribas vs. Rose Namajunas,Sal D'Amato,47,48,0,-10,3,-5.35,0.0
2024-03-23,UFC Fight Night: Ribas vs. Namajunas,Karl Williams vs. Justin Tafa,Jacob Montalvo,30,27,1,19,7,10.516666666666666,0.0
2024-03-23,UFC Fight Night: Ribas vs. Namajunas,Karl Williams vs. Justin Tafa,Mike Bell,29,28,1,19,7,10.516666666666666,0.0
2024-03-23,UFC Fight Night: Ribas vs. Namajunas,Karl Williams vs. Justin Tafa,Chris Flores,29,28,1,19,7,10.516666666666666,0.0
2024-03-23,UFC Fight Night: Ribas vs. Namajunas,Kurt Holobaugh vs. Trey Ogden,Sal D'Amato,27,30,0,-6,-3,-10.983333333333334,0.0
2024-03-23,UFC Fight Night: Ribas vs. Namajunas,Kurt Holobaugh vs. Trey Ogden,Chris Leben,27,30,0,-6,-3,-10.983333333333334,0.0
2024-03-23,UFC Fight Night: Ribas vs. Namajunas,Kurt Holobaugh vs. Trey Ogden,Jacob Montalvo,27,30,0,-6,-3,-10.983333333333334,0.0
2024-03-23,UFC Fight Night: Ribas vs. Namajunas,Miles Johns vs. Cody Gibson,Sal D'Amato,30,27,1,7,1,4.566666666666666,0.0
2024-03-23,UFC Fight Night: Ribas vs. Namajunas,Miles Johns vs. Cody Gibson,Chris Flores,30,27,1,7,1,4.566666666666666,0.0
2024-03-23,UFC Fight Night: Ribas vs. Namajunas,Miles Johns vs. Cody Gibson,Chris Leben,30,27,1,7,1,4.566666666666666,0.0
2024-03-23,UFC Fight Night: Ribas vs. Namajunas,Jarno Errens vs. Steven Nguyen,Mike Bell,30,27,1,42,-1,-0.1333333333333333,1.0
2024-03-23,UFC Fight Night: Ribas vs. Namajunas,Jarno Errens vs. Steven Nguyen,Chris Flores,30,27,1,42,-1,-0.1333333333333333,1.0
2024-03-23,UFC Fight Night: Ribas vs. Namajunas,Jarno Errens vs. Steven Nguyen,Jacob Montalvo,30,27,1,42,-1,-0.1333333333333333,1.0
2024-03-23,UFC Fight Night: Ribas vs. Namajunas,Montse Rendon vs. Daria Zhelezniakova,Mike Bell,28,29,0,-32,3,5.383333333333334,0.0
2024-03-23,UFC Fight Night: Ribas vs. Namajunas,Montse Rendon vs. Daria Zhelezniakova,Sal D'Amato,28,29,0,-32,3,5.383333333333334,0.0
2024-03-23,UFC Fight Night: Ribas vs. Namajunas,Montse Rendon vs. Daria Zhelezniakova,Junichiro Kamijo,28,29,0,-32,3,5.383333333333334,0.0
2024-03-23,UFC Fight Night: Ribas vs. Namajunas,Mohammed Usman vs. Mick Parkin,Mike Bell,28,29,0,-15,0,0.0,0.0
2024-03-23,UFC Fight Night: Ribas vs. Namajunas,Mohammed Usman vs. Mick Parkin,Adalaide Byrd,28,29,0,-15,0,0.0,0.0
2024-03-23,UFC Fight Night: Ribas vs. Namajunas,Mohammed Usman vs. Mick Parkin,Sal D'Amato,28,29,0,-15,0,0.0,0.0
2024-03-16,UFC Fight Night: Tuivasa vs. Tybura,Ovince Saint Preux vs. Kennedy Nzechukwu,Adalaide Byrd,29,28,1,37,0,-0.033333333333333326,1.0
2024-03-16,UFC Fight Night: Tuivasa vs. Tybura,Ovince Saint Preux vs. Kennedy Nzechukwu,Derek Cleary,28,29,0,37,0,-0.033333333333333326,1.0
2024-03-16,UFC Fight Night: Tuivasa vs. Tybura,Ovince Saint Preux vs. Kennedy Nzechukwu,Junichiro Kamijo,29,28,1,37,0,-0.033333333333333326,1.0
2024-03-16,UFC Fight Night: Tuivasa vs. Tybura,Christian Rodriguez vs. Isaac Dulgarian,Sal D'Amato,28,27,1,26,-7,-6.050000000000001,0.0
2024-03-16,UFC Fight Night: Tuivasa vs. Tybura,Christian Rodriguez vs. Isaac Dulgarian,Anthony Maness,27,28,0,26,-7,-6.050000000000001,0.0
2024-03-16,UFC Fight Night: Tuivasa vs. Tybura,Christian Rodriguez vs. Isaac Dulgarian,Ron McCarthy,28,27,1,26,-7,-6.050000000000001,0.0
2024-03-16,UFC Fight Night: Tuivasa vs. Tybura,Josiane Nunes vs. Chelsea Chandler,Mike Bell,28,29,0,-11,-2,-6.6000000000000005,0.0
2024-03-16,UFC Fight Night: Tuivasa vs. Tybura,Josiane Nunes vs. Chelsea Chandler,Adalaide Byrd,28,29,0,-11,-2,-6.6000000000000005,0.0
2024-03-16,UFC Fight Night: Tuivasa vs. Tybura,Josiane Nunes vs. Chelsea Chandler,Derek Cleary,28,29,0,-11,-2,-6.6000000000000005,0.0
2024-03-16,UFC Fight Night: Tuivasa vs. Tybura,Josh Culibao vs. Danny Silva,Derek Cleary,28,29,0,42,-4,-5.416666666666667,0.0
2024-03-16,UFC Fight Night: Tuivasa vs. Tybura,Josh Culibao vs. Danny Silva,Sal D'Amato,29,28,1,42,-4,-5.416666666666667,0.0
2024-03-16,UFC Fight Night: Tuivasa vs. Tybura,Josh Culibao vs. Danny Silva,Ron McCarthy,28,29,0,42,-4,-5.416666666666667,0.0
2024-03-16,UFC Fight Night: Tuivasa vs. Tybura,Charalampos Grigoriou vs. Chad Anheliger,Adalaide Byrd,28,29,0,-64,4,3.833333333333334,0.0
2024-03-16,UFC Fight Night: Tuivasa vs. Tybura,Charalampos Grigoriou vs. Chad Anheliger,Jerin Valel,28,29,0,-64,4,3.833333333333334,0.0
2024-03-16,UFC Fight Night: Tuivasa vs. Tybura,Charalampos Grigoriou vs. Chad Anheliger,Derek Cleary,27,30,0,-64,4,3.833333333333334,0.0
2024-03-09,UFC 299: O'Malley vs. Vera 2,Sean O'Malley vs. Marlon Vera,Eric Colon,50,45,1,141,0,0.05,0.0
2024-03-09,UFC 299: O'Malley vs. Vera 2,Sean O'Malley vs. Marlon Vera,Chris Lee,50,45,1,141,0,0.05,0.0
2024-03-09,UFC 299: O'Malley vs. Vera 2,Sean O'Malley vs. Marlon Vera,Sal D'Amato,50,44,1,141,0,0.05,0.0
2024-03-09,UFC 299: O'Malley vs. Vera 2,Kevin Holland vs. Michael Page,Eric Colon,28,29,0,-12,2,2.9333333333333336,0.0
2024-03-09,UFC 299: O'Malley vs. Vera 2,Kevin Holland vs. Michael Page,Dave Tirelli,28,29,0,-12,2,2.9333333333333336,0.0
2024-03-09,UFC 299: O'Malley vs. Vera 2,Kevin Holland vs. Michael Page,Chris Lee,28,29,0,-12,2,2.9333333333333336,0.0
2024-03-09,UFC 299: O'Malley vs. Vera 2,Petr Yan vs. Song Yadong,Dave Tirelli,29,28,1,13,1,0.1166666666666667,0.0
2024-03-09,UFC 299: O'Malley vs. Vera 2,Petr Yan vs. Song Yadong,MichaelTate,29,28,1,13,1,0.1166666666666667,0.0
2024-03-09,UFC 299: O'Malley vs. Vera 2,Petr Yan vs. Song Yadong,Chris Lee,29,28,1,13,1,0.1166666666666667,0.0
2024-03-09,UFC 299: O'Malley vs. Vera 2,Katlyn Cerminara vs. Maycee Barber,MichaelTate,27,30,0,-18,-3,-1.8833333333333333,0.0
2024-03-09,UFC 299: O'Malley vs. Vera 2,Katlyn Cerminara vs. Maycee Barber,Sal D'Amato,27,30,0,-18,-3,-1.8833333333333333,0.0
2024-03-09,UFC 299: O'Malley vs. Vera 2,Katlyn Cerminara vs. Maycee Barber,Chris Lee,28,29,0,-18,-3,-1.8833333333333333,0.0
2024-03-09,UFC 299: O'Malley vs. Vera 2,Mateusz Gamrot vs. Rafael Dos Anjos,Jason Grenier,29,28,1,21,11,6.833333333333333,-1.0
2024-03-09,UFC 299: O'Malley vs. Vera 2,Mateusz Gamrot vs. Rafael Dos Anjos,Chris Lee,29,28,1,21,11,6.833333333333333,-1.0
2024-03-09,UFC 299: O'Malley vs. Vera 2,Mateusz Gamrot vs. Rafael Dos Anjos,Eric Colon,30,27,1,21,11,6.833333333333333,-1.0
2024-03-09,UFC 299: O'Malley vs. Vera 2,Pedro Munhoz vs. Kyler Phillips,Dave Tirelli,27,30,0,-62,1,0.3666666666666667,0.0
2024-03-09,UFC 299: O'Malley vs. Vera 2,Pedro Munhoz vs. Kyler Phillips,Sal D'Amato,27,30,0,-62,1,0.3666666666666667,0.0
2024-03-09,UFC 299: O'Malley vs. Vera 2,Pedro Munhoz vs. Kyler Phillips,Eliseo Rodriguez,27,30,0,-62,1,0.3666666666666667,0.0
2024-03-09,UFC 299: O'Malley vs. Vera 2,Ion Cutelaba vs. Philipe Lins,Chris Lee,28,29,0,-20,-2,-5.3,0.0
2024-03-09,UFC 299: O'Malley vs. Vera 2,Ion Cutelaba vs. Philipe Lins,Dave Tirelli,28,29,0,-20,-2,-5.3,0.0
2024-03-09,UFC 299: O'Malley vs. Vera 2,Ion Cutelaba vs. Philipe Lins,Sal D'Amato,28,29,0,-20,-2,-5.3,0.0
2024-03-09,UFC 299: O'Malley vs. Vera 2,CJ Vergara vs. Asu Almabayev,Dave Tirelli,27,30,0,-15,-9,-9.3,0.0
2024-03-09,UFC 299: O'Malley vs. Vera 2,CJ Vergara vs. Asu Almabayev,MichaelTate,27,30,0,-15,-9,-9.3,0.0
2024-03-09,UFC 299: O'Malley vs. Vera 2,CJ Vergara vs. Asu Almabayev,Sal D'Amato,27,30,0,-15,-9,-9.3,0.0
2024-03-09,UFC 299: O'Malley vs. Vera 2,Joanne Wood vs. Maryna Moroz,Eliseo Rodriguez,29,28,1,34,0,-5.9833333333333325,0.0
2024-03-09,UFC 299: O'Malley vs. Vera 2,Joanne Wood vs. Maryna Moroz,Jason Grenier,28,29,0,34,0,-5.9833333333333325,0.0
2024-03-09,UFC 299: O'Malley vs. Vera 2,Joanne Wood vs. Maryna Moroz,Chris Lee,29,28,1,34,0,-5.9833333333333325,0.0
2024-03-02,UFC Fight Night: Rozenstruik vs. Gaziev,Vitor Petrino vs. Tyson Pedro,Mike Bell,30,27,1,-3,3,5.233333333333333,0.0
2024-03-02,UFC Fight Night: Rozenstruik vs. Gaziev,Vitor Petrino vs. Tyson Pedro,Adalaide Byrd,30,27,1,-3,3,5.233333333333333,0.0
2024-03-02,UFC Fight Night: Rozenstruik vs. Gaziev,Vitor Petrino vs. Tyson Pedro,Junichiro Kamijo,29,28,1,-3,3,5.233333333333333,0.0
2024-03-02,UFC Fight Night: Rozenstruik vs. Gaziev,Alex Perez vs. Muhammad Mokaev,Sal D'Amato,28,29,0,-17,-3,-0.75,0.0
2024-03-02,UFC Fight Night: Rozenstruik vs. Gaziev,Alex Perez vs. Muhammad Mokaev,Chris Lee,28,29,0,-17,-3,-0.75,0.0
2024-03-02,UFC Fight Night: Rozenstruik vs. Gaziev,Alex Perez vs. Muhammad Mokaev,Rick Winter,28,29,0,-17,-3,-0.75,0.0
2024-03-02,UFC Fight Night: Rozenstruik vs. Gaziev,Umar Nurmagomedov vs. Bekzat Almakhan,Mike Bell,30,25,1,65,5,10.866666666666667,-1.0
2024-03-02,UFC Fight Night: Rozenstruik vs. Gaziev,Umar Nurmagomedov vs. Bekzat Almakhan,Bryan Miner,30,26,1,65,5,10.866666666666667,-1.0
2024-03-02,UFC Fight Night: Rozenstruik vs. Gaziev,Umar Nurmagomedov vs. Bekzat Almakhan,Jacob Montalvo,30,26,1,65,5,10.866666666666667,-1.0
2024-03-02,UFC Fight Night: Rozenstruik vs. Gaziev,Eryk Anders vs. Jamie Pickett,Derek Cleary,29,27,1,3,5,9.866666666666665,-1.0
2024-03-02,UFC Fight Night: Rozenstruik vs. Gaziev,Eryk Anders vs. Jamie Pickett,Sal D'Amato,29,28,1,3,5,9.866666666666665,-1.0
2024-03-02,UFC Fight Night: Rozenstruik vs. Gaziev,Eryk Anders vs. Jamie Pickett,Junichiro Kamijo,29,28,1,3,5,9.866666666666665,-1.0
2024-03-02,UFC Fight Night: Rozenstruik vs. Gaziev,Aiemann Zahabi vs. Javid Basharat,Derek Cleary,29,28,1,8,0,0.21666666666666667,0.0
2024-03-02,UFC Fight Night: Rozenstruik vs. Gaziev,Aiemann Zahabi vs. Javid Basharat,Sal D'Amato,29,28,1,8,0,0.21666666666666667,0.0
2024-03-02,UFC Fight Night: Rozenstruik vs. Gaziev,Aiemann Zahabi vs. Javid Basharat,Bryan Miner,29,28,1,8,0,0.21666666666666667,0.0
2024-02-24,UFC Fight Night: Moreno vs. Royval 2,Brandon Moreno vs. Brandon Royval,Mike Bell,47,48,0,-33,2,2.316666666666667,0.0
2024-02-24,UFC Fight Night: Moreno vs. Royval 2,Brandon Moreno vs. Brandon Royval,Junichiro Kamijo,49,46,1,-33,2,2.316666666666667,0.0
2024-02-24,UFC Fight Night: Moreno vs. Royval 2,Brandon Moreno vs. Brandon Royval,Chris Lee,47,48,0,-33,2,2.316666666666667,0.0
2024-02-24,UFC Fight Night: Moreno vs. Royval 2,Daniel Zellhuber vs. Francisco Prado,Miguel Jimenez,29,28,1,30,0,-0.33333333333333337,0.0
2024-02-24,UFC Fight Night: Moreno vs. Royval 2,Daniel Zellhuber vs. Francisco Prado,Junichiro Kamijo,29,28,1,30,0,-0.33333333333333337,0.0
2024-02-24,UFC Fight Night: Moreno vs. Royval 2,Daniel Zellhuber vs. Francisco Prado,Rick Winter,30,26,1,30,0,-0.33333333333333337,0.0
2024-02-24,UFC Fight Night: Moreno vs. Royval 2,Yazmin Jauregui vs. Sam Hughes,Horacio Lopez,30,27,1,11,0,-0.2833333333333333,0.0
2024-02-24,UFC Fight Night: Moreno vs. Royval 2,Yazmin Jauregui vs. Sam Hughes,Mike Bell,30,27,1,11,0,-0.2833333333333333,0.0
2024-02-24,UFC Fight Night: Moreno vs. Royval 2,Yazmin Jauregui vs. Sam Hughes,Rick Winter,30,27,1,11,0,-0.2833333333333333,0.0
2024-02-24,UFC Fight Night: Moreno vs. Royval 2,Jesus Aguilar vs. Mateus Mendonca,Eric Colon,28,29,0,1,-3,-3.8833333333333346,0.0
2024-02-24,UFC Fight Night: Moreno vs. Royval 2,Jesus Aguilar vs. Mateus Mendonca,Mike Bell,29,28,1,1,-3,-3.8833333333333346,0.0
2024-02-24,UFC Fight Night: Moreno vs. Royval 2,Jesus Aguilar vs. Mateus Mendonca,Horacio Lopez,29,28,1,1,-3,-3.8833333333333346,0.0
2024-02-24,UFC Fight Night: Moreno vs. Royval 2,Claudio Puelles vs. Fares Ziam,Mike Bell,27,30,0,-27,7,2.7333333333333334,0.0
2024-02-24,UFC Fight Night: Moreno vs. Royval 2,Claudio Puelles vs. Fares Ziam,Raul Salas,29,28,1,-27,7,2.7333333333333334,0.0
2024-02-24,UFC Fight Night: Moreno vs. Royval 2,Claudio Puelles vs. Fares Ziam,Chris Lee,28,29,0,-27,7,2.7333333333333334,0.0
2024-02-24,UFC Fight Night: Moreno vs. Royval 2,Victor Altamirano vs. Felipe dos Santos,Miguel Jimenez,30,27,1,3,9,4.183333333333334,0.0
2024-02-24,UFC Fight Night: Moreno vs. Royval 2,Victor Altamirano vs. Felipe dos Santos,Mike Bell,28,29,0,3,9,4.183333333333334,0.0
2024-02-24,UFC Fight Night: Moreno vs. Royval 2,Victor Altamirano vs. Felipe dos Santos,Junichiro Kamijo,28,29,0,3,9,4.183333333333334,0.0
2024-02-17,UFC 298: Volkanovski vs. Topuria,Robert Whittaker vs. Paulo Costa,Ron McCarthy,29,28,1,28,0,0.0,0.0
2024-02-17,UFC 298: Volkanovski vs. Topuria,Robert Whittaker vs. Paulo Costa,Eliot Kelly,29,28,1,28,0,0.0,0.0
2024-02-17,UFC 298: Volkanovski vs. Topuria,Robert Whittaker vs. Paulo Costa,Mike Bell,30,27,1,28,0,0.0,0.0
2024-02-17,UFC 298: Volkanovski vs. Topuria,Geoff Neal vs. Ian Machado Garry,Felicia Oh,27,30,0,-21,0,3.55,0.0
2024-02-17,UFC 298: Volkanovski vs. Topuria,Geoff Neal vs. Ian Machado Garry,Derek Cleary,29,28,1,-21,0,3.55,0.0
2024-02-17,UFC 298: Volkanovski vs. Topuria,Geoff Neal vs. Ian Machado Garry,Sal D'Amato,27,30,0,-21,0,3.55,0.0
2024-02-17,UFC 298: Volkanovski vs. Topuria,Merab Dvalishvili vs. Henry Cejudo,Mike Bell,29,28,1,45,4,2.2999999999999994,0.0
2024-02-17,UFC 298: Volkanovski vs. Topuria,Merab Dvalishvili vs. Henry Cejudo,RaphaelDavis,29,28,1,45,4,2.2999999999999994,0.0
2024-02-17,UFC 298: Volkanovski vs. Topuria,Merab Dvalishvili vs. Henry Cejudo,Chris Leben,29,28,1,45,4,2.2999999999999994,0.0
2024-02-17,UFC 298: Volkanovski vs. Topuria,Amanda Lemos vs. Mackenzie Dern,Mike Bell,29,28,1,20,1,-1.9666666666666668,1.0
2024-02-17,UFC 298: Volkanovski vs. Topuria,Amanda Lemos vs. Mackenzie Dern,Derek Cleary,29,28,1,20,1,-1.9666666666666668,1.0
2024-02-17,UFC 298: Volkanovski vs. Topuria,Amanda Lemos vs. Mackenzie Dern,Sal D'Amato,29,28,1,20,1,-1.9666666666666668,1.0
2024-02-17,UFC 298: Volkanovski vs. Topuria,Rinya Nakamura vs. Carlos Vera,Ron McCarthy,30,27,1,26,3,13.05,0.0
2024-02-17,UFC 298: Volkanovski vs. Topuria,Rinya Nakamura vs. Carlos Vera,RaphaelDavis,30,27,1,26,3,13.05,0.0
2024-02-17,UFC 298: Volkanovski vs. Topuria,Rinya Nakamura vs. Carlos Vera,Chris Leben,30,27,1,26,3,13.05,0.0
2024-02-17,UFC 298: Volkanovski vs. Topuria,Oban Elliott vs. Val Woodburn,Mike Bell,30,27,1,47,1,7.033333333333333,-1.0
2024-02-17,UFC 298: Volkanovski vs. Topuria,Oban Elliott vs. Val Woodburn,Chris Leben,30,27,1,47,1,7.033333333333333,-1.0
2024-02-17,UFC 298: Volkanovski vs. Topuria,Oban Elliott vs. Val Woodburn,Eliot Kelly,29,28,1,47,1,7.033333333333333,-1.0
2024-02-17,UFC 298: Volkanovski vs. Topuria,Andrea Lee vs. Miranda Maverick,Felicia Oh,27,30,0,-30,-1,-2.383333333333333,0.0
2024-02-17,UFC 298: Volkanovski vs. Topuria,Andrea Lee vs. Miranda Maverick,RaphaelDavis,27,30,0,-30,-1,-2.383333333333333,0.0
2024-02-17,UFC 298: Volkanovski vs. Topuria,Andrea Lee vs. Miranda Maverick,Ron McCarthy,28,29,0,-30,-1,-2.383333333333333,0.0
2024-02-10,UFC Fight Night: Hermansson vs. Pyfer,Jack Hermansson vs. Joe Pyfer,Mike Bell,48,47,1,29,1,2.3,0.0
2024-02-10,UFC Fight Night: Hermansson vs. Pyfer,Jack Hermansson vs. Joe Pyfer,Sal D'Amato,48,47,1,29,1,2.3,0.0
2024-02-10,UFC Fight Night: Hermansson vs. Pyfer,Jack Hermansson vs. Joe Pyfer,Chris Lee,48,47,1,29,1,2.3,0.0
2024-02-10,UFC Fight Night: Hermansson vs. Pyfer,Robert Bryczek vs. Ihor Potieria,Adalaide Byrd,27,30,0,-35,0,-2.1166666666666667,-1.0
2024-02-10,UFC Fight Night: Hermansson vs. Pyfer,Robert Bryczek vs. Ihor Potieria,Jacob Montalvo,27,30,0,-35,0,-2.1166666666666667,-1.0
2024-02-10,UFC Fight Night: Hermansson vs. Pyfer,Robert Bryczek vs. Ihor Potieria,Chris Flores,28,29,0,-35,0,-2.1166666666666667,-1.0
2024-02-10,UFC Fight Night: Hermansson vs. Pyfer,Michael Johnson vs. Darrius Flowers,Eric Colon,30,27,1,28,4,5.316666666666666,0.0
2024-02-10,UFC Fight Night: Hermansson vs. Pyfer,Michael Johnson vs. Darrius Flowers,Junichiro Kamijo,30,27,1,28,4,5.316666666666666,0.0
2024-02-10,UFC Fight Night: Hermansson vs. Pyfer,Michael Johnson vs. Darrius Flowers,Chris Lee,30,27,1,28,4,5.316666666666666,0.0
2024-02-10,UFC Fight Night: Hermansson vs. Pyfer,Bolaji Oki vs. Timmy Cuamba,Mike Bell,29,28,1,27,0,-0.09999999999999987,0.0
2024-02-10,UFC Fight Night: Hermansson vs. Pyfer,Bolaji Oki vs. Timmy Cuamba,Chris Lee,28,29,0,27,0,-0.09999999999999987,0.0
2024-02-10,UFC Fight Night: Hermansson vs. Pyfer,Bolaji Oki vs. Timmy Cuamba,Chris Leben,29,28,1,27,0,-0.09999999999999987,0.0
2024-02-10,UFC Fight Night: Hermansson vs. Pyfer,Loma Lookboonmee vs. Bruna Brasil,Eric Colon,29,28,1,30,0,-1.5666666666666667,0.0
2024-02-10,UFC Fight Night: Hermansson vs. Pyfer,Loma Lookboonmee vs. Bruna Brasil,Sal D'Amato,29,28,1,30,0,-1.5666666666666667,0.0
2024-02-10,UFC Fight Night: Hermansson vs. Pyfer,Loma Lookboonmee vs. Bruna Brasil,Junichiro Kamijo,29,28,1,30,0,-1.5666666666666667,0.0
2024-02-10,UFC Fight Night: Hermansson vs. Pyfer,Devin Clark vs. Marcin Prachnio,Mike Bell,27,30,0,-48,-1,-0.5,0.0
2024-02-10,UFC Fight Night: Hermansson vs. Pyfer,Devin Clark vs. Marcin Prachnio,Chris Lee,27,30,0,-48,-1,-0.5,0.0
2024-02-10,UFC Fight Night: Hermansson vs. Pyfer,Devin Clark vs. Marcin Prachnio,Jacob Montalvo,27,30,0,-48,-1,-0.5,0.0
2024-02-10,UFC Fight Night: Hermansson vs. Pyfer,Max Griffin vs. Jeremiah Wells,Adalaide Byrd,29,28,1,-6,0,0.0,0.0
2024-02-10,UFC Fight Night: Hermansson vs. Pyfer,Max Griffin vs. Jeremiah Wells,Sal D'Amato,28,29,0,-6,0,0.0,0.0
2024-02-10,UFC Fight Night: Hermansson vs. Pyfer,Max Griffin vs. Jeremiah Wells,Junichiro Kamijo,29,28,1,-6,0,0.0,0.0
2024-02-03,UFC Fight Night: Dolidze vs. Imavov,Roman Dolidze vs. Nassourdine Imavov,Derek Cleary,44,49,0,-78,0,6.316666666666666,-1.0
2024-02-03,UFC Fight Night: Dolidze vs. Imavov,Roman Dolidze vs. Nassourdine Imavov,Sal D'Amato,46,48,0,-78,0,6.316666666666666,-1.0
2024-02-03,UFC Fight Night: Dolidze vs. Imavov,Renato Moicano vs. Drew Dober,Mike Bell,29,28,1,0,2,9.516666666666667,0.0
2024-02-03,UFC Fight Night: Dolidze vs. Imavov,Renato Moicano vs. Drew Dober,Junichiro Kamijo,29,28,1,0,2,9.516666666666667,0.0
2024-02-03,UFC Fight Night: Dolidze vs. Imavov,Renato Moicano vs. Drew Dober,Chris Lee,29,28,1,0,2,9.516666666666667,0.0
2024-02-03,UFC Fight Night: Dolidze vs. Imavov,Viviane Araujo vs. Natalia Silva,Mike Bell,28,29,0,-12,1,6.016666666666667,0.0
2024-02-03,UFC Fight Night: Dolidze vs. Imavov,Viviane Araujo vs. Natalia Silva,Derek Cleary,28,29,0,-12,1,6.016666666666667,0.0
2024-02-03,UFC Fight Night: Dolidze vs. Imavov,Viviane Araujo vs. Natalia Silva,Sal D'Amato,28,29,0,-12,1,6.016666666666667,0.0
2024-02-03,UFC Fight Night: Dolidze vs. Imavov,Azat Maksum vs. Charles Johnson,Derek Cleary,28,29,0,-38,0,1.7000000000000002,1.0
2024-02-03,UFC Fight Night: Dolidze vs. Imavov,Azat Maksum vs. Charles Johnson,Sal D'Amato,28,29,0,-38,0,1.7000000000000002,1.0
2024-02-03,UFC Fight Night: Dolidze vs. Imavov,Azat Maksum vs. Charles Johnson,Chris Lee,28,29,0,-38,0,1.7000000000000002,1.0
2024-02-03,UFC Fight Night: Dolidze vs. Imavov,JeongYeong Lee vs. Blake Bilder,Mike Bell,30,27,1,30,2,-0.8166666666666664,0.0
2024-02-03,UFC Fight Night: Dolidze vs. Imavov,JeongYeong Lee vs. Blake Bilder,Adalaide Byrd,30,27,1,30,2,-0.8166666666666664,0.0
2024-02-03,UFC Fight Night: Dolidze vs. Imavov,JeongYeong Lee vs. Blake Bilder,Chris Lee,30,27,1,30,2,-0.8166666666666664,0.0
2024-02-03,UFC Fight Night: Dolidze vs. Imavov,Landon Quinones vs. MarQuel Mederos,Adalaide Byrd,28,29,0,-5,1,-2.1500000000000004,0.0
2024-02-03,UFC Fight Night: Dolidze vs. Imavov,Landon Quinones vs. MarQuel Mederos,Junichiro Kamijo,28,29,0,-5,1,-2.1500000000000004,0.0
2024-02-03,UFC Fight Night: Dolidze vs. Imavov,Landon Quinones vs. MarQuel Mederos,Ron McCarthy,28,29,0,-5,1,-2.1500000000000004,0.0
2024-02-03,UFC Fight Night: Dolidze vs. Imavov,Thomas Petersen vs. Jamal Pogues,Mike Bell,28,29,0,-7,1,2.7166666666666663,0.0
2024-02-03,UFC Fight Night: Dolidze vs. Imavov,Thomas Petersen vs. Jamal Pogues,Anthony Maness,28,29,0,-7,1,2.7166666666666663,0.0
2024-02-03,UFC Fight Night: Dolidze vs. Imavov,Thomas Petersen vs. Jamal Pogues,Chris Lee,27,30,0,-7,1,2.7166666666666663,0.0
2024-01-20,UFC 297: Strickland vs. Du Plessis,Sean Strickland vs. Dricus Du Plessis,Sal D'Amato,48,47,1,36,-6,-2.1333333333333333,0.0
2024-01-20,UFC 297: Strickland vs. Du Plessis,Sean Strickland vs. Dricus Du Plessis,Derek Cleary,47,48,0,36,-6,-2.1333333333333333,0.0
2024-01-20,UFC 297: Strickland vs. Du Plessis,Sean Strickland vs. Dricus Du Plessis,Eric Colon,47,48,0,36,-6,-2.1333333333333333,0.0
2024-01-20,UFC 297: Strickland vs. Du Plessis,Raquel Pennington vs. Mayra Bueno Silva,Eric Colon,49,46,1,65,-2,2.4999999999999982,0.0
2024-01-20,UFC 297: Strickland vs. Du Plessis,Raquel Pennington vs. Mayra Bueno Silva,Sal D'Amato,49,46,1,65,-2,2.4999999999999982,0.0
2024-01-20,UFC 297: Strickland vs. Du Plessis,Raquel Pennington vs. Mayra Bueno Silva,Saleem Haniff,49,45,1,65,-2,2.4999999999999982,0.0
2024-01-20,UFC 297: Strickland vs. Du Plessis,Chris Curtis vs. Marc-Andre Barriault,Declan Woods,30,27,1,18,0,0.0,0.0
2024-01-20,UFC 297: Strickland vs. Du Plessis,Chris Curtis vs. Marc-Andre Barriault,Derek Cleary,28,29,0,18,0,0.0,0.0
2024-01-20,UFC 297: Strickland vs. Du Plessis,Chris Curtis vs. Marc-Andre Barriault,Eric Colon,30,27,1,18,0,0.0,0.0
2024-01-20,UFC 297: Strickland vs. Du Plessis,Arnold Allen vs. Movsar Evloev,Eric Colon,28,29,0,8,-5,-3.466666666666667,0.0
2024-01-20,UFC 297: Strickland vs. Du Plessis,Arnold Allen vs. Movsar Evloev,Patricia Vandermeer,28,29,0,8,-5,-3.466666666666667,0.0
2024-01-20,UFC 297: Strickland vs. Du Plessis,Arnold Allen vs. Movsar Evloev,Saleem Haniff,28,29,0,8,-5,-3.466666666666667,0.0
2024-01-20,UFC 297: Strickland vs. Du Plessis,Brad Katona vs. Garrett Armfield,Eric Colon,28,29,0,-41,4,4.583333333333333,0.0
2024-01-20,UFC 297: Strickland vs. Du Plessis,Brad Katona vs. Garrett Armfield,Kyle Costello,28,29,0,-41,4,4.583333333333333,0.0
2024-01-20,UFC 297: Strickland vs. Du Plessis,Brad Katona vs. Garrett Armfield,Sal D'Amato,28,29,0,-41,4,4.583333333333333,0.0
2024-01-20,UFC 297: Strickland vs. Du Plessis,Charles Jourdain vs. Sean Woodson,Declan Woods,28,29,0,-20,-1,1.3166666666666664,0.0
2024-01-20,UFC 297: Strickland vs. Du Plessis,Charles Jourdain vs. Sean Woodson,Patricia Vandermeer,29,28,1,-20,-1,1.3166666666666664,0.0
2024-01-20,UFC 297: Strickland vs. Du Plessis,Charles Jourdain vs. Sean Woodson,Derek Cleary,28,29,0,-20,-1,1.3166666666666664,0.0
2024-01-20,UFC 297: Strickland vs. Du Plessis,Serhiy Sidey vs. Ramon Taveras,Eric Colon,28,29,0,17,0,0.29999999999999993,-1.0
2024-01-20,UFC 297: Strickland vs. Du Plessis,Serhiy Sidey vs. Ramon Taveras,Derek Cleary,29,28,1,17,0,0.29999999999999993,-1.0
2024-01-20,UFC 297: Strickland vs. Du Plessis,Serhiy Sidey vs. Ramon Taveras,Saleem Haniff,28,29,0,17,0,0.29999999999999993,-1.0
2024-01-13,UFC Fight Night: Ankalaev vs. Walker 2,Ricky Simon vs. Mario Bautista,Sal D'Amato,27,30,0,-67,2,2.7666666666666666,0.0
2024-01-13,UFC Fight Night: Ankalaev vs. Walker 2,Ricky Simon vs. Mario Bautista,Chris Lee,27,30,0,-67,2,2.7666666666666666,0.0
2024-01-13,UFC Fight Night: Ankalaev vs. Walker 2,Ricky Simon vs. Mario Bautista,Derek Cleary,28,29,0,-67,2,2.7666666666666666,0.0
2024-01-13,UFC Fight Night: Ankalaev vs. Walker 2,Andrei Arlovski vs. Waldo Cortes Acosta,Derek Cleary,28,29,0,9,0,0.0,0.0
2024-01-13,UFC Fight Night: Ankalaev vs. Walker 2,Andrei Arlovski vs. Waldo Cortes Acosta,Sal D'Amato,28,29,0,9,0,0.0,0.0
2024-01-13,UFC Fight Night: Ankalaev vs. Walker 2,Andrei Arlovski vs. Waldo Cortes Acosta,Chris Lee,28,29,0,9,0,0.0,0.0
2024-01-13,UFC Fight Night: Ankalaev vs. Walker 2,Matthew Semelsberger vs. Preston Parsons,Mike Bell,27,30,0,-19,-6,-3.3000000000000003,0.0
2024-01-13,UFC Fight Night: Ankalaev vs. Walker 2,Matthew Semelsberger vs. Preston Parsons,Junichiro Kamijo,27,30,0,-19,-6,-3.3000000000000003,0.0
2024-01-13,UFC Fight Night: Ankalaev vs. Walker 2,Matthew Semelsberger vs. Preston Parsons,Ron McCarthy,27,30,0,-19,-6,-3.3000000000000003,0.0
2024-01-13,UFC Fight Night: Ankalaev vs. Walker 2,Farid Basharat vs. Taylor Lapilus,Mike Bell,30,27,1,2,5,6.933333333333334,0.0
2024-01-13,UFC Fight Night: Ankalaev vs. Walker 2,Farid Basharat vs. Taylor Lapilus,Sal D'Amato,30,27,1,2,5,6.933333333333334,0.0
2024-01-13,UFC Fight Night: Ankalaev vs. Walker 2,Farid Basharat vs. Taylor Lapilus,Junichiro Kamijo,30,27,1,2,5,6.933333333333334,0.0
2023-12-16,UFC 296: Edwards vs. Covington,Leon Edwards vs. Colby Covington,Derek Cleary,49,46,1,13,0,-3.6166666666666663,0.0
2023-12-16,UFC 296: Edwards vs. Covington,Leon Edwards vs. Colby Covington,Sal D'Amato,49,46,1,13,0,-3.6166666666666663,0.0
2023-12-16,UFC 296: Edwards vs. Covington,Leon Edwards vs. Colby Covington,Chris Lee,49,46,1,13,0,-3.6166666666666663,0.0
2023-12-16,UFC 296: Edwards vs. Covington,Alexandre Pantoja vs. Brandon Royval,Junichiro Kamijo,50,45,1,-16,8,15.066666666666666,0.0
2023-12-16,UFC 296: Edwards vs. Covington,Alexandre Pantoja vs. Brandon Royval,Ron McCarthy,50,45,1,-16,8,15.066666666666666,0.0
2023-12-16,UFC 296: Edwards vs. Covington,Alexandre Pantoja vs. Brandon Royval,Eric Colon,49,46,1,-16,8,15.066666666666666,0.0
2023-12-16,UFC 296: Edwards vs. Covington,Tony Ferguson vs. Paddy Pimblett,Derek Cleary,27,30,0,-44,-1,-8.883333333333333,-1.0
2023-12-16,UFC 296: Edwards vs. Covington,Tony Ferguson vs. Paddy Pimblett,Sal D'Amato,27,30,0,-44,-1,-8.883333333333333,-1.0
2023-12-16,UFC 296: Edwards vs. Covington,Tony Ferguson vs. Paddy Pimblett,Junichiro Kamijo,27,30,0,-44,-1,-8.883333333333333,-1.0
2023-12-16,UFC 296: Edwards vs. Covington,Alonzo Menifield vs. Dustin Jacoby,Sal D'Amato,29,28,1,-25,1,-0.08333333333333304,1.0
2023-12-16,UFC 296: Edwards vs. Covington,Alonzo Menifield vs. Dustin Jacoby,Chris Lee,29,28,1,-25,1,-0.08333333333333304,1.0
2023-12-16,UFC 296: Edwards vs. Covington,Alonzo Menifield vs. Dustin Jacoby,Tony Weeks,29,28,1,-25,1,-0.08333333333333304,1.0
2023-12-16,UFC 296: Edwards vs. Covington,Irene Aldana vs. Karol Rosa,Derek Cleary,29,28,1,-59,0,0.0,0.0
2023-12-16,UFC 296: Edwards vs. Covington,Irene Aldana vs. Karol Rosa,Ron McCarthy,29,28,1,-59,0,0.0,0.0
2023-12-16,UFC 296: Edwards vs. Covington,Irene Aldana vs. Karol Rosa,Jacob Montalvo,29,28,1,-59,0,0.0,0.0
2023-12-09,UFC Fight Night: Song vs. Gutierrez,Song Yadong vs. Chris Gutierrez,Sal D'Amato,50,44,1,-10,2,11.016666666666667,0.0
2023-12-09,UFC Fight Night: Song vs. Gutierrez,Song Yadong vs. Chris Gutierrez,Junichiro Kamijo,50,45,1,-10,2,11.016666666666667,0.0
2023-12-09,UFC Fight Night: Song vs. Gutierrez,Song Yadong vs. Chris Gutierrez,Ron McCarthy,50,45,1,-10,2,11.016666666666667,0.0
2023-12-09,UFC Fight Night: Song vs. Gutierrez,JunYong Park vs. Andre Muniz,Chris Flores,28,29,0,13,-11,-6.6,0.0
2023-12-09,UFC Fight Night: Song vs. Gutierrez,JunYong Park vs. Andre Muniz,Tony Weeks,29,28,1,13,-11,-6.6,0.0
2023-12-09,UFC Fight Night: Song vs. Gutierrez,JunYong Park vs. Andre Muniz,Jacob Montalvo,28,29,0,13,-11,-6.6,0.0
2023-12-09,UFC Fight Night: Song vs. Gutierrez,Song Kenan vs. Kevin Jousset,Sal D'Amato,27,30,0,-72,-1,-1.4333333333333333,0.0
2023-12-09,UFC Fight Night: Song vs. Gutierrez,Song Kenan vs. Kevin Jousset,Chris Leben,27,30,0,-72,-1,-1.4333333333333333,0.0
2023-12-09,UFC Fight Night: Song vs. Gutierrez,Song Kenan vs. Kevin Jousset,Ron McCarthy,27,30,0,-72,-1,-1.4333333333333333,0.0
2023-12-09,UFC Fight Night: Song vs. Gutierrez,Luana Santos vs. Stephanie Egger,Jacob Montalvo,30,27,1,9,1,6.633333333333333,0.0
2023-12-09,UFC Fight Night: Song vs. Gutierrez,Luana Santos vs. Stephanie Egger,Junichiro Kamijo,29,28,1,9,1,6.633333333333333,0.0
2023-12-09,UFC Fight Night: Song vs. Gutierrez,Luana Santos vs. Stephanie Egger,Tony Weeks,29,28,1,9,1,6.633333333333333,0.0
2023-12-09,UFC Fight Night: Song vs. Gutierrez,Rayanne dos Santos vs. Talita Alencar,Adalaide Byrd,28,29,0,21,-1,-2.4999999999999996,0.0
2023-12-09,UFC Fight Night: Song vs. Gutierrez,Rayanne dos Santos vs. Talita Alencar,Sal D'Amato,29,28,1,21,-1,-2.4999999999999996,0.0
2023-12-09,UFC Fight Night: Song vs. Gutierrez,Rayanne dos Santos vs. Talita Alencar,Ron McCarthy,28,29,0,21,-1,-2.4999999999999996,0.0
2023-12-02,UFC Fight Night: Dariush vs. Tsarukyan,Rob Font vs. Deiveson Figueiredo,Patrick Patlan,27,30,0,1,-4,-3.6666666666666665,0.0
2023-12-02,UFC Fight Night: Dariush vs. Tsarukyan,Rob Font vs. Deiveson Figueiredo,Mike Beltran,27,30,0,1,-4,-3.6666666666666665,0.0
2023-12-02,UFC Fight Night: Dariush vs. Tsarukyan,Rob Font vs. Deiveson Figueiredo,Gino Garcia,27,30,0,1,-4,-3.6666666666666665,0.0
2023-12-02,UFC Fight Night: Dariush vs. Tsarukyan,Clay Guida vs. Joaquim Silva,Gino Garcia,28,29,0,-3,0,1.7999999999999994,0.0
2023-12-02,UFC Fight Night: Dariush vs. Tsarukyan,Clay Guida vs. Joaquim Silva,Sal D'Amato,28,29,0,-3,0,1.7999999999999994,0.0
2023-12-02,UFC Fight Night: Dariush vs. Tsarukyan,Clay Guida vs. Joaquim Silva,Chris Lee,28,29,0,-3,0,1.7999999999999994,0.0
2023-12-02,UFC Fight Night: Dariush vs. Tsarukyan,Veronica Hardy vs. Jamey-Lyn Horth,Jacob Montalvo,28,29,0,0,0,-2.416666666666667,0.0
2023-12-02,UFC Fight Night: Dariush vs. Tsarukyan,Veronica Hardy vs. Jamey-Lyn Horth,Sal D'Amato,29,28,1,0,0,-2.416666666666667,0.0
2023-12-02,UFC Fight Night: Dariush vs. Tsarukyan,Veronica Hardy vs. Jamey-Lyn Horth,Patrick Patlan,29,28,1,0,0,-2.416666666666667,0.0
2023-11-18,UFC Fight Night: Allen vs. Craig,Michael Morales vs. Jake Matthews,Chris Flores,30,27,1,27,0,0.06666666666666667,0.0
2023-11-18,UFC Fight Night: Allen vs. Craig,Michael Morales vs. Jake Matthews,Derek Cleary,29,28,1,27,0,0.06666666666666667,0.0
2023-11-18,UFC Fight Night: Allen vs. Craig,Michael Morales vs. Jake Matthews,Sal D'Amato,29,28,1,27,0,0.06666666666666667,0.0
2023-11-18,UFC Fight Night: Allen vs. Craig,Mick Parkin vs. Caio Machado,Adalaide Byrd,29,28,1,-37,3,6.05,0.0
2023-11-18,UFC Fight Night: Allen vs. Craig,Mick Parkin vs. Caio Machado,Derek Cleary,29,28,1,-37,3,6.05,0.0
2023-11-18,UFC Fight Night: Allen vs. Craig,Mick Parkin vs. Caio Machado,Chris Lee,29,28,1,-37,3,6.05,0.0
2023-11-18,UFC Fight Night: Allen vs. Craig,Lucie Pudilova vs. Ailin Perez,Derek Cleary,27,29,0,-22,-2,-4.449999999999999,0.0
2023-11-18,UFC Fight Night: Allen vs. Craig,Lucie Pudilova vs. Ailin Perez,Sal D'Amato,28,29,0,-22,-2,-4.449999999999999,0.0
2023-11-18,UFC Fight Night: Allen vs. Craig,Lucie Pudilova vs. Ailin Perez,Chris Flores,28,29,0,-22,-2,-4.449999999999999,0.0
2023-11-18,UFC Fight Night: Allen vs. Craig,Charles Johnson vs. Rafael Estevam,Derek Cleary,28,29,0,54,-3,-8.666666666666666,0.0
2023-11-18,UFC Fight Night: Allen vs. Craig,Charles Johnson vs. Rafael Estevam,Sal D'Amato,28,29,0,54,-3,-8.666666666666666,0.0
2023-11-18,UFC Fight Night: Allen vs. Craig,Charles Johnson vs. Rafael Estevam,Chris Flores,28,29,0,54,-3,-8.666666666666666,0.0
2023-11-11,UFC 295: Prochazka vs. Pereira,Steve Erceg vs. Alessandro Costa,Sal D'Amato,29,28,1,20,0,5.249999999999999,0.0
2023-11-11,UFC 295: Prochazka vs. Pereira,Steve Erceg vs. Alessandro Costa,Chris Lee,29,28,1,20,0,5.249999999999999,0.0
2023-11-11,UFC 295: Prochazka vs. Pereira,Steve Erceg vs. Alessandro Costa,Chris Bolinski,29,28,1,20,0,5.249999999999999,0.0
2023-11-11,UFC 295: Prochazka vs. Pereira,Tabatha Ricci vs. Loopy Godinez,Derek Cleary,28,29,0,-14,0,1.3166666666666667,0.0
2023-11-11,UFC 295: Prochazka vs. Pereira,Tabatha Ricci vs. Loopy Godinez,Sal D'Amato,28,29,0,-14,0,1.3166666666666667,0.0
2023-11-11,UFC 295: Prochazka vs. Pereira,Tabatha Ricci vs. Loopy Godinez,Bryan Miner,30,27,1,-14,0,1.3166666666666667,0.0
2023-11-11,UFC 295: Prochazka vs. Pereira,John Castaneda vs. Kyung Ho Kang,Derek Cleary,30,27,1,23,3,2.3,0.0
2023-11-11,UFC 295: Prochazka vs. Pereira,John Castaneda vs. Kyung Ho Kang,Eric Colon,30,27,1,23,3,2.3,0.0
2023-11-11,UFC 295: Prochazka vs. Pereira,John Castaneda vs. Kyung Ho Kang,Chris Lee,30,27,1,23,3,2.3,0.0
2023-11-11,UFC 295: Prochazka vs. Pereira,Joshua Van vs. Kevin Borjas,Dave Tirelli,29,28,1,81,2,0.7000000000000001,0.0
2023-11-11,UFC 295: Prochazka vs. Pereira,Joshua Van vs. Kevin Borjas,Bryan Miner,29,28,1,81,2,0.7000000000000001,0.0
2023-11-11,UFC 295: Prochazka vs. Pereira,Joshua Van vs. Kevin Borjas,Chris Bolinski,29,28,1,81,2,0.7000000000000001,0.0
2023-11-04,UFC Fight Night: Almeida vs. Lewis,Jailton Almeida vs. Derrick Lewis,Fabio Alves,50,44,1,18,6,20.21666666666667,0.0
2023-11-04,UFC Fight Night: Almeida vs. Lewis,Jailton Almeida vs. Derrick Lewis,Sal D'Amato,50,44,1,18,6,20.21666666666667,0.0
2023-11-04,UFC Fight Night: Almeida vs. Lewis,Jailton Almeida vs. Derrick Lewis,Dave Tirelli,50,45,1,18,6,20.21666666666667,0.0
2023-11-04,UFC Fight Night: Almeida vs. Lewis,Rodrigo Nascimento vs. Don'Tale Mayes,Hallison Pontes,30,27,1,-9,0,1.7000000000000002,0.0
2023-11-04,UFC Fight Night: Almeida vs. Lewis,Rodrigo Nascimento vs. Don'Tale Mayes,Fabio Alves,29,28,1,-9,0,1.7000000000000002,0.0
2023-11-04,UFC Fight Night: Almeida vs. Lewis,Rodrigo Nascimento vs. Don'Tale Mayes,Dave Tirelli,29,28,1,-9,0,1.7000000000000002,0.0
2023-11-04,UFC Fight Night: Almeida vs. Lewis,Caio Borralho vs. Abus Magomedov,Fabio Alves,30,27,1,13,0,2.283333333333333,1.0
2023-11-04,UFC Fight Night: Almeida vs. Lewis,Caio Borralho vs. Abus Magomedov,Sal D'Amato,29,28,1,13,0,2.283333333333333,1.0
2023-11-04,UFC Fight Night: Almeida vs. Lewis,Caio Borralho vs. Abus Magomedov,Dave Tirelli,29,28,1,13,0,2.283333333333333,1.0
2023-11-04,UFC Fight Night: Almeida vs. Lewis,Angela Hill vs. Denise Gomes,Sal D'Amato,30,27,1,14,4,7.000000000000001,0.0
2023-11-04,UFC Fight Night: Almeida vs. Lewis,Angela Hill vs. Denise Gomes,Dave Tirelli,29,28,1,14,4,7.000000000000001,0.0
2023-11-04,UFC Fight Night: Almeida vs. Lewis,Angela Hill vs. Denise Gomes,Alessandro Vieira,29,28,1,14,4,7.000000000000001,0.0
2023-11-04,UFC Fight Night: Almeida vs. Lewis,Kaue Fernandes vs. Marc Diakiese,Dave Tirelli,29,28,1,10,-2,-7.183333333333333,0.0
2023-11-04,UFC Fight Night: Almeida vs. Lewis,Kaue Fernandes vs. Marc Diakiese,Fabio Alves,28,29,0,10,-2,-7.183333333333333,0.0
2023-11-04,UFC Fight Night: Almeida vs. Lewis,Kaue Fernandes vs. Marc Diakiese,Hallison Pontes,27,30,0,10,-2,-7.183333333333333,0.0
2023-10-21,UFC 294: Makhachev vs. Volkanovski 2,Kamaru Usman vs. Khamzat Chimaev,Derek Cleary,27,29,0,-2,-4,-7.266666666666667,0.0
2023-10-21,UFC 294: Makhachev vs. Volkanovski 2,Kamaru Usman vs. Khamzat Chimaev,Vito Paolillo,27,29,0,-2,-4,-7.266666666666667,0.0
2023-10-21,UFC 294: Makhachev vs. Volkanovski 2,Mohammad Yahya vs. Trevor Peek,Ben Cartlidge,28,29,0,-18,-3,-4.766666666666667,0.0
2023-10-21,UFC 294: Makhachev vs. Volkanovski 2,Mohammad Yahya vs. Trevor Peek,Vito Paolillo,27,30,0,-18,-3,-4.766666666666667,0.0
2023-10-21,UFC 294: Makhachev vs. Volkanovski 2,Mohammad Yahya vs. Trevor Peek,Clemens Werner,27,30,0,-18,-3,-4.766666666666667,0.0
2023-10-21,UFC 294: Makhachev vs. Volkanovski 2,Abu Azaitar vs. Sedriques Dumas,Derek Cleary,28,29,0,7,1,-3.6333333333333337,0.0
2023-10-21,UFC 294: Makhachev vs. Volkanovski 2,Abu Azaitar vs. Sedriques Dumas,Darryl Ransom,28,29,0,7,1,-3.6333333333333337,0.0
2023-10-21,UFC 294: Makhachev vs. Volkanovski 2,Abu Azaitar vs. Sedriques Dumas,Clemens Werner,28,29,0,7,1,-3.6333333333333337,0.0
2023-10-21,UFC 294: Makhachev vs. Volkanovski 2,Nathaniel Wood vs. Muhammad Naimov,Vito Paolillo,28,29,0,2,-2,-3.966666666666667,0.0
2023-10-21,UFC 294: Makhachev vs. Volkanovski 2,Nathaniel Wood vs. Muhammad Naimov,Darryl Ransom,28,29,0,2,-2,-3.966666666666667,0.0
2023-10-21,UFC 294: Makhachev vs. Volkanovski 2,Nathaniel Wood vs. Muhammad Naimov,Clemens Werner,28,29,0,2,-2,-3.966666666666667,0.0
2023-10-21,UFC 294: Makhachev vs. Volkanovski 2,Viktoriia Dudakova vs. Jinh Yu Frey,Derek Cleary,29,28,1,27,-1,-4.366666666666666,1.0
2023-10-21,UFC 294: Makhachev vs. Volkanovski 2,Viktoriia Dudakova vs. Jinh Yu Frey,David Lethaby,29,28,1,27,-1,-4.366666666666666,1.0
2023-10-21,UFC 294: Makhachev vs. Volkanovski 2,Viktoriia Dudakova vs. Jinh Yu Frey,Cezary Wojciechowski,29,28,1,27,-1,-4.366666666666666,1.0
2023-10-21,UFC 294: Makhachev vs. Volkanovski 2,Shara Magomedov vs. Bruno Silva,Ben Cartlidge,30,27,1,48,-3,-6.7333333333333325,0.0
2023-10-21,UFC 294: Makhachev vs. Volkanovski 2,Shara Magomedov vs. Bruno Silva,Vito Paolillo,30,27,1,48,-3,-6.7333333333333325,0.0
2023-10-21,UFC 294: Makhachev vs. Volkanovski 2,Shara Magomedov vs. Bruno Silva,Darryl Ransom,30,27,1,48,-3,-6.7333333333333325,0.0
2023-10-14,UFC Fight Night: Yusuff vs. Barboza,Sodiq Yusuff vs. Edson Barboza,Chris Lee,46,49,0,14,-2,0.8666666666666671,0.0
2023-10-14,UFC Fight Night: Yusuff vs. Barboza,Sodiq Yusuff vs. Edson Barboza,Derek Cleary,46,48,0,14,-2,0.8666666666666671,0.0
2023-10-14,UFC Fight Night: Yusuff vs. Barboza,Sodiq Yusuff vs. Edson Barboza,Sal D'Amato,46,48,0,14,-2,0.8666666666666671,0.0
2023-10-14,UFC Fight Night: Yusuff vs. Barboza,Jennifer Maia vs. Viviane Araujo,Sal D'Amato,28,29,0,17,0,-5.633333333333333,0.0
2023-10-14,UFC Fight Night: Yusuff vs. Barboza,Jennifer Maia vs. Viviane Araujo,Junichiro Kamijo,28,29,0,17,0,-5.633333333333333,0.0
2023-10-14,UFC Fight Night: Yusuff vs. Barboza,Jennifer Maia vs. Viviane Araujo,Ron McCarthy,28,29,0,17,0,-5.633333333333333,0.0
2023-10-14,UFC Fight Night: Yusuff vs. Barboza,Christian Rodriguez vs. Cameron Saaiman,Derek Cleary,30,27,1,10,3,1.7666666666666664,0.0
2023-10-14,UFC Fight Night: Yusuff vs. Barboza,Christian Rodriguez vs. Cameron Saaiman,Tony Weeks,30,27,1,10,3,1.7666666666666664,0.0
2023-10-14,UFC Fight Night: Yusuff vs. Barboza,Christian Rodriguez vs. Cameron Saaiman,Sal D'Amato,29,28,1,10,3,1.7666666666666664,0.0
2023-10-14,UFC Fight Night: Yusuff vs. Barboza,Tainara Lisboa vs. Ravena Oliveira,Eric Colon,29,28,1,3,1,1.549999999999999,0.0
2023-10-14,UFC Fight Night: Yusuff vs. Barboza,Tainara Lisboa vs. Ravena Oliveira,Junichiro Kamijo,29,28,1,3,1,1.549999999999999,0.0
2023-10-14,UFC Fight Night: Yusuff vs. Barboza,Tainara Lisboa vs. Ravena Oliveira,Anthony Maness,29,28,1,3,1,1.549999999999999,0.0
2023-10-14,UFC Fight Night: Yusuff vs. Barboza,Irina Alekseeva vs. Melissa Mullins,Chris Lee,27,30,0,-4,1,-7.416666666666667,1.0
2023-10-14,UFC Fight Night: Yusuff vs. Barboza,Irina Alekseeva vs. Melissa Mullins,Derek Cleary,28,29,0,-4,1,-7.416666666666667,1.0
2023-10-14,UFC Fight Night: Yusuff vs. Barboza,Irina Alekseeva vs. Melissa Mullins,Anthony Maness,28,29,0,-4,1,-7.416666666666667,1.0
2023-10-14,UFC Fight Night: Yusuff vs. Barboza,Chris Gutierrez vs. Alatengheili,Sal D'Amato,30,27,1,72,-2,-0.7166666666666667,0.0
2023-10-14,UFC Fight Night: Yusuff vs. Barboza,Chris Gutierrez vs. Alatengheili,Ron McCarthy,30,27,1,72,-2,-0.7166666666666667,0.0
2023-10-14,UFC Fight Night: Yusuff vs. Barboza,Chris Gutierrez vs. Alatengheili,Bryan Miner,30,27,1,72,-2,-0.7166666666666667,0.0
2023-10-14,UFC Fight Night: Yusuff vs. Barboza,Ashley Yoder vs. Emily Ducote,Derek Cleary,27,30,0,-15,-1,0.09999999999999999,0.0
2023-10-14,UFC Fight Night: Yusuff vs. Barboza,Ashley Yoder vs. Emily Ducote,Eric Colon,28,29,0,-15,-1,0.09999999999999999,0.0
2023-10-14,UFC Fight Night: Yusuff vs. Barboza,Ashley Yoder vs. Emily Ducote,Sal D'Amato,28,29,0,-15,-1,0.09999999999999999,0.0
2023-10-07,UFC Fight Night: Dawson vs. Green,Alex Morono vs. Joaquin Buckley,Sal D'Amato,27,30,0,-28,-1,-2.1333333333333333,0.0
2023-10-07,UFC Fight Night: Dawson vs. Green,Alex Morono vs. Joaquin Buckley,Jacob Montalvo,27,30,0,-28,-1,-2.1333333333333333,0.0
2023-10-07,UFC Fight Night: Dawson vs. Green,Alex Morono vs. Joaquin Buckley,Junichiro Kamijo,26,30,0,-28,-1,-2.1333333333333333,0.0
2023-10-07,UFC Fight Night: Dawson vs. Green,Alexander Hernandez vs. Bill Algeo,Junichiro Kamijo,27,30,0,-35,-1,0.4666666666666667,-1.0
2023-10-07,UFC Fight Night: Dawson vs. Green,Alexander Hernandez vs. Bill Algeo,Chris Lee,27,30,0,-35,-1,0.4666666666666667,-1.0
2023-10-07,UFC Fight Night: Dawson vs. Green,Alexander Hernandez vs. Bill Algeo,Rick Winter,27,30,0,-35,-1,0.4666666666666667,-1.0
2023-10-07,UFC Fight Night: Dawson vs. Green,Karolina Kowalkiewicz vs. Diana Belbita,Sal D'Amato,30,27,1,42,-1,1.3666666666666667,0.0
2023-10-07,UFC Fight Night: Dawson vs. Green,Karolina Kowalkiewicz vs. Diana Belbita,Jacob Montalvo,30,27,1,42,-1,1.3666666666666667,0.0
2023-10-07,UFC Fight Night: Dawson vs. Green,Karolina Kowalkiewicz vs. Diana Belbita,Chris Lee,30,27,1,42,-1,1.3666666666666667,0.0
2023-10-07,UFC Fight Night: Dawson vs. Green,Vanessa Demopoulos vs. Kanako Murata,Eric Colon,29,28,1,-3,-5,-9.466666666666669,0.0
2023-10-07,UFC Fight Night: Dawson vs. Green,Vanessa Demopoulos vs. Kanako Murata,Sal D'Amato,29,28,1,-3,-5,-9.466666666666669,0.0
2023-10-07,UFC Fight Night: Dawson vs. Green,Vanessa Demopoulos vs. Kanako Murata,Chris Lee,29,28,1,-3,-5,-9.466666666666669,0.0
2023-10-07,UFC Fight Night: Dawson vs. Green,Aoriqileng vs. Johnny Munoz,Junichiro Kamijo,29,28,1,37,-2,1.1499999999999995,1.0
2023-10-07,UFC Fight Night: Dawson vs. Green,Aoriqileng vs. Johnny Munoz,Jacob Montalvo,29,28,1,37,-2,1.1499999999999995,1.0
2023-10-07,UFC Fight Night: Dawson vs. Green,Aoriqileng vs. Johnny Munoz,Chris Lee,29,28,1,37,-2,1.1499999999999995,1.0
2023-10-07,UFC Fight Night: Dawson vs. Green,Montana De La Rosa vs. JJ Aldrich,Eric Colon,27,30,0,2,0,-0.36666666666666664,0.0
2023-10-07,UFC Fight Night: Dawson vs. Green,Montana De La Rosa vs. JJ Aldrich,Sal D'Amato,27,30,0,2,0,-0.36666666666666664,0.0
2023-10-07,UFC Fight Night: Dawson vs. Green,Montana De La Rosa vs. JJ Aldrich,Junichiro Kamijo,27,30,0,2,0,-0.36666666666666664,0.0
2023-09-23,UFC Fight Night: Fiziev vs. Gamrot,Bryce Mitchell vs. Dan Ige,Junichiro Kamijo,30,27,1,5,5,5.366666666666667,0.0
2023-09-23,UFC Fight Night: Fiziev vs. Gamrot,Bryce Mitchell vs. Dan Ige,David Lethaby,29,28,1,5,5,5.366666666666667,0.0
2023-09-23,UFC Fight Night: Fiziev vs. Gamrot,Bryce Mitchell vs. Dan Ige,Jacob Montalvo,29,28,1,5,5,5.366666666666667,0.0
2023-09-23,UFC Fight Night: Fiziev vs. Gamrot,Mohammed Usman vs. Jake Collier,Jacob Montalvo,30,27,1,-2,1,2.2333333333333334,0.0
2023-09-23,UFC Fight Night: Fiziev vs. Gamrot,Mohammed Usman vs. Jake Collier,David Lethaby,29,28,1,-2,1,2.2333333333333334,0.0
2023-09-23,UFC Fight Night: Fiziev vs. Gamrot,Mohammed Usman vs. Jake Collier,Tony Weeks,29,28,1,-2,1,2.2333333333333334,0.0
2023-09-23,UFC Fight Night: Fiziev vs. Gamrot,Mizuki vs. Hannah Goldy,Adalaide Byrd,29,28,1,8,0,0.6666666666666665,0.0
2023-09-23,UFC Fight Night: Fiziev vs. Gamrot,Mizuki vs. Hannah Goldy,Junichiro Kamijo,29,28,1,8,0,0.6666666666666665,0.0
2023-09-23,UFC Fight Night: Fiziev vs. Gamrot,Mizuki vs. Hannah Goldy,David Lethaby,29,28,1,8,0,0.6666666666666665,0.0
2023-09-23,UFC Fight Night: Fiziev vs. Gamrot,Tamires Vidal vs. Montse Rendon,Junichiro Kamijo,28,29,0,-9,-3,-3.9499999999999997,0.0
2023-09-23,UFC Fight Night: Fiziev vs. Gamrot,Tamires Vidal vs. Montse Rendon,Chris Leben,29,28,1,-9,-3,-3.9499999999999997,0.0
2023-09-23,UFC Fight Night: Fiziev vs. Gamrot,Tamires Vidal vs. Montse Rendon,Jacob Montalvo,28,29,0,-9,-3,-3.9499999999999997,0.0
2023-09-09,UFC 293: Adesanya vs. Strickland,Israel Adesanya vs. Sean Strickland,Eric Colon,46,49,0,-43,0,-0.23333333333333334,-1.0
2023-09-09,UFC 293: Adesanya vs. Strickland,Israel Adesanya vs. Sean Strickland,David Lethaby,46,49,0,-43,0,-0.23333333333333334,-1.0
2023-09-09,UFC 293: Adesanya vs. Strickland,Israel Adesanya vs. Sean Strickland,Clemens Werner,46,49,0,-43,0,-0.23333333333333334,-1.0
2023-09-09,UFC 293: Adesanya vs. Strickland,Manel Kape vs. Felipe dos Santos,Eric Colon,30,27,1,13,1,0.6166666666666667,1.0
2023-09-09,UFC 293: Adesanya vs. Strickland,Manel Kape vs. Felipe dos Santos,David Lethaby,29,28,1,13,1,0.6166666666666667,1.0
2023-09-09,UFC 293: Adesanya vs. Strickland,Manel Kape vs. Felipe dos Santos,Clemens Werner,29,28,1,13,1,0.6166666666666667,1.0
2023-09-09,UFC 293: Adesanya vs. Strickland,Jamie Mullarkey vs. John Makdessi,Mark Christie,29,28,1,5,0,0.0,0.0
2023-09-09,UFC 293: Adesanya vs. Strickland,Jamie Mullarkey vs. John Makdessi,Eric Colon,29,28,1,5,0,0.0,0.0
2023-09-09,UFC 293: Adesanya vs. Strickland,Jamie Mullarkey vs. John Makdessi,David Lethaby,29,28,1,5,0,0.0,0.0
2023-09-09,UFC 293: Adesanya vs. Strickland,Nasrat Haqparast vs. Landon Quinones,Eric Colon,30,27,1,23,0,-0.33333333333333337,0.0
2023-09-09,UFC 293: Adesanya vs. Strickland,Nasrat Haqparast vs. Landon Quinones,Evan Field,30,27,1,23,0,-0.33333333333333337,0.0
2023-09-09,UFC 293: Adesanya vs. Strickland,Nasrat Haqparast vs. Landon Quinones,Clemens Werner,30,27,1,23,0,-0.33333333333333337,0.0
2023-09-09,UFC 293: Adesanya vs. Strickland,Blood Diamond vs. Charles Radtke,Chris Aliendi,27,29,0,9,-1,-9.333333333333334,0.0
2023-09-09,UFC 293: Adesanya vs. Strickland,Blood Diamond vs. Charles Radtke,Mark Collett,27,29,0,9,-1,-9.333333333333334,0.0
2023-09-09,UFC 293: Adesanya vs. Strickland,Blood Diamond vs. Charles Radtke,David Lethaby,27,29,0,9,-1,-9.333333333333334,0.0
2023-09-02,UFC Fight Night: Gane vs. Spivac,Manon Fiorot vs. Rose Namajunas,Darryl Ransom,30,27,1,-2,0,-0.016666666666666663,0.0
2023-09-02,UFC Fight Night: Gane vs. Spivac,Manon Fiorot vs. Rose Namajunas,Sal D'Amato,29,28,1,-2,0,-0.016666666666666663,0.0
2023-09-02,UFC Fight Night: Gane vs. Spivac,Manon Fiorot vs. Rose Namajunas,Anders Ohlsson,29,28,1,-2,0,-0.016666666666666663,0.0
2023-09-02,UFC Fight Night: Gane vs. Spivac,Taylor Lapilus vs. Caolan Loughran,Ben Cartlidge,29,28,1,36,-2,-6.133333333333334,0.0
2023-09-02,UFC Fight Night: Gane vs. Spivac,Taylor Lapilus vs. Caolan Loughran,Sal D'Amato,29,28,1,36,-2,-6.133333333333334,0.0
2023-09-02,UFC Fight Night: Gane vs. Spivac,Taylor Lapilus vs. Caolan Loughran,Anders Ohlsson,29,28,1,36,-2,-6.133333333333334,0.0
2023-09-02,UFC Fight Night: Gane vs. Spivac,Ange Loosa vs. Rhys McKee,Christophe Chapuis,30,27,1,21,6,6.033333333333334,0.0
2023-09-02,UFC Fight Night: Gane vs. Spivac,Ange Loosa vs. Rhys McKee,David Lethaby,29,28,1,21,6,6.033333333333334,0.0
2023-09-02,UFC Fight Night: Gane vs. Spivac,Ange Loosa vs. Rhys McKee,Darryl Ransom,29,28,1,21,6,6.033333333333334,0.0
2023-09-02,UFC Fight Night: Gane vs. Spivac,Nora Cornolle vs. Joselyne Edwards,Ben Cartlidge,30,27,1,22,-5,-6.516666666666666,0.0
2023-09-02,UFC Fight Night: Gane vs. Spivac,Nora Cornolle vs. Joselyne Edwards,Damien Gluski,30,27,1,22,-5,-6.516666666666666,0.0
2023-09-02,UFC Fight Night: Gane vs. Spivac,Nora Cornolle vs. Joselyne Edwards,Clemens Werner,29,28,1,22,-5,-6.516666666666666,0.0
2023-09-02,UFC Fight Night: Gane vs. Spivac,Zarah Fairn vs. Jacqueline Cavalcanti,Damien Gluski,27,30,0,-87,0,-0.06666666666666667,0.0
2023-09-02,UFC Fight Night: Gane vs. Spivac,Zarah Fairn vs. Jacqueline Cavalcanti,David Lethaby,27,30,0,-87,0,-0.06666666666666667,0.0
2023-09-02,UFC Fight Night: Gane vs. Spivac,Zarah Fairn vs. Jacqueline Cavalcanti,Clemens Werner,27,30,0,-87,0,-0.06666666666666667,0.0
2023-08-26,UFC Fight Night: Holloway vs. The Korean Zombie,Anthony Smith vs. Ryan Spann,Mark Collett,29,28,1,32,1,-0.3833333333333333,0.0
2023-08-26,UFC Fight Night: Holloway vs. The Korean Zombie,Anthony Smith vs. Ryan Spann,Vito Paolillo,28,29,0,32,1,-0.3833333333333333,0.0
2023-08-26,UFC Fight Night: Holloway vs. The Korean Zombie,Anthony Smith vs. Ryan Spann,Luke Hill,29,28,1,32,1,-0.3833333333333333,0.0
2023-08-26,UFC Fight Night: Holloway vs. The Korean Zombie,Giga Chikadze vs. Alex Caceres,Howie Booth,30,27,1,3,0,0.0,0.0
2023-08-26,UFC Fight Night: Holloway vs. The Korean Zombie,Giga Chikadze vs. Alex Caceres,Ben Cartlidge,30,27,1,3,0,0.0,0.0
2023-08-26,UFC Fight Night: Holloway vs. The Korean Zombie,Giga Chikadze vs. Alex Caceres,David Lethaby,30,27,1,3,0,0.0,0.0
2023-08-26,UFC Fight Night: Holloway vs. The Korean Zombie,Rinya Nakamura vs. Fernie Garcia,Mark Collett,30,26,1,21,4,9.433333333333334,0.0
2023-08-26,UFC Fight Night: Holloway vs. The Korean Zombie,Rinya Nakamura vs. Fernie Garcia,Vito Paolillo,30,27,1,21,4,9.433333333333334,0.0
2023-08-26,UFC Fight Night: Holloway vs. The Korean Zombie,Rinya Nakamura vs. Fernie Garcia,Clemens Werner,30,27,1,21,4,9.433333333333334,0.0
2023-08-26,UFC Fight Night: Holloway vs. The Korean Zombie,Erin Blanchfield vs. Taila Santos,Howie Booth,29,28,1,6,0,7.9833333333333325,0.0
2023-08-26,UFC Fight Night: Holloway vs. The Korean Zombie,Erin Blanchfield vs. Taila Santos,Ben Cartlidge,29,28,1,6,0,7.9833333333333325,0.0
2023-08-26,UFC Fight Night: Holloway vs. The Korean Zombie,Erin Blanchfield vs. Taila Santos,Luke Hill,29,28,1,6,0,7.9833333333333325,0.0
2023-08-26,UFC Fight Night: Holloway vs. The Korean Zombie,Song Kenan vs. Rolando Bedoya,Ben Cartlidge,29,28,1,-37,0,0.1166666666666667,1.0
2023-08-26,UFC Fight Night: Holloway vs. The Korean Zombie,Song Kenan vs. Rolando Bedoya,Luke Hill,29,28,1,-37,0,0.1166666666666667,1.0
2023-08-26,UFC Fight Night: Holloway vs. The Korean Zombie,Song Kenan vs. Rolando Bedoya,David Lethaby,29,28,1,-37,0,0.1166666666666667,1.0
2023-08-26,UFC Fight Night: Holloway vs. The Korean Zombie,SeungWoo Choi vs. Jarno Errens,Ben Cartlidge,30,27,1,26,1,3.783333333333333,0.0
2023-08-26,UFC Fight Night: Holloway vs. The Korean Zombie,SeungWoo Choi vs. Jarno Errens,Mark Collett,29,28,1,26,1,3.783333333333333,0.0
2023-08-26,UFC Fight Night: Holloway vs. The Korean Zombie,SeungWoo Choi vs. Jarno Errens,Vito Paolillo,29,28,1,26,1,3.783333333333333,0.0
2023-08-19,UFC 292: Sterling vs. O'Malley,Zhang Weili vs. Amanda Lemos,Sal D'Amato,50,43,1,139,6,15.55,1.0
2023-08-19,UFC 292: Sterling vs. O'Malley,Zhang Weili vs. Amanda Lemos,Chris Lee,50,44,1,139,6,15.55,1.0
2023-08-19,UFC 292: Sterling vs. O'Malley,Zhang Weili vs. Amanda Lemos,Nick Mahmood,49,45,1,139,6,15.55,1.0
2023-08-19,UFC 292: Sterling vs. O'Malley,Neil Magny vs. Ian Machado Garry,Ben Cartlidge,26,30,0,-64,-2,-1.3666666666666667,0.0
2023-08-19,UFC 292: Sterling vs. O'Malley,Neil Magny vs. Ian Machado Garry,Marcel Varela,26,30,0,-64,-2,-1.3666666666666667,0.0
2023-08-19,UFC 292: Sterling vs. O'Malley,Neil Magny vs. Ian Machado Garry,David Ginsberg,24,30,0,-64,-2,-1.3666666666666667,0.0
2023-08-19,UFC 292: Sterling vs. O'Malley,Da'Mon Blackshear vs. Mario Bautista,Sal D'Amato,28,29,0,11,2,-1.0666666666666664,0.0
2023-08-19,UFC 292: Sterling vs. O'Malley,Da'Mon Blackshear vs. Mario Bautista,Chris Lee,28,29,0,11,2,-1.0666666666666664,0.0
2023-08-19,UFC 292: Sterling vs. O'Malley,Da'Mon Blackshear vs. Mario Bautista,Steve Rita,27,30,0,11,2,-1.0666666666666664,0.0
2023-08-19,UFC 292: Sterling vs. O'Malley,Marlon Vera vs. Pedro Munhoz,Nick Mahmood,30,27,1,28,0,0.0,0.0
2023-08-19,UFC 292: Sterling vs. O'Malley,Marlon Vera vs. Pedro Munhoz,Marcel Varela,30,27,1,28,0,0.0,0.0
2023-08-19,UFC 292: Sterling vs. O'Malley,Marlon Vera vs. Pedro Munhoz,Ben Cartlidge,29,28,1,28,0,0.0,0.0
2023-08-19,UFC 292: Sterling vs. O'Malley,Chris Weidman vs. Brad Tavares,Sal D'Amato,27,30,0,-33,0,1.35,0.0
2023-08-19,UFC 292: Sterling vs. O'Malley,Chris Weidman vs. Brad Tavares,Nick Mahmood,27,30,0,-33,0,1.35,0.0
2023-08-19,UFC 292: Sterling vs. O'Malley,Chris Weidman vs. Brad Tavares,Ben Cartlidge,27,30,0,-33,0,1.35,0.0
2023-08-19,UFC 292: Sterling vs. O'Malley,Brad Katona vs. Cody Gibson,Nick Mahmood,29,28,1,-4,0,0.0,0.0
2023-08-19,UFC 292: Sterling vs. O'Malley,Brad Katona vs. Cody Gibson,David Ginsberg,29,28,1,-4,0,0.0,0.0
2023-08-19,UFC 292: Sterling vs. O'Malley,Brad Katona vs. Cody Gibson,Chris Lee,30,27,1,-4,0,0.0,0.0
2023-08-19,UFC 292: Sterling vs. O'Malley,Andre Petroski vs. Gerald Meerschaert,Marcel Varela,29,28,1,-19,1,0.20000000000000018,1.0
2023-08-19,UFC 292: Sterling vs. O'Malley,Andre Petroski vs. Gerald Meerschaert,Sal D'Amato,28,29,0,-19,1,0.20000000000000018,1.0
2023-08-19,UFC 292: Sterling vs. O'Malley,Andre Petroski vs. Gerald Meerschaert,Steve Rita,29,28,1,-19,1,0.20000000000000018,1.0
2023-08-19,UFC 292: Sterling vs. O'Malley,Andrea Lee vs. Natalia Silva,David Ginsberg,27,30,0,-27,0,0.0,0.0
2023-08-19,UFC 292: Sterling vs. O'Malley,Andrea Lee vs. Natalia Silva,Nick Mahmood,27,30,0,-27,0,0.0,0.0
2023-08-19,UFC 292: Sterling vs. O'Malley,Andrea Lee vs. Natalia Silva,Ben Cartlidge,27,30,0,-27,0,0.0,0.0
2023-08-12,UFC Fight Night: Luque vs. Dos Anjos,Vicente Luque vs. Rafael Dos Anjos,Ron McCarthy,49,46,1,6,6,8.116666666666665,0.0
2023-08-12,UFC Fight Night: Luque vs. Dos Anjos,Vicente Luque vs. Rafael Dos Anjos,Sal D'Amato,48,47,1,6,6,8.116666666666665,0.0
2023-08-12,UFC Fight Night: Luque vs. Dos Anjos,Vicente Luque vs. Rafael Dos Anjos,Junichiro Kamijo,48,47,1,6,6,8.116666666666665,0.0
2023-08-12,UFC Fight Night: Luque vs. Dos Anjos,Cub Swanson vs. Hakeem Dawodu,Sal D'Amato,29,28,1,-18,1,-1.7500000000000002,0.0
2023-08-12,UFC Fight Night: Luque vs. Dos Anjos,Cub Swanson vs. Hakeem Dawodu,Ron McCarthy,29,28,1,-18,1,-1.7500000000000002,0.0
2023-08-12,UFC Fight Night: Luque vs. Dos Anjos,Cub Swanson vs. Hakeem Dawodu,Jacob Montalvo,29,28,1,-18,1,-1.7500000000000002,0.0
2023-08-12,UFC Fight Night: Luque vs. Dos Anjos,AJ Dobson vs. Tafon Nchukwi,Sal D'Amato,29,28,1,14,2,4.550000000000001,0.0
2023-08-12,UFC Fight Night: Luque vs. Dos Anjos,AJ Dobson vs. Tafon Nchukwi,Ron McCarthy,29,28,1,14,2,4.550000000000001,0.0
2023-08-12,UFC Fight Night: Luque vs. Dos Anjos,AJ Dobson vs. Tafon Nchukwi,Jacob Montalvo,29,28,1,14,2,4.550000000000001,0.0
2023-08-12,UFC Fight Night: Luque vs. Dos Anjos,Josh Fremd vs. Jamie Pickett,Adalaide Byrd,30,27,1,17,-2,4.233333333333333,0.0
2023-08-12,UFC Fight Night: Luque vs. Dos Anjos,Josh Fremd vs. Jamie Pickett,Sal D'Amato,30,27,1,17,-2,4.233333333333333,0.0
2023-08-12,UFC Fight Night: Luque vs. Dos Anjos,Josh Fremd vs. Jamie Pickett,Ron McCarthy,30,27,1,17,-2,4.233333333333333,0.0
2023-08-05,UFC Fight Night: Sandhagen vs. Font,Cory Sandhagen vs. Rob Font,Mike Bell,50,45,1,25,6,18.5,0.0
2023-08-05,UFC Fight Night: Sandhagen vs. Font,Cory Sandhagen vs. Rob Font,Derek Cleary,50,45,1,25,6,18.5,0.0
2023-08-05,UFC Fight Night: Sandhagen vs. Font,Cory Sandhagen vs. Rob Font,Sal D'Amato,50,45,1,25,6,18.5,0.0
2023-08-05,UFC Fight Night: Sandhagen vs. Font,Tanner Boser vs. Aleksa Camur,Sal D'Amato,30,27,1,52,0,4.433333333333334,0.0
2023-08-05,UFC Fight Night: Sandhagen vs. Font,Tanner Boser vs. Aleksa Camur,Anthony Maness,30,27,1,52,0,4.433333333333334,0.0
2023-08-05,UFC Fight Night: Sandhagen vs. Font,Tanner Boser vs. Aleksa Camur,Rick Winter,30,27,1,52,0,4.433333333333334,0.0
2023-08-05,UFC Fight Night: Sandhagen vs. Font,Ignacio Bahamondes vs. Ludovit Klein,Rick Winter,27,30,0,-13,-3,-5.966666666666667,0.0
2023-08-05,UFC Fight Night: Sandhagen vs. Font,Ignacio Bahamondes vs. Ludovit Klein,Derek Cleary,28,29,0,-13,-3,-5.966666666666667,0.0
2023-08-05,UFC Fight Night: Sandhagen vs. Font,Ignacio Bahamondes vs. Ludovit Klein,Anthony Maness,28,29,0,-13,-3,-5.966666666666667,0.0
2023-08-05,UFC Fight Night: Sandhagen vs. Font,Kyler Phillips vs. Raoni Barcelos,Kerri Rowland,30,27,1,26,-2,-0.9166666666666666,1.0
2023-08-05,UFC Fight Night: Sandhagen vs. Font,Kyler Phillips vs. Raoni Barcelos,Mike Bell,29,28,1,26,-2,-0.9166666666666666,1.0
2023-08-05,UFC Fight Night: Sandhagen vs. Font,Kyler Phillips vs. Raoni Barcelos,Sal D'Amato,29,28,1,26,-2,-0.9166666666666666,1.0
2023-08-05,UFC Fight Night: Sandhagen vs. Font,Billy Quarantillo vs. Damon Jackson,Mike Bell,29,28,1,33,-3,-4.316666666666666,0.0
2023-08-05,UFC Fight Night: Sandhagen vs. Font,Billy Quarantillo vs. Damon Jackson,Derek Cleary,29,28,1,33,-3,-4.316666666666666,0.0
2023-08-05,UFC Fight Night: Sandhagen vs. Font,Billy Quarantillo vs. Damon Jackson,Rick Winter,29,28,1,33,-3,-4.316666666666666,0.0
2023-08-05,UFC Fight Night: Sandhagen vs. Font,Cody Durden vs. Jake Hadley,Sal D'Amato,30,27,1,12,4,5.35,0.0
2023-08-05,UFC Fight Night: Sandhagen vs. Font,Cody Durden vs. Jake Hadley,Anthony Maness,30,27,1,12,4,5.35,0.0
2023-08-05,UFC Fight Night: Sandhagen vs. Font,Cody Durden vs. Jake Hadley,Kerri Rowland,30,27,1,12,4,5.35,0.0
2023-08-05,UFC Fight Night: Sandhagen vs. Font,Sean Woodson vs. Dennis Buzukja,Mike Bell,30,27,1,29,4,3.366666666666667,0.0
2023-08-05,UFC Fight Night: Sandhagen vs. Font,Sean Woodson vs. Dennis Buzukja,Derek Cleary,30,27,1,29,4,3.366666666666667,0.0
2023-08-05,UFC Fight Night: Sandhagen vs. Font,Sean Woodson vs. Dennis Buzukja,Kerri Rowland,30,27,1,29,4,3.366666666666667,0.0
2023-07-29,UFC 291: Poirier vs. Gaethje 2,Jan Blachowicz vs. Alex Pereira,Derek Cleary,28,29,0,-18,3,7.433333333333334,0.0
2023-07-29,UFC 291: Poirier vs. Gaethje 2,Jan Blachowicz vs. Alex Pereira,Junichiro Kamijo,29,28,1,-18,3,7.433333333333334,0.0
2023-07-29,UFC 291: Poirier vs. Gaethje 2,Jan Blachowicz vs. Alex Pereira,Ron McCarthy,28,29,0,-18,3,7.433333333333334,0.0
2023-07-29,UFC 291: Poirier vs. Gaethje 2,CJ Vergara vs. Vinicius Salvador,Steve Faragher,29,28,1,21,0,-0.016666666666666666,0.0
2023-07-29,UFC 291: Poirier vs. Gaethje 2,CJ Vergara vs. Vinicius Salvador,Derek Cleary,29,28,1,21,0,-0.016666666666666666,0.0
2023-07-29,UFC 291: Poirier vs. Gaethje 2,CJ Vergara vs. Vinicius Salvador,Junichiro Kamijo,29,28,1,21,0,-0.016666666666666666,0.0
2023-07-22,UFC Fight Night: Aspinall vs. Tybura,Nathaniel Wood vs. Andre Fili,Mike Bell,29,28,1,26,1,-1.1333333333333333,0.0
2023-07-22,UFC Fight Night: Aspinall vs. Tybura,Nathaniel Wood vs. Andre Fili,Junichiro Kamijo,29,28,1,26,1,-1.1333333333333333,0.0
2023-07-22,UFC Fight Night: Aspinall vs. Tybura,Nathaniel Wood vs. Andre Fili,Cezary Wojciechowski,29,28,1,26,1,-1.1333333333333333,0.0
2023-07-22,UFC Fight Night: Aspinall vs. Tybura,Jai Herbert vs. Fares Ziam,Mike Bell,28,29,0,-12,-1,2.7,0.0
2023-07-22,UFC Fight Night: Aspinall vs. Tybura,Jai Herbert vs. Fares Ziam,Cezary Wojciechowski,28,29,0,-12,-1,2.7,0.0
2023-07-22,UFC Fight Night: Aspinall vs. Tybura,Jai Herbert vs. Fares Ziam,Junichiro Kamijo,27,30,0,-12,-1,2.7,0.0
2023-07-22,UFC Fight Night: Aspinall vs. Tybura,Lerone Murphy vs. Josh Culibao,Ben Cartlidge,30,26,1,36,3,6.133333333333333,1.0
2023-07-22,UFC Fight Night: Aspinall vs. Tybura,Lerone Murphy vs. Josh Culibao,Darryl Ransom,30,26,1,36,3,6.133333333333333,1.0
2023-07-22,UFC Fight Night: Aspinall vs. Tybura,Lerone Murphy vs. Josh Culibao,David Lethaby,30,27,1,36,3,6.133333333333333,1.0
2023-07-22,UFC Fight Night: Aspinall vs. Tybura,Davey Grant vs. Daniel Marcos,Clemens Werner,28,29,0,22,-1,-0.11666666666666667,0.0
2023-07-22,UFC Fight Night: Aspinall vs. Tybura,Davey Grant vs. Daniel Marcos,Anders Ohlsson,29,28,1,22,-1,-0.11666666666666667,0.0
2023-07-22,UFC Fight Night: Aspinall vs. Tybura,Davey Grant vs. Daniel Marcos,Cezary Wojciechowski,28,29,0,22,-1,-0.11666666666666667,0.0
2023-07-22,UFC Fight Night: Aspinall vs. Tybura,Mick Parkin vs. Jamal Pogues,Mike Bell,30,27,1,59,0,-1.2833333333333332,0.0
2023-07-22,UFC Fight Night: Aspinall vs. Tybura,Mick Parkin vs. Jamal Pogues,Darryl Ransom,30,27,1,59,0,-1.2833333333333332,0.0
2023-07-22,UFC Fight Night: Aspinall vs. Tybura,Mick Parkin vs. Jamal Pogues,Clemens Werner,30,27,1,59,0,-1.2833333333333332,0.0
2023-07-22,UFC Fight Night: Aspinall vs. Tybura,Makhmud Muradov vs. Bryan Barberena,Junichiro Kamijo,30,27,1,26,13,5.133333333333333,2.0
2023-07-22,UFC Fight Night: Aspinall vs. Tybura,Makhmud Muradov vs. Bryan Barberena,David Lethaby,30,27,1,26,13,5.133333333333333,2.0
2023-07-22,UFC Fight Night: Aspinall vs. Tybura,Makhmud Muradov vs. Bryan Barberena,Anders Ohlsson,30,27,1,26,13,5.133333333333333,2.0
2023-07-22,UFC Fight Night: Aspinall vs. Tybura,Ketlen Vieira vs. Pannie Kianzad,Mike Bell,29,28,1,-7,3,8.633333333333333,0.0
2023-07-22,UFC Fight Night: Aspinall vs. Tybura,Ketlen Vieira vs. Pannie Kianzad,Ben Cartlidge,29,28,1,-7,3,8.633333333333333,0.0
2023-07-22,UFC Fight Night: Aspinall vs. Tybura,Ketlen Vieira vs. Pannie Kianzad,Cezary Wojciechowski,29,28,1,-7,3,8.633333333333333,0.0
2023-07-22,UFC Fight Night: Aspinall vs. Tybura,Chris Duncan vs. Yanal Ashmouz,David Lethaby,30,27,1,50,2,0.7999999999999999,0.0
2023-07-22,UFC Fight Night: Aspinall vs. Tybura,Chris Duncan vs. Yanal Ashmouz,Darryl Ransom,30,27,1,50,2,0.7999999999999999,0.0
2023-07-22,UFC Fight Night: Aspinall vs. Tybura,Chris Duncan vs. Yanal Ashmouz,Junichiro Kamijo,29,28,1,50,2,0.7999999999999999,0.0
2023-07-22,UFC Fight Night: Aspinall vs. Tybura,Shauna Bannon vs. Bruna Brasil,Mike Bell,28,29,0,-2,-2,-2.2666666666666666,0.0
2023-07-22,UFC Fight Night: Aspinall vs. Tybura,Shauna Bannon vs. Bruna Brasil,Clemens Werner,28,29,0,-2,-2,-2.2666666666666666,0.0
2023-07-22,UFC Fight Night: Aspinall vs. Tybura,Shauna Bannon vs. Bruna Brasil,Anders Ohlsson,27,30,0,-2,-2,-2.2666666666666666,0.0
2023-07-15,UFC Fight Night: Holm vs. Bueno Silva,Jack Della Maddalena vs. Bassil Hafez,Junichiro Kamijo,29,28,1,51,-2,-5.483333333333333,0.0
2023-07-15,UFC Fight Night: Holm vs. Bueno Silva,Jack Della Maddalena vs. Bassil Hafez,Sal D'Amato,28,29,0,51,-2,-5.483333333333333,0.0
2023-07-15,UFC Fight Night: Holm vs. Bueno Silva,Jack Della Maddalena vs. Bassil Hafez,Chris Lee,29,28,1,51,-2,-5.483333333333333,0.0
2023-07-15,UFC Fight Night: Holm vs. Bueno Silva,Norma Dumont vs. Chelsea Chandler,Mike Bell,30,27,1,25,2,6.466666666666667,0.0
2023-07-15,UFC Fight Night: Holm vs. Bueno Silva,Norma Dumont vs. Chelsea Chandler,Derek Cleary,30,27,1,25,2,6.466666666666667,0.0
2023-07-15,UFC Fight Night: Holm vs. Bueno Silva,Norma Dumont vs. Chelsea Chandler,Sal D'Amato,30,27,1,25,2,6.466666666666667,0.0
2023-07-15,UFC Fight Night: Holm vs. Bueno Silva,Tucker Lutz vs. Melsik Baghdasaryan,Adalaide Byrd,28,29,0,-28,3,5.616666666666666,0.0
2023-07-15,UFC Fight Night: Holm vs. Bueno Silva,Tucker Lutz vs. Melsik Baghdasaryan,Derek Cleary,28,29,0,-28,3,5.616666666666666,0.0
2023-07-15,UFC Fight Night: Holm vs. Bueno Silva,Tucker Lutz vs. Melsik Baghdasaryan,Sal D'Amato,28,29,0,-28,3,5.616666666666666,0.0
2023-07-15,UFC Fight Night: Holm vs. Bueno Silva,Austin Lingo vs. Melquizael Costa,Sal D'Amato,26,30,0,-61,-3,-2.7333333333333334,0.0
2023-07-15,UFC Fight Night: Holm vs. Bueno Silva,Austin Lingo vs. Melquizael Costa,Junichiro Kamijo,27,30,0,-61,-3,-2.7333333333333334,0.0
2023-07-15,UFC Fight Night: Holm vs. Bueno Silva,Austin Lingo vs. Melquizael Costa,Brian Puccillo,27,30,0,-61,-3,-2.7333333333333334,0.0
2023-07-15,UFC Fight Night: Holm vs. Bueno Silva,Evan Elder vs. Genaro Valdez,Adalaide Byrd,30,26,1,32,1,0.06666666666666668,0.0
2023-07-15,UFC Fight Night: Holm vs. Bueno Silva,Evan Elder vs. Genaro Valdez,Derek Cleary,29,28,1,32,1,0.06666666666666668,0.0
2023-07-15,UFC Fight Night: Holm vs. Bueno Silva,Evan Elder vs. Genaro Valdez,Junichiro Kamijo,29,28,1,32,1,0.06666666666666668,0.0
2023-07-15,UFC Fight Night: Holm vs. Bueno Silva,Tyson Nam vs. Azat Maksum,Sal D'Amato,28,29,0,35,-2,0.1333333333333333,0.0
2023-07-15,UFC Fight Night: Holm vs. Bueno Silva,Tyson Nam vs. Azat Maksum,Brian Puccillo,29,28,1,35,-2,0.1333333333333333,0.0
2023-07-15,UFC Fight Night: Holm vs. Bueno Silva,Tyson Nam vs. Azat Maksum,Chris Lee,28,29,0,35,-2,0.1333333333333333,0.0
2023-07-15,UFC Fight Night: Holm vs. Bueno Silva,Alexander Munoz vs. Carl Deaton,Mike Bell,30,26,1,7,3,3.9,1.0
2023-07-15,UFC Fight Night: Holm vs. Bueno Silva,Alexander Munoz vs. Carl Deaton,Derek Cleary,30,27,1,7,3,3.9,1.0
2023-07-15,UFC Fight Night: Holm vs. Bueno Silva,Alexander Munoz vs. Carl Deaton,Sal D'Amato,29,28,1,7,3,3.9,1.0
2023-07-15,UFC Fight Night: Holm vs. Bueno Silva,Ashlee Evans-Smith vs. Ailin Perez,Mike Bell,25,30,0,-48,-10,-11.466666666666667,0.0
2023-07-15,UFC Fight Night: Holm vs. Bueno Silva,Ashlee Evans-Smith vs. Ailin Perez,Derek Cleary,25,30,0,-48,-10,-11.466666666666667,0.0
2023-07-15,UFC Fight Night: Holm vs. Bueno Silva,Ashlee Evans-Smith vs. Ailin Perez,Brian Puccillo,26,30,0,-48,-10,-11.466666666666667,0.0
2023-07-08,UFC 290: Volkanovski vs. Rodriguez,Brandon Moreno vs. Alexandre Pantoja,Ben Cartlidge,49,46,1,18,-4,-4.416666666666667,-1.0
2023-07-08,UFC 290: Volkanovski vs. Rodriguez,Brandon Moreno vs. Alexandre Pantoja,Derek Cleary,47,48,0,18,-4,-4.416666666666667,-1.0
2023-07-08,UFC 290: Volkanovski vs. Rodriguez,Brandon Moreno vs. Alexandre Pantoja,Junichiro Kamijo,47,48,0,18,-4,-4.416666666666667,-1.0
2023-07-08,UFC 290: Volkanovski vs. Rodriguez,Jalin Turner vs. Dan Hooker,Derek Cleary,28,29,0,-25,1,-2.85,-1.0
2023-07-08,UFC 290: Volkanovski vs. Rodriguez,Jalin Turner vs. Dan Hooker,Adalaide Byrd,29,28,1,-25,1,-2.85,-1.0
2023-07-08,UFC 290: Volkanovski vs. Rodriguez,Jalin Turner vs. Dan Hooker,Ron McCarthy,28,29,0,-25,1,-2.85,-1.0
2023-07-08,UFC 290: Volkanovski vs. Rodriguez,Tatsuro Taira vs. Edgar Chairez,Adalaide Byrd,29,27,1,36,2,9.466666666666667,-1.0
2023-07-08,UFC 290: Volkanovski vs. Rodriguez,Tatsuro Taira vs. Edgar Chairez,Ben Cartlidge,29,27,1,36,2,9.466666666666667,-1.0
2023-07-08,UFC 290: Volkanovski vs. Rodriguez,Tatsuro Taira vs. Edgar Chairez,Derek Cleary,29,27,1,36,2,9.466666666666667,-1.0
2023-07-08,UFC 290: Volkanovski vs. Rodriguez,Kamuela Kirk vs. Esteban Ribovics,Sal D'Amato,28,29,0,-59,1,5.083333333333334,0.0
2023-07-08,UFC 290: Volkanovski vs. Rodriguez,Kamuela Kirk vs. Esteban Ribovics,Chris Lee,28,29,0,-59,1,5.083333333333334,0.0
2023-07-08,UFC 290: Volkanovski vs. Rodriguez,Kamuela Kirk vs. Esteban Ribovics,Ron McCarthy,28,29,0,-59,1,5.083333333333334,0.0
2023-07-01,UFC Fight Night: Strickland vs. Magomedov,Damir Ismagulov vs. Grant Dawson,Sal D'Amato,27,30,0,-17,-3,-12.266666666666667,0.0
2023-07-01,UFC Fight Night: Strickland vs. Magomedov,Damir Ismagulov vs. Grant Dawson,Chris Lee,27,30,0,-17,-3,-12.266666666666667,0.0
2023-07-01,UFC Fight Night: Strickland vs. Magomedov,Damir Ismagulov vs. Grant Dawson,Mike Bell,26,30,0,-17,-3,-12.266666666666667,0.0
2023-07-01,UFC Fight Night: Strickland vs. Magomedov,Max Griffin vs. Michael Morales,Eric Colon,28,29,0,-36,-1,1.716666666666667,0.0
2023-07-01,UFC Fight Night: Strickland vs. Magomedov,Max Griffin vs. Michael Morales,Junichiro Kamijo,28,29,0,-36,-1,1.716666666666667,0.0
2023-07-01,UFC Fight Night: Strickland vs. Magomedov,Max Griffin vs. Michael Morales,Ron McCarthy,28,29,0,-36,-1,1.716666666666667,0.0
2023-07-01,UFC Fight Night: Strickland vs. Magomedov,Ariane da Silva vs. Melissa Gatto,Adalaide Byrd,28,29,0,-19,1,-2.166666666666666,0.0
2023-07-01,UFC Fight Night: Strickland vs. Magomedov,Ariane da Silva vs. Melissa Gatto,Sal D'Amato,30,27,1,-19,1,-2.166666666666666,0.0
2023-07-01,UFC Fight Night: Strickland vs. Magomedov,Ariane da Silva vs. Melissa Gatto,Chris Lee,29,28,1,-19,1,-2.166666666666666,0.0
2023-07-01,UFC Fight Night: Strickland vs. Magomedov,Yana Santos vs. Karol Rosa,Chris Lee,28,29,0,29,-1,3.1999999999999993,0.0
2023-07-01,UFC Fight Night: Strickland vs. Magomedov,Yana Santos vs. Karol Rosa,Sal D'Amato,29,28,1,29,-1,3.1999999999999993,0.0
2023-07-01,UFC Fight Night: Strickland vs. Magomedov,Yana Santos vs. Karol Rosa,Ron McCarthy,28,29,0,29,-1,3.1999999999999993,0.0
2023-07-01,UFC Fight Night: Strickland vs. Magomedov,Ivana Petrovic vs. Luana Carolina,David Lethaby,28,29,0,-19,1,-1.5666666666666664,0.0
2023-07-01,UFC Fight Night: Strickland vs. Magomedov,Ivana Petrovic vs. Luana Carolina,Ron McCarthy,28,29,0,-19,1,-1.5666666666666664,0.0
2023-07-01,UFC Fight Night: Strickland vs. Magomedov,Ivana Petrovic vs. Luana Carolina,Tony Weeks,28,29,0,-19,1,-1.5666666666666664,0.0
2023-07-01,UFC Fight Night: Strickland vs. Magomedov,Alexandr Romanov vs. Blagoy Ivanov,Mike Bell,30,27,1,41,2,2.8833333333333337,0.0
2023-07-01,UFC Fight Night: Strickland vs. Magomedov,Alexandr Romanov vs. Blagoy Ivanov,Adalaide Byrd,30,27,1,41,2,2.8833333333333337,0.0
2023-07-01,UFC Fight Night: Strickland vs. Magomedov,Alexandr Romanov vs. Blagoy Ivanov,Sal D'Amato,30,27,1,41,2,2.8833333333333337,0.0
2023-06-24,UFC Fight Night: Emmett vs. Topuria,Josh Emmett vs. Ilia Topuria,Sal D'Amato,44,50,0,-65,-3,-3.583333333333333,-1.0
2023-06-24,UFC Fight Night: Emmett vs. Topuria,Josh Emmett vs. Ilia Topuria,Chris Lee,42,50,0,-65,-3,-3.583333333333333,-1.0
2023-06-24,UFC Fight Night: Emmett vs. Topuria,Josh Emmett vs. Ilia Topuria,Eric Colon,45,49,0,-65,-3,-3.583333333333333,-1.0
2023-06-24,UFC Fight Night: Emmett vs. Topuria,Neil Magny vs. Phil Rowe,Barry Luxenberg,29,28,1,-5,-1,-0.11666666666666714,0.0
2023-06-24,UFC Fight Night: Emmett vs. Topuria,Neil Magny vs. Phil Rowe,Chris Lee,28,29,0,-5,-1,-0.11666666666666714,0.0
2023-06-24,UFC Fight Night: Emmett vs. Topuria,Neil Magny vs. Phil Rowe,Sal D'Amato,29,28,1,-5,-1,-0.11666666666666714,0.0
2023-06-24,UFC Fight Night: Emmett vs. Topuria,Randy Brown vs. Wellington Turman,Barry Luxenberg,29,28,1,9,2,-0.2999999999999998,0.0
2023-06-24,UFC Fight Night: Emmett vs. Topuria,Randy Brown vs. Wellington Turman,Sal D'Amato,29,28,1,9,2,-0.2999999999999998,0.0
2023-06-24,UFC Fight Night: Emmett vs. Topuria,Randy Brown vs. Wellington Turman,Chris Lee,29,28,1,9,2,-0.2999999999999998,0.0
2023-06-24,UFC Fight Night: Emmett vs. Topuria,Tabatha Ricci vs. Gillian Robertson,Sal D'Amato,29,28,1,24,2,0.19999999999999996,0.0
2023-06-24,UFC Fight Night: Emmett vs. Topuria,Tabatha Ricci vs. Gillian Robertson,Barry Luxenberg,29,28,1,24,2,0.19999999999999996,0.0
2023-06-24,UFC Fight Night: Emmett vs. Topuria,Tabatha Ricci vs. Gillian Robertson,Chris Lee,30,27,1,24,2,0.19999999999999996,0.0
2023-06-24,UFC Fight Night: Emmett vs. Topuria,Zhalgas Zhumagulov vs. Joshua Van,Eric Colon,28,29,0,-17,1,1.1500000000000001,0.0
2023-06-24,UFC Fight Night: Emmett vs. Topuria,Zhalgas Zhumagulov vs. Joshua Van,Barry Luxenberg,29,28,1,-17,1,1.1500000000000001,0.0
2023-06-24,UFC Fight Night: Emmett vs. Topuria,Zhalgas Zhumagulov vs. Joshua Van,Sal D'Amato,28,29,0,-17,1,1.1500000000000001,0.0
2023-06-24,UFC Fight Night: Emmett vs. Topuria,Trevor Peek vs. Chepe Mariscal,Derek Cleary,27,30,0,-20,-4,-4.1,0.0
2023-06-24,UFC Fight Night: Emmett vs. Topuria,Trevor Peek vs. Chepe Mariscal,Troy Wincapaw,27,30,0,-20,-4,-4.1,0.0
2023-06-24,UFC Fight Night: Emmett vs. Topuria,Trevor Peek vs. Chepe Mariscal,Chris Lee,27,30,0,-20,-4,-4.1,0.0
2023-06-24,UFC Fight Night: Emmett vs. Topuria,Jamall Emmers vs. Jack Jenkins,Troy Wincapaw,30,27,1,-2,0,4.033333333333334,0.0
2023-06-24,UFC Fight Night: Emmett vs. Topuria,Jamall Emmers vs. Jack Jenkins,Chris Lee,28,29,0,-2,0,4.033333333333334,0.0
2023-06-24,UFC Fight Night: Emmett vs. Topuria,Jamall Emmers vs. Jack Jenkins,Sal D'Amato,28,29,0,-2,0,4.033333333333334,0.0
2023-06-24,UFC Fight Night: Emmett vs. Topuria,Cody Brundage vs. Sedriques Dumas,Troy Wincapaw,27,30,0,-14,2,-9.25,0.0
2023-06-24,UFC Fight Night: Emmett vs. Topuria,Cody Brundage vs. Sedriques Dumas,Eric Colon,28,29,0,-14,2,-9.25,0.0
2023-06-24,UFC Fight Night: Emmett vs. Topuria,Cody Brundage vs. Sedriques Dumas,Derek Cleary,27,30,0,-14,2,-9.25,0.0
2023-06-17,UFC Fight Night: Vettori vs. Cannonier,Marvin Vettori vs. Jared Cannonier,Mike Bell,45,49,0,-88,-3,-2.65,0.0
2023-06-17,UFC Fight Night: Vettori vs. Cannonier,Marvin Vettori vs. Jared Cannonier,Ben Cartlidge,45,49,0,-88,-3,-2.65,0.0
2023-06-17,UFC Fight Night: Vettori vs. Cannonier,Marvin Vettori vs. Jared Cannonier,Sal D'Amato,46,48,0,-88,-3,-2.65,0.0
2023-06-17,UFC Fight Night: Vettori vs. Cannonier,Armen Petrosyan vs. Christian Leroy Duncan,Tony Weeks,30,27,1,30,1,2.1999999999999997,0.0
2023-06-17,UFC Fight Night: Vettori vs. Cannonier,Armen Petrosyan vs. Christian Leroy Duncan,Derek Cleary,29,28,1,30,1,2.1999999999999997,0.0
2023-06-17,UFC Fight Night: Vettori vs. Cannonier,Armen Petrosyan vs. Christian Leroy Duncan,Sal D'Amato,29,28,1,30,1,2.1999999999999997,0.0
2023-06-17,UFC Fight Night: Vettori vs. Cannonier,Nicolas Dalby vs. Muslim Salikhov,Derek Cleary,30,27,1,29,0,5.683333333333333,0.0
2023-06-17,UFC Fight Night: Vettori vs. Cannonier,Nicolas Dalby vs. Muslim Salikhov,Sal D'Amato,30,27,1,29,0,5.683333333333333,0.0
2023-06-17,UFC Fight Night: Vettori vs. Cannonier,Nicolas Dalby vs. Muslim Salikhov,Mike Bell,29,28,1,29,0,5.683333333333333,0.0
2023-06-17,UFC Fight Night: Vettori vs. Cannonier,Carlos Hernandez vs. Denys Bondar,Technical decision after clash of headsBen Cartlidge,30,27,1,26,0,0.1833333333333334,0.0
2023-06-17,UFC Fight Night: Vettori vs. Cannonier,Carlos Hernandez vs. Denys Bondar,Anthony Maness,30,27,1,26,0,0.1833333333333334,0.0
2023-06-17,UFC Fight Night: Vettori vs. Cannonier,Carlos Hernandez vs. Denys Bondar,Junichiro Kamijo,29,28,1,26,0,0.1833333333333334,0.0
2023-06-17,UFC Fight Night: Vettori vs. Cannonier,Tereza Bleda vs. Gabriella Fernandes,Mike Bell,30,27,1,34,3,10.683333333333334,0.0
2023-06-17,UFC Fight Night: Vettori vs. Cannonier,Tereza Bleda vs. Gabriella Fernandes,Sal D'Amato,30,27,1,34,3,10.683333333333334,0.0
2023-06-17,UFC Fight Night: Vettori vs. Cannonier,Tereza Bleda vs. Gabriella Fernandes,Tony Weeks,30,27,1,34,3,10.683333333333334,0.0
2023-06-17,UFC Fight Night: Vettori vs. Cannonier,Zac Pauga vs. Modestas Bukauskas,Anthony Maness,27,30,0,11,1,0.9500000000000004,0.0
2023-06-17,UFC Fight Night: Vettori vs. Cannonier,Zac Pauga vs. Modestas Bukauskas,Derek Cleary,28,29,0,11,1,0.9500000000000004,0.0
2023-06-17,UFC Fight Night: Vettori vs. Cannonier,Zac Pauga vs. Modestas Bukauskas,Sal D'Amato,28,29,0,11,1,0.9500000000000004,0.0
2023-06-10,UFC 289: Nunes vs. Aldana,Amanda Nunes vs. Irene Aldana,Sal D'Amato,50,44,1,101,6,6.833333333333333,0.0
2023-06-10,UFC 289: Nunes vs. Aldana,Amanda Nunes vs. Irene Aldana,Mike Bell,50,44,1,101,6,6.833333333333333,0.0
2023-06-10,UFC 289: Nunes vs. Aldana,Amanda Nunes vs. Irene Aldana,Chris Lee,50,43,1,101,6,6.833333333333333,0.0
2023-06-10,UFC 289: Nunes vs. Aldana,Dan Ige vs. Nate Landwehr,Chris Lee,30,27,1,14,0,0.25,1.0
2023-06-10,UFC 289: Nunes vs. Aldana,Dan Ige vs. Nate Landwehr,Sal D'Amato,29,28,1,14,0,0.25,1.0
2023-06-10,UFC 289: Nunes vs. Aldana,Dan Ige vs. Nate Landwehr,Mike Bell,29,28,1,14,0,0.25,1.0
2023-06-10,UFC 289: Nunes vs. Aldana,Marc-Andre Barriault vs. Eryk Anders,Sal D'Amato,30,27,1,12,-1,-2.6333333333333333,1.0
2023-06-10,UFC 289: Nunes vs. Aldana,Marc-Andre Barriault vs. Eryk Anders,Mike Bell,30,27,1,12,-1,-2.6333333333333333,1.0
2023-06-10,UFC 289: Nunes vs. Aldana,Marc-Andre Barriault vs. Eryk Anders,Chris Lee,30,27,1,12,-1,-2.6333333333333333,1.0
2023-06-10,UFC 289: Nunes vs. Aldana,Miranda Maverick vs. Jasmine Jasudavicius,Sal D'Amato,28,29,0,-4,-1,-7.466666666666667,0.0
2023-06-10,UFC 289: Nunes vs. Aldana,Miranda Maverick vs. Jasmine Jasudavicius,Sal Ram,28,29,0,-4,-1,-7.466666666666667,0.0
2023-06-10,UFC 289: Nunes vs. Aldana,Miranda Maverick vs. Jasmine Jasudavicius,Chris Lee,28,29,0,-4,-1,-7.466666666666667,0.0
2023-06-10,UFC 289: Nunes vs. Aldana,Kyle Nelson vs. Blake Bilder,Jerin Valel,30,27,1,14,0,-0.3999999999999999,0.0
2023-06-10,UFC 289: Nunes vs. Aldana,Kyle Nelson vs. Blake Bilder,Mike Bell,30,27,1,14,0,-0.3999999999999999,0.0
2023-06-10,UFC 289: Nunes vs. Aldana,Kyle Nelson vs. Blake Bilder,Jason Darrah,29,28,1,14,0,-0.3999999999999999,0.0
2023-06-10,UFC 289: Nunes vs. Aldana,David Dvorak vs. Steve Erceg,Sal D'Amato,28,29,0,-1,-2,0.4666666666666668,0.0
2023-06-10,UFC 289: Nunes vs. Aldana,David Dvorak vs. Steve Erceg,Jake Maxim,28,29,0,-1,-2,0.4666666666666668,0.0
2023-06-10,UFC 289: Nunes vs. Aldana,David Dvorak vs. Steve Erceg,Jerin Valel,27,30,0,-1,-2,0.4666666666666668,0.0
2023-06-10,UFC 289: Nunes vs. Aldana,Diana Belbita vs. Maria Oliveira,Jerin Valel,30,27,1,42,-1,-2.0333333333333328,0.0
2023-06-10,UFC 289: Nunes vs. Aldana,Diana Belbita vs. Maria Oliveira,Jason Darrah,30,27,1,42,-1,-2.0333333333333328,0.0
2023-06-10,UFC 289: Nunes vs. Aldana,Diana Belbita vs. Maria Oliveira,Chris Lee,29,28,1,42,-1,-2.0333333333333328,0.0
2023-06-03,UFC Fight Night: Kara-France vs. Albazi,Kai Kara-France vs. Amir Albazi,Chris Lee,47,48,0,56,1,-5.199999999999999,0.0
2023-06-03,UFC Fight Night: Kara-France vs. Albazi,Kai Kara-France vs. Amir Albazi,Mike Bell,48,47,1,56,1,-5.199999999999999,0.0
2023-06-03,UFC Fight Night: Kara-France vs. Albazi,Kai Kara-France vs. Amir Albazi,Sal D'Amato,47,48,0,56,1,-5.199999999999999,0.0
2023-06-03,UFC Fight Night: Kara-France vs. Albazi,Alex Caceres vs. Daniel Pineda,Ron McCarthy,29,28,1,33,-2,0.4833333333333334,0.0
2023-06-03,UFC Fight Night: Kara-France vs. Albazi,Alex Caceres vs. Daniel Pineda,Junichiro Kamijo,29,28,1,33,-2,0.4833333333333334,0.0
2023-06-03,UFC Fight Night: Kara-France vs. Albazi,Alex Caceres vs. Daniel Pineda,Derek Cleary,29,28,1,33,-2,0.4833333333333334,0.0
2023-06-03,UFC Fight Night: Kara-France vs. Albazi,Tim Elliott vs. Victor Altamirano,Ron McCarthy,30,27,1,9,5,10.15,0.0
2023-06-03,UFC Fight Night: Kara-France vs. Albazi,Tim Elliott vs. Victor Altamirano,Derek Cleary,30,27,1,9,5,10.15,0.0
2023-06-03,UFC Fight Night: Kara-France vs. Albazi,Tim Elliott vs. Victor Altamirano,Chris Lee,29,28,1,9,5,10.15,0.0
2023-06-03,UFC Fight Night: Kara-France vs. Albazi,Abubakar Nurmagomedov vs. Elizeu Zaleski dos Santos,Derek Cleary,29,28,1,-13,1,6.016666666666667,0.0
2023-06-03,UFC Fight Night: Kara-France vs. Albazi,Abubakar Nurmagomedov vs. Elizeu Zaleski dos Santos,Bryan Miner,28,29,0,-13,1,6.016666666666667,0.0
2023-06-03,UFC Fight Night: Kara-France vs. Albazi,Abubakar Nurmagomedov vs. Elizeu Zaleski dos Santos,Ron McCarthy,28,29,0,-13,1,6.016666666666667,0.0
2023-06-03,UFC Fight Night: Kara-France vs. Albazi,Daniel Santos vs. Johnny Munoz,Tony Weeks,29,27,1,32,2,9.466666666666667,0.0
2023-06-03,UFC Fight Night: Kara-France vs. Albazi,Daniel Santos vs. Johnny Munoz,Chris Lee,29,27,1,32,2,9.466666666666667,0.0
2023-06-03,UFC Fight Night: Kara-France vs. Albazi,Daniel Santos vs. Johnny Munoz,Sal D'Amato,29,27,1,32,2,9.466666666666667,0.0
2023-06-03,UFC Fight Night: Kara-France vs. Albazi,John Castaneda vs. Muin Gafurov,Tony Weeks,29,27,1,-21,3,2.3499999999999996,1.0
2023-06-03,UFC Fight Night: Kara-France vs. Albazi,John Castaneda vs. Muin Gafurov,Chris Lee,29,27,1,-21,3,2.3499999999999996,1.0
2023-06-03,UFC Fight Night: Kara-France vs. Albazi,John Castaneda vs. Muin Gafurov,Junichiro Kamijo,29,27,1,-21,3,2.3499999999999996,1.0
2023-06-03,UFC Fight Night: Kara-France vs. Albazi,Elise Reed vs. Jinh Yu Frey,Bryan Miner,29,28,1,25,-3,-2.666666666666667,0.0
2023-06-03,UFC Fight Night: Kara-France vs. Albazi,Elise Reed vs. Jinh Yu Frey,Ron McCarthy,29,28,1,25,-3,-2.666666666666667,0.0
2023-06-03,UFC Fight Night: Kara-France vs. Albazi,Elise Reed vs. Jinh Yu Frey,Mike Bell,29,28,1,25,-3,-2.666666666666667,0.0
2023-06-03,UFC Fight Night: Kara-France vs. Albazi,Philipe Lins vs. Maxim Grishin,Derek Cleary,29,28,1,4,1,7.800000000000001,0.0
2023-06-03,UFC Fight Night: Kara-France vs. Albazi,Philipe Lins vs. Maxim Grishin,Mike Bell,29,28,1,4,1,7.800000000000001,0.0
2023-06-03,UFC Fight Night: Kara-France vs. Albazi,Philipe Lins vs. Maxim Grishin,Adalaide Byrd,30,27,1,4,1,7.800000000000001,0.0
2023-05-20,UFC Fight Night: Dern vs. Hill,Mackenzie Dern vs. Angela Hill,Ron McCarthy,49,43,1,60,3,6.016666666666667,1.0
2023-05-20,UFC Fight Night: Dern vs. Hill,Mackenzie Dern vs. Angela Hill,Sal D'Amato,49,44,1,60,3,6.016666666666667,1.0
2023-05-20,UFC Fight Night: Dern vs. Hill,Mackenzie Dern vs. Angela Hill,Mike Bell,49,44,1,60,3,6.016666666666667,1.0
2023-05-20,UFC Fight Night: Dern vs. Hill,Emily Ducote vs. Loopy Godinez,Mike Bell,27,30,0,-20,-1,-0.033333333333333354,0.0
2023-05-20,UFC Fight Night: Dern vs. Hill,Emily Ducote vs. Loopy Godinez,Junichiro Kamijo,28,29,0,-20,-1,-0.033333333333333354,0.0
2023-05-20,UFC Fight Night: Dern vs. Hill,Emily Ducote vs. Loopy Godinez,Ron McCarthy,28,29,0,-20,-1,-0.033333333333333354,0.0
2023-05-20,UFC Fight Night: Dern vs. Hill,Karolina Kowalkiewicz vs. Vanessa Demopoulos,Mike Bell,30,27,1,71,0,1.8666666666666667,0.0
2023-05-20,UFC Fight Night: Dern vs. Hill,Karolina Kowalkiewicz vs. Vanessa Demopoulos,Derek Cleary,30,27,1,71,0,1.8666666666666667,0.0
2023-05-20,UFC Fight Night: Dern vs. Hill,Ilir Latifi vs. Rodrigo Nascimento,Derek Cleary,28,29,0,-19,2,3.8333333333333335,0.0
2023-05-20,UFC Fight Night: Dern vs. Hill,Ilir Latifi vs. Rodrigo Nascimento,Jacob Montalvo,29,28,1,-19,2,3.8333333333333335,0.0
2023-05-20,UFC Fight Night: Dern vs. Hill,Ilir Latifi vs. Rodrigo Nascimento,Sal D'Amato,28,29,0,-19,2,3.8333333333333335,0.0
2023-05-20,UFC Fight Night: Dern vs. Hill,Chase Hooper vs. Nick Fiore,Junichiro Kamijo,30,26,1,98,-3,-0.8833333333333329,0.0
2023-05-20,UFC Fight Night: Dern vs. Hill,Chase Hooper vs. Nick Fiore,Mike Bell,30,27,1,98,-3,-0.8833333333333329,0.0
2023-05-20,UFC Fight Night: Dern vs. Hill,Chase Hooper vs. Nick Fiore,Tony Weeks,30,27,1,98,-3,-0.8833333333333329,0.0
2023-05-20,UFC Fight Night: Dern vs. Hill,Takashi Sato vs. Themba Gorimbo,Mike Bell,27,30,0,-3,-1,-8.9,-1.0
2023-05-20,UFC Fight Night: Dern vs. Hill,Takashi Sato vs. Themba Gorimbo,Junichiro Kamijo,27,30,0,-3,-1,-8.9,-1.0
2023-05-20,UFC Fight Night: Dern vs. Hill,Takashi Sato vs. Themba Gorimbo,Tony Weeks,27,30,0,-3,-1,-8.9,-1.0
2023-05-13,UFC Fight Night: Rozenstruik vs. Almeida,Anthony Smith vs. Johnny Walker,Brian Puccillo,28,29,0,-54,0,0.8333333333333334,0.0
2023-05-13,UFC Fight Night: Rozenstruik vs. Almeida,Anthony Smith vs. Johnny Walker,Mike Bell,27,30,0,-54,0,0.8333333333333334,0.0
2023-05-13,UFC Fight Night: Rozenstruik vs. Almeida,Anthony Smith vs. Johnny Walker,Junichiro Kamijo,27,30,0,-54,0,0.8333333333333334,0.0
2023-05-13,UFC Fight Night: Rozenstruik vs. Almeida,Karl Williams vs. Chase Sherman,Bobby Harris,30,27,1,16,1,2.3833333333333333,0.0
2023-05-13,UFC Fight Night: Rozenstruik vs. Almeida,Karl Williams vs. Chase Sherman,Andrew Hopper Jr,30,27,1,16,1,2.3833333333333333,0.0
2023-05-13,UFC Fight Night: Rozenstruik vs. Almeida,Karl Williams vs. Chase Sherman,Junichiro Kamijo,29,28,1,16,1,2.3833333333333333,0.0
2023-05-13,UFC Fight Night: Rozenstruik vs. Almeida,Cody Stamann vs. Douglas Silva de Andrade,Bobby Harris,28,29,0,-7,1,1.9833333333333332,1.0
2023-05-13,UFC Fight Night: Rozenstruik vs. Almeida,Cody Stamann vs. Douglas Silva de Andrade,Andrew Hopper Jr,28,29,0,-7,1,1.9833333333333332,1.0
2023-05-13,UFC Fight Night: Rozenstruik vs. Almeida,Cody Stamann vs. Douglas Silva de Andrade,Pedro Claudio,28,29,0,-7,1,1.9833333333333332,1.0
2023-05-13,UFC Fight Night: Rozenstruik vs. Almeida,Ji Yeon Kim vs. Mandy Bohm,technical decision after accidental foulMike Bell,27,28,0,-7,-2,1.6500000000000004,0.0
2023-05-13,UFC Fight Night: Rozenstruik vs. Almeida,Ji Yeon Kim vs. Mandy Bohm,Bobby Harris,28,27,1,-7,-2,1.6500000000000004,0.0
2023-05-13,UFC Fight Night: Rozenstruik vs. Almeida,Ji Yeon Kim vs. Mandy Bohm,Junichiro Kamijo,27,28,0,-7,-2,1.6500000000000004,0.0
2023-05-06,UFC 288: Sterling vs. Cejudo,Aljamain Sterling vs. Henry Cejudo,Derek Cleary,48,47,1,36,1,-1.1000000000000005,0.0
2023-05-06,UFC 288: Sterling vs. Cejudo,Aljamain Sterling vs. Henry Cejudo,Mike Bell,47,48,0,36,1,-1.1000000000000005,0.0
2023-05-06,UFC 288: Sterling vs. Cejudo,Aljamain Sterling vs. Henry Cejudo,Eric Colon,48,47,1,36,1,-1.1000000000000005,0.0
2023-05-06,UFC 288: Sterling vs. Cejudo,Belal Muhammad vs. Gilbert Burns,Mike Bell,50,45,1,51,0,0.0,0.0
2023-05-06,UFC 288: Sterling vs. Cejudo,Belal Muhammad vs. Gilbert Burns,Derek Cleary,49,46,1,51,0,0.0,0.0
2023-05-06,UFC 288: Sterling vs. Cejudo,Belal Muhammad vs. Gilbert Burns,Eric Colon,49,46,1,51,0,0.0,0.0
2023-05-06,UFC 288: Sterling vs. Cejudo,Movsar Evloev vs. Diego Lopes,Derek Cleary,29,28,1,51,4,7.816666666666666,0.0
2023-05-06,UFC 288: Sterling vs. Cejudo,Movsar Evloev vs. Diego Lopes,Eric Colon,29,28,1,51,4,7.816666666666666,0.0
2023-05-06,UFC 288: Sterling vs. Cejudo,Movsar Evloev vs. Diego Lopes,Dave Tirelli,30,27,1,51,4,7.816666666666666,0.0
2023-05-06,UFC 288: Sterling vs. Cejudo,Kron Gracie vs. Charles Jourdain,Derek Cleary,27,30,0,-48,0,-6.083333333333333,0.0
2023-05-06,UFC 288: Sterling vs. Cejudo,Kron Gracie vs. Charles Jourdain,Eric Colon,27,30,0,-48,0,-6.083333333333333,0.0
2023-05-06,UFC 288: Sterling vs. Cejudo,Kron Gracie vs. Charles Jourdain,Dave Tirelli,27,30,0,-48,0,-6.083333333333333,0.0
2023-05-06,UFC 288: Sterling vs. Cejudo,Khaos Williams vs. Rolando Bedoya,Mike Bell,29,28,1,-19,0,1.1,0.0
2023-05-06,UFC 288: Sterling vs. Cejudo,Khaos Williams vs. Rolando Bedoya,Dominic Carolei,29,28,1,-19,0,1.1,0.0
2023-05-06,UFC 288: Sterling vs. Cejudo,Khaos Williams vs. Rolando Bedoya,Derek Cleary,27,30,0,-19,0,1.1,0.0
2023-05-06,UFC 288: Sterling vs. Cejudo,Marina Rodriguez vs. Virna Jandiroba,Mike Bell,28,29,0,6,-3,-11.95,0.0
2023-05-06,UFC 288: Sterling vs. Cejudo,Marina Rodriguez vs. Virna Jandiroba,Dominic Carolei,28,29,0,6,-3,-11.95,0.0
2023-05-06,UFC 288: Sterling vs. Cejudo,Marina Rodriguez vs. Virna Jandiroba,Maimunah Querido,27,30,0,6,-3,-11.95,0.0
2023-04-29,UFC Fight Night: Song vs. Simon,Marcos Rogerio de Lima vs. Waldo Cortes Acosta,Mike Bell,29,28,1,-23,3,4.45,0.0
2023-04-29,UFC Fight Night: Song vs. Simon,Marcos Rogerio de Lima vs. Waldo Cortes Acosta,Eric Colon,29,28,1,-23,3,4.45,0.0
2023-04-29,UFC Fight Night: Song vs. Simon,Marcos Rogerio de Lima vs. Waldo Cortes Acosta,Anthony Maness,29,28,1,-23,3,4.45,0.0
2023-04-29,UFC Fight Night: Song vs. Simon,Josh Quinlan vs. Trey Waters,Eric Colon,27,30,0,-54,0,0.45000000000000007,0.0
2023-04-29,UFC Fight Night: Song vs. Simon,Josh Quinlan vs. Trey Waters,Chris Lee,27,30,0,-54,0,0.45000000000000007,0.0
2023-04-29,UFC Fight Night: Song vs. Simon,Josh Quinlan vs. Trey Waters,Tony Weeks,27,30,0,-54,0,0.45000000000000007,0.0
2023-04-29,UFC Fight Night: Song vs. Simon,Martin Buday vs. Jake Collier,Sal D'Amato,29,28,1,4,0,-2.7666666666666675,0.0
2023-04-29,UFC Fight Night: Song vs. Simon,Martin Buday vs. Jake Collier,Junichiro Kamijo,29,28,1,4,0,-2.7666666666666675,0.0
2023-04-29,UFC Fight Night: Song vs. Simon,Martin Buday vs. Jake Collier,Anthony Maness,29,28,1,4,0,-2.7666666666666675,0.0
2023-04-29,UFC Fight Night: Song vs. Simon,Cody Durden vs. Charles Johnson,Mike Bell,30,27,1,4,11,9.416666666666668,0.0
2023-04-29,UFC Fight Night: Song vs. Simon,Cody Durden vs. Charles Johnson,Adalaide Byrd,30,27,1,4,11,9.416666666666668,0.0
2023-04-29,UFC Fight Night: Song vs. Simon,Cody Durden vs. Charles Johnson,Sal D'Amato,30,27,1,4,11,9.416666666666668,0.0
2023-04-29,UFC Fight Night: Song vs. Simon,Hailey Cowan vs. Jamey-Lyn Horth,Junichiro Kamijo,28,29,0,-13,2,3.7166666666666672,0.0
2023-04-29,UFC Fight Night: Song vs. Simon,Hailey Cowan vs. Jamey-Lyn Horth,Anthony Maness,28,29,0,-13,2,3.7166666666666672,0.0
2023-04-29,UFC Fight Night: Song vs. Simon,Hailey Cowan vs. Jamey-Lyn Horth,Ron McCarthy,28,29,0,-13,2,3.7166666666666672,0.0
2023-04-22,UFC Fight Night: Pavlovich vs. Blaydes,Iasmin Lucindo vs. Brogan Walker,Adalaide Byrd,30,27,1,24,4,-0.30000000000000004,0.0
2023-04-22,UFC Fight Night: Pavlovich vs. Blaydes,Iasmin Lucindo vs. Brogan Walker,Chris Lee,30,27,1,24,4,-0.30000000000000004,0.0
2023-04-22,UFC Fight Night: Pavlovich vs. Blaydes,Iasmin Lucindo vs. Brogan Walker,Ron McCarthy,30,27,1,24,4,-0.30000000000000004,0.0
2023-04-22,UFC Fight Night: Pavlovich vs. Blaydes,Jeremiah Wells vs. Matthew Semelsberger,Eric Colon,30,27,1,16,6,9.716666666666665,-2.0
2023-04-22,UFC Fight Night: Pavlovich vs. Blaydes,Jeremiah Wells vs. Matthew Semelsberger,Rick Winter,28,29,0,16,6,9.716666666666665,-2.0
2023-04-22,UFC Fight Night: Pavlovich vs. Blaydes,Jeremiah Wells vs. Matthew Semelsberger,Junichiro Kamijo,30,27,1,16,6,9.716666666666665,-2.0
2023-04-22,UFC Fight Night: Pavlovich vs. Blaydes,Karol Rosa vs. Norma Dumont,Ben Cartlidge,28,29,0,-2,-1,-1.6833333333333336,1.0
2023-04-22,UFC Fight Night: Pavlovich vs. Blaydes,Karol Rosa vs. Norma Dumont,Junichiro Kamijo,28,29,0,-2,-1,-1.6833333333333336,1.0
2023-04-22,UFC Fight Night: Pavlovich vs. Blaydes,Karol Rosa vs. Norma Dumont,Ron McCarthy,28,29,0,-2,-1,-1.6833333333333336,1.0
2023-04-22,UFC Fight Night: Pavlovich vs. Blaydes,Mohammed Usman vs. Junior Tafa,Junichiro Kamijo,29,28,1,-15,2,12.05,0.0
2023-04-22,UFC Fight Night: Pavlovich vs. Blaydes,Mohammed Usman vs. Junior Tafa,Jacob Montalvo,29,28,1,-15,2,12.05,0.0
2023-04-22,UFC Fight Night: Pavlovich vs. Blaydes,Mohammed Usman vs. Junior Tafa,Rick Winter,29,28,1,-15,2,12.05,0.0
2023-04-22,UFC Fight Night: Pavlovich vs. Blaydes,Francis Marshall vs. William Gomis,Adalaide Byrd,28,29,0,-12,2,4.05,0.0
2023-04-22,UFC Fight Night: Pavlovich vs. Blaydes,Francis Marshall vs. William Gomis,Ben Cartlidge,29,28,1,-12,2,4.05,0.0
2023-04-22,UFC Fight Night: Pavlovich vs. Blaydes,Francis Marshall vs. William Gomis,Eric Colon,28,29,0,-12,2,4.05,0.0
2023-04-15,UFC Fight Night: Holloway vs. Allen,Max Holloway vs. Arnold Allen,Chris Lee,49,46,1,71,0,-0.6499999999999999,0.0
2023-04-15,UFC Fight Night: Holloway vs. Allen,Max Holloway vs. Arnold Allen,Sal D'Amato,49,46,1,71,0,-0.6499999999999999,0.0
2023-04-15,UFC Fight Night: Holloway vs. Allen,Max Holloway vs. Arnold Allen,Travis Buesking,48,47,1,71,0,-0.6499999999999999,0.0
2023-04-15,UFC Fight Night: Holloway vs. Allen,Dustin Jacoby vs. Azamat Murzakanov,Sal D'Amato,28,29,0,-3,0,2.833333333333333,-1.0
2023-04-15,UFC Fight Night: Holloway vs. Allen,Dustin Jacoby vs. Azamat Murzakanov,Brian Puccillo,28,29,0,-3,0,2.833333333333333,-1.0
2023-04-15,UFC Fight Night: Holloway vs. Allen,Dustin Jacoby vs. Azamat Murzakanov,Ross Swanberg,28,29,0,-3,0,2.833333333333333,-1.0
2023-04-15,UFC Fight Night: Holloway vs. Allen,Pedro Munhoz vs. Chris Gutierrez,Brian Puccillo,30,27,1,-17,0,2.8,1.0
2023-04-15,UFC Fight Night: Holloway vs. Allen,Pedro Munhoz vs. Chris Gutierrez,Travis Buesking,30,27,1,-17,0,2.8,1.0
2023-04-15,UFC Fight Night: Holloway vs. Allen,Pedro Munhoz vs. Chris Gutierrez,Henry Guery,30,27,1,-17,0,2.8,1.0
2023-04-15,UFC Fight Night: Holloway vs. Allen,Clay Guida vs. Rafa Garcia,Chris Lee,27,30,0,-78,0,-0.3333333333333333,0.0
2023-04-15,UFC Fight Night: Holloway vs. Allen,Clay Guida vs. Rafa Garcia,Sal D'Amato,27,30,0,-78,0,-0.3333333333333333,0.0
2023-04-15,UFC Fight Night: Holloway vs. Allen,Clay Guida vs. Rafa Garcia,Ross Swanberg,27,30,0,-78,0,-0.3333333333333333,0.0
2023-04-15,UFC Fight Night: Holloway vs. Allen,Lando Vannata vs. Daniel Zellhuber,Sal D'Amato,27,29,0,-27,0,-1.6333333333333333,-1.0
2023-04-15,UFC Fight Night: Holloway vs. Allen,Lando Vannata vs. Daniel Zellhuber,David Huyette,28,29,0,-27,0,-1.6333333333333333,-1.0
2023-04-15,UFC Fight Night: Holloway vs. Allen,Lando Vannata vs. Daniel Zellhuber,Travis Buesking,27,30,0,-27,0,-1.6333333333333333,-1.0
2023-04-15,UFC Fight Night: Holloway vs. Allen,Aaron Phillips vs. Gaston Bolanos,Travis Buesking,28,29,0,-46,3,4.416666666666668,0.0
2023-04-15,UFC Fight Night: Holloway vs. Allen,Aaron Phillips vs. Gaston Bolanos,Ross Swanberg,27,30,0,-46,3,4.416666666666668,0.0
2023-04-15,UFC Fight Night: Holloway vs. Allen,Aaron Phillips vs. Gaston Bolanos,Henry Guery,27,30,0,-46,3,4.416666666666668,0.0
2023-04-15,UFC Fight Night: Holloway vs. Allen,Joselyne Edwards vs. Lucie Pudilova,Ross Swanberg,29,28,1,17,-2,-6.999999999999999,0.0
2023-04-15,UFC Fight Night: Holloway vs. Allen,Joselyne Edwards vs. Lucie Pudilova,Henry Guery,28,29,0,17,-2,-6.999999999999999,0.0
2023-04-15,UFC Fight Night: Holloway vs. Allen,Joselyne Edwards vs. Lucie Pudilova,David Huyette,29,28,1,17,-2,-6.999999999999999,0.0
2023-04-08,UFC 287: Pereira vs. Adesanya 2,Gilbert Burns vs. Jorge Masvidal,Dave Tirelli,30,27,1,3,4,5.6,0.0
2023-04-08,UFC 287: Pereira vs. Adesanya 2,Gilbert Burns vs. Jorge Masvidal,Chris Lee,30,27,1,3,4,5.6,0.0
2023-04-08,UFC 287: Pereira vs. Adesanya 2,Gilbert Burns vs. Jorge Masvidal,Eric Colon,29,28,1,3,4,5.6,0.0
2023-04-08,UFC 287: Pereira vs. Adesanya 2,Raul Rosas Jr. vs. Christian Rodriguez,Chris Lee,28,29,0,-27,2,-2.666666666666667,0.0
2023-04-08,UFC 287: Pereira vs. Adesanya 2,Raul Rosas Jr. vs. Christian Rodriguez,Sal D'Amato,28,29,0,-27,2,-2.666666666666667,0.0
2023-04-08,UFC 287: Pereira vs. Adesanya 2,Raul Rosas Jr. vs. Christian Rodriguez,Dave Tirelli,28,29,0,-27,2,-2.666666666666667,0.0
2023-04-08,UFC 287: Pereira vs. Adesanya 2,Chris Curtis vs. Kelvin Gastelum,Eric Colon,28,29,0,-13,0,-1.3333333333333335,0.0
2023-04-08,UFC 287: Pereira vs. Adesanya 2,Chris Curtis vs. Kelvin Gastelum,Derek Cleary,28,29,0,-13,0,-1.3333333333333335,0.0
2023-04-08,UFC 287: Pereira vs. Adesanya 2,Chris Curtis vs. Kelvin Gastelum,MichaelTate,27,30,0,-13,0,-1.3333333333333335,0.0
2023-04-08,UFC 287: Pereira vs. Adesanya 2,Michelle Waterson-Gomez vs. Luana Pinheiro,Eric Colon,29,28,1,17,1,-0.40000000000000013,0.0
2023-04-08,UFC 287: Pereira vs. Adesanya 2,Michelle Waterson-Gomez vs. Luana Pinheiro,Chris Lee,28,29,0,17,1,-0.40000000000000013,0.0
2023-04-08,UFC 287: Pereira vs. Adesanya 2,Michelle Waterson-Gomez vs. Luana Pinheiro,Eliseo Rodriguez,28,29,0,17,1,-0.40000000000000013,0.0
2023-04-08,UFC 287: Pereira vs. Adesanya 2,Cynthia Calvillo vs. Loopy Godinez,Eliseo Rodriguez,28,29,0,17,1,1.2333333333333334,0.0
2023-04-08,UFC 287: Pereira vs. Adesanya 2,Cynthia Calvillo vs. Loopy Godinez,Eric Colon,29,28,1,17,1,1.2333333333333334,0.0
2023-04-08,UFC 287: Pereira vs. Adesanya 2,Cynthia Calvillo vs. Loopy Godinez,Dave Tirelli,27,30,0,17,1,1.2333333333333334,0.0
2023-04-08,UFC 287: Pereira vs. Adesanya 2,Ignacio Bahamondes vs. Trey Ogden,Troy Wincapaw,30,27,1,57,0,0.0,0.0
2023-04-08,UFC 287: Pereira vs. Adesanya 2,Ignacio Bahamondes vs. Trey Ogden,Sal D'Amato,30,27,1,57,0,0.0,0.0
2023-04-08,UFC 287: Pereira vs. Adesanya 2,Ignacio Bahamondes vs. Trey Ogden,Derek Cleary,29,28,1,57,0,0.0,0.0
2023-04-08,UFC 287: Pereira vs. Adesanya 2,Jaqueline Amorim vs. Sam Hughes,Eliseo Rodriguez,28,29,0,-34,1,-3.3333333333333335,0.0
2023-04-08,UFC 287: Pereira vs. Adesanya 2,Jaqueline Amorim vs. Sam Hughes,Sal D'Amato,28,29,0,-34,1,-3.3333333333333335,0.0
2023-04-08,UFC 287: Pereira vs. Adesanya 2,Jaqueline Amorim vs. Sam Hughes,Eric Colon,28,29,0,-34,1,-3.3333333333333335,0.0
2023-03-25,UFC Fight Night: Vera vs. Sandhagen,Marlon Vera vs. Cory Sandhagen,Joel Ojeda,48,47,1,-70,-3,-6.983333333333333,0.0
2023-03-25,UFC Fight Night: Vera vs. Sandhagen,Marlon Vera vs. Cory Sandhagen,Sal D'Amato,45,50,0,-70,-3,-6.983333333333333,0.0
2023-03-25,UFC Fight Night: Vera vs. Sandhagen,Marlon Vera vs. Cory Sandhagen,Chris Lee,46,49,0,-70,-3,-6.983333333333333,0.0
2023-03-25,UFC Fight Night: Vera vs. Sandhagen,Holly Holm vs. Yana Santos,Chris Lee,30,26,1,11,4,8.5,0.0
2023-03-25,UFC Fight Night: Vera vs. Sandhagen,Holly Holm vs. Yana Santos,Sal D'Amato,30,27,1,11,4,8.5,0.0
2023-03-25,UFC Fight Night: Vera vs. Sandhagen,Holly Holm vs. Yana Santos,Jason Herzog,30,27,1,11,4,8.5,0.0
2023-03-25,UFC Fight Night: Vera vs. Sandhagen,Andrea Lee vs. Maycee Barber,Chris Lee,29,28,1,-9,3,4.583333333333333,0.0
2023-03-25,UFC Fight Night: Vera vs. Sandhagen,Andrea Lee vs. Maycee Barber,Frank Collazo,28,29,0,-9,3,4.583333333333333,0.0
2023-03-25,UFC Fight Night: Vera vs. Sandhagen,Andrea Lee vs. Maycee Barber,Dan Miragliotta,27,30,0,-9,3,4.583333333333333,0.0
2023-03-25,UFC Fight Night: Vera vs. Sandhagen,Chidi Njokuani vs. Albert Duraev,Chris Lee,29,28,1,-5,-2,-4.033333333333333,0.0
2023-03-25,UFC Fight Night: Vera vs. Sandhagen,Chidi Njokuani vs. Albert Duraev,Sal D'Amato,28,29,0,-5,-2,-4.033333333333333,0.0
2023-03-25,UFC Fight Night: Vera vs. Sandhagen,Chidi Njokuani vs. Albert Duraev,Dan Miragliotta,28,29,0,-5,-2,-4.033333333333333,0.0
2023-03-25,UFC Fight Night: Vera vs. Sandhagen,Steven Peterson vs. Lucas Alexander,Gino Garcia,27,30,0,-59,0,-0.3999999999999999,-1.0
2023-03-25,UFC Fight Night: Vera vs. Sandhagen,Steven Peterson vs. Lucas Alexander,Sal D'Amato,27,30,0,-59,0,-0.3999999999999999,-1.0
2023-03-25,UFC Fight Night: Vera vs. Sandhagen,Steven Peterson vs. Lucas Alexander,Joel Ojeda,27,30,0,-59,0,-0.3999999999999999,-1.0
2023-03-25,UFC Fight Night: Vera vs. Sandhagen,Trevin Giles vs. Preston Parsons,Gino Garcia,29,28,1,13,-3,-1.0333333333333332,0.0
2023-03-25,UFC Fight Night: Vera vs. Sandhagen,Trevin Giles vs. Preston Parsons,Sal D'Amato,28,29,0,13,-3,-1.0333333333333332,0.0
2023-03-25,UFC Fight Night: Vera vs. Sandhagen,Trevin Giles vs. Preston Parsons,Jacob Montalvo,29,28,1,13,-3,-1.0333333333333332,0.0
2023-03-25,UFC Fight Night: Vera vs. Sandhagen,Victor Altamirano vs. Vinicius Salvador,Gino Garcia,29,28,1,15,2,4.716666666666667,0.0
2023-03-25,UFC Fight Night: Vera vs. Sandhagen,Victor Altamirano vs. Vinicius Salvador,Sal D'Amato,29,28,1,15,2,4.716666666666667,0.0
2023-03-25,UFC Fight Night: Vera vs. Sandhagen,Victor Altamirano vs. Vinicius Salvador,Chris Lee,29,28,1,15,2,4.716666666666667,0.0
2023-03-18,UFC 286: Edwards vs. Usman 3,Leon Edwards vs. Kamaru Usman,Ben Cartlidge,48,46,1,33,-4,-5.05,0.0
2023-03-18,UFC 286: Edwards vs. Usman 3,Leon Edwards vs. Kamaru Usman,Chris Lee,48,46,1,33,-4,-5.05,0.0
2023-03-18,UFC 286: Edwards vs. Usman 3,Justin Gaethje vs. Rafael Fiziev,Mark Collett,29,28,1,6,1,0.08333333333333333,0.0
2023-03-18,UFC 286: Edwards vs. Usman 3,Justin Gaethje vs. Rafael Fiziev,Clemens Werner,29,28,1,6,1,0.08333333333333333,0.0
2023-03-18,UFC 286: Edwards vs. Usman 3,Jennifer Maia vs. Casey O'Neill,Vito Paolillo,30,27,1,8,0,1.3833333333333333,0.0
2023-03-18,UFC 286: Edwards vs. Usman 3,Jennifer Maia vs. Casey O'Neill,Chris Lee,29,28,1,8,0,1.3833333333333333,0.0
2023-03-18,UFC 286: Edwards vs. Usman 3,Jennifer Maia vs. Casey O'Neill,David Lethaby,29,28,1,8,0,1.3833333333333333,0.0
2023-03-18,UFC 286: Edwards vs. Usman 3,Marvin Vettori vs. Roman Dolidze,Ben Cartlidge,29,28,1,35,0,-0.23333333333333334,0.0
2023-03-18,UFC 286: Edwards vs. Usman 3,Marvin Vettori vs. Roman Dolidze,David Lethaby,29,28,1,35,0,-0.23333333333333334,0.0
2023-03-18,UFC 286: Edwards vs. Usman 3,Marvin Vettori vs. Roman Dolidze,Paul Sutherland,30,27,1,35,0,-0.23333333333333334,0.0
2023-03-18,UFC 286: Edwards vs. Usman 3,Chris Duncan vs. Omar Morales,Paul Sutherland,27,30,0,6,5,6.483333333333334,0.0
2023-03-18,UFC 286: Edwards vs. Usman 3,Chris Duncan vs. Omar Morales,Ben Cartlidge,29,28,1,6,5,6.483333333333334,0.0
2023-03-18,UFC 286: Edwards vs. Usman 3,Chris Duncan vs. Omar Morales,Vito Paolillo,29,28,1,6,5,6.483333333333334,0.0
2023-03-18,UFC 286: Edwards vs. Usman 3,Lerone Murphy vs. Gabriel Santos,Vito Paolillo,29,28,1,24,-4,-1.6999999999999997,0.0
2023-03-18,UFC 286: Edwards vs. Usman 3,Lerone Murphy vs. Gabriel Santos,Mark Collett,28,29,0,24,-4,-1.6999999999999997,0.0
2023-03-18,UFC 286: Edwards vs. Usman 3,Lerone Murphy vs. Gabriel Santos,Clemens Werner,29,28,1,24,-4,-1.6999999999999997,0.0
2023-03-18,UFC 286: Edwards vs. Usman 3,Joanne Wood vs. Luana Carolina,David Lethaby,30,27,1,31,2,1.1333333333333333,0.0
2023-03-18,UFC 286: Edwards vs. Usman 3,Joanne Wood vs. Luana Carolina,Vito Paolillo,28,29,0,31,2,1.1333333333333333,0.0
2023-03-18,UFC 286: Edwards vs. Usman 3,Joanne Wood vs. Luana Carolina,Ben Cartlidge,29,28,1,31,2,1.1333333333333333,0.0
2023-03-18,UFC 286: Edwards vs. Usman 3,Juliana Miller vs. Veronica Hardy,Chris Lee,27,30,0,-32,-4,-6.283333333333333,0.0
2023-03-18,UFC 286: Edwards vs. Usman 3,Juliana Miller vs. Veronica Hardy,Vito Paolillo,27,30,0,-32,-4,-6.283333333333333,0.0
2023-03-18,UFC 286: Edwards vs. Usman 3,Juliana Miller vs. Veronica Hardy,Paul Sutherland,27,30,0,-32,-4,-6.283333333333333,0.0
2023-03-11,UFC Fight Night: Yan vs. Dvalishvili,Petr Yan vs. Merab Dvalishvili,Mike Bell,45,50,0,-72,-10,-5.05,0.0
2023-03-11,UFC Fight Night: Yan vs. Dvalishvili,Petr Yan vs. Merab Dvalishvili,Sal D'Amato,45,50,0,-72,-10,-5.05,0.0
2023-03-11,UFC Fight Night: Yan vs. Dvalishvili,Petr Yan vs. Merab Dvalishvili,Junichiro Kamijo,45,50,0,-72,-10,-5.05,0.0
2023-03-11,UFC Fight Night: Yan vs. Dvalishvili,Said Nurmagomedov vs. Jonathan Martinez,Mike Bell,28,29,0,9,3,-1.8000000000000007,0.0
2023-03-11,UFC Fight Night: Yan vs. Dvalishvili,Said Nurmagomedov vs. Jonathan Martinez,Adalaide Byrd,28,29,0,9,3,-1.8000000000000007,0.0
2023-03-11,UFC Fight Night: Yan vs. Dvalishvili,Said Nurmagomedov vs. Jonathan Martinez,Junichiro Kamijo,28,29,0,9,3,-1.8000000000000007,0.0
2023-03-11,UFC Fight Night: Yan vs. Dvalishvili,Vitor Petrino vs. Anton Turkalj,Bryan Miner,30,26,1,6,2,1.5500000000000007,0.0
2023-03-11,UFC Fight Night: Yan vs. Dvalishvili,Vitor Petrino vs. Anton Turkalj,Eric Colon,30,27,1,6,2,1.5500000000000007,0.0
2023-03-11,UFC Fight Night: Yan vs. Dvalishvili,Vitor Petrino vs. Anton Turkalj,Jacob Montalvo,30,27,1,6,2,1.5500000000000007,0.0
2023-03-11,UFC Fight Night: Yan vs. Dvalishvili,Karl Williams vs. Lukasz Brzeski,Adalaide Byrd,30,26,1,12,8,9.733333333333334,1.0
2023-03-11,UFC Fight Night: Yan vs. Dvalishvili,Karl Williams vs. Lukasz Brzeski,Sal D'Amato,30,26,1,12,8,9.733333333333334,1.0
2023-03-11,UFC Fight Night: Yan vs. Dvalishvili,Karl Williams vs. Lukasz Brzeski,Mike Bell,30,27,1,12,8,9.733333333333334,1.0
2023-03-11,UFC Fight Night: Yan vs. Dvalishvili,Victor Henry vs. Tony Gravely,Eric Colon,30,27,1,79,-3,-2.033333333333333,0.0
2023-03-11,UFC Fight Night: Yan vs. Dvalishvili,Victor Henry vs. Tony Gravely,Sal D'Amato,29,28,1,79,-3,-2.033333333333333,0.0
2023-03-11,UFC Fight Night: Yan vs. Dvalishvili,Victor Henry vs. Tony Gravely,Rick Winter,28,29,0,79,-3,-2.033333333333333,0.0
2023-03-11,UFC Fight Night: Yan vs. Dvalishvili,Ariane da Silva vs. JJ Aldrich,Mike Bell,30,27,1,52,2,-0.95,0.0
2023-03-11,UFC Fight Night: Yan vs. Dvalishvili,Ariane da Silva vs. JJ Aldrich,Adalaide Byrd,30,27,1,52,2,-0.95,0.0
2023-03-11,UFC Fight Night: Yan vs. Dvalishvili,Ariane da Silva vs. JJ Aldrich,Junichiro Kamijo,30,27,1,52,2,-0.95,0.0
2023-03-11,UFC Fight Night: Yan vs. Dvalishvili,Carlston Harris vs. Jared Gooden,Eric Colon,30,27,1,12,5,9.6,0.0
2023-03-11,UFC Fight Night: Yan vs. Dvalishvili,Carlston Harris vs. Jared Gooden,Junichiro Kamijo,30,27,1,12,5,9.6,0.0
2023-03-11,UFC Fight Night: Yan vs. Dvalishvili,Carlston Harris vs. Jared Gooden,Bryan Miner,30,27,1,12,5,9.6,0.0
2023-03-04,UFC 285: Jones vs. Gane,Mateusz Gamrot vs. Jalin Turner,Derek Cleary,29,28,1,-11,4,6.333333333333334,-1.0
2023-03-04,UFC 285: Jones vs. Gane,Mateusz Gamrot vs. Jalin Turner,David Lethaby,28,29,0,-11,4,6.333333333333334,-1.0
2023-03-04,UFC 285: Jones vs. Gane,Mateusz Gamrot vs. Jalin Turner,Ron McCarthy,30,27,1,-11,4,6.333333333333334,-1.0
2023-03-04,UFC 285: Jones vs. Gane,Cody Garbrandt vs. Trevin Jones,Mike Bell,29,28,1,6,1,0.8833333333333337,0.0
2023-03-04,UFC 285: Jones vs. Gane,Cody Garbrandt vs. Trevin Jones,Derek Cleary,29,28,1,6,1,0.8833333333333337,0.0
2023-03-04,UFC 285: Jones vs. Gane,Cody Garbrandt vs. Trevin Jones,David Lethaby,29,28,1,6,1,0.8833333333333337,0.0
2023-03-04,UFC 285: Jones vs. Gane,Viviane Araujo vs. Amanda Ribas,Sal D'Amato,26,30,0,-52,-2,-8.333333333333332,0.0
2023-03-04,UFC 285: Jones vs. Gane,Viviane Araujo vs. Amanda Ribas,Ron McCarthy,27,30,0,-52,-2,-8.333333333333332,0.0
2023-03-04,UFC 285: Jones vs. Gane,Viviane Araujo vs. Amanda Ribas,Mike Bell,27,29,0,-52,-2,-8.333333333333332,0.0
2023-03-04,UFC 285: Jones vs. Gane,Mana Martinez vs. Cameron Saaiman,Adalaide Byrd,26,29,0,-57,-1,-4.116666666666667,-1.0
2023-03-04,UFC 285: Jones vs. Gane,Mana Martinez vs. Cameron Saaiman,Chris Lee,27,28,0,-57,-1,-4.116666666666667,-1.0
2023-03-04,UFC 285: Jones vs. Gane,Da'Mon Blackshear vs. Farid Basharat,Chris Lee,28,29,0,-12,-2,-2.8333333333333335,0.0
2023-03-04,UFC 285: Jones vs. Gane,Da'Mon Blackshear vs. Farid Basharat,David Lethaby,28,29,0,-12,-2,-2.8333333333333335,0.0
2023-03-04,UFC 285: Jones vs. Gane,Da'Mon Blackshear vs. Farid Basharat,Ron McCarthy,28,29,0,-12,-2,-2.8333333333333335,0.0
2023-03-04,UFC 285: Jones vs. Gane,Esteban Ribovics vs. Loik Radzhabov,Adalaide Byrd,28,29,0,26,-11,-7.133333333333334,1.0
2023-03-04,UFC 285: Jones vs. Gane,Esteban Ribovics vs. Loik Radzhabov,Ben Cartlidge,28,29,0,26,-11,-7.133333333333334,1.0
2023-03-04,UFC 285: Jones vs. Gane,Esteban Ribovics vs. Loik Radzhabov,Derek Cleary,28,29,0,26,-11,-7.133333333333334,1.0
2023-02-25,UFC Fight Night: Muniz vs. Allen,Augusto Sakai vs. Don'Tale Mayes,Junichiro Kamijo,30,27,1,24,1,6.083333333333333,0.0
2023-02-25,UFC Fight Night: Muniz vs. Allen,Augusto Sakai vs. Don'Tale Mayes,David Lethaby,30,27,1,24,1,6.083333333333333,0.0
2023-02-25,UFC Fight Night: Muniz vs. Allen,Augusto Sakai vs. Don'Tale Mayes,Tony Weeks,30,27,1,24,1,6.083333333333333,0.0
2023-02-25,UFC Fight Night: Muniz vs. Allen,Jasmine Jasudavicius vs. Gabriella Fernandes,Chris Lee,30,26,1,-2,4,11.45,0.0
2023-02-25,UFC Fight Night: Muniz vs. Allen,Jasmine Jasudavicius vs. Gabriella Fernandes,David Lethaby,30,26,1,-2,4,11.45,0.0
2023-02-25,UFC Fight Night: Muniz vs. Allen,Jasmine Jasudavicius vs. Gabriella Fernandes,Ron McCarthy,30,26,1,-2,4,11.45,0.0
2023-02-25,UFC Fight Night: Muniz vs. Allen,Ode Osbourne vs. Charles Johnson,Chris Lee,29,28,1,-12,2,1.5833333333333333,0.0
2023-02-25,UFC Fight Night: Muniz vs. Allen,Ode Osbourne vs. Charles Johnson,Junichiro Kamijo,28,29,0,-12,2,1.5833333333333333,0.0
2023-02-25,UFC Fight Night: Muniz vs. Allen,Ode Osbourne vs. Charles Johnson,Anthony Maness,29,28,1,-12,2,1.5833333333333333,0.0
2023-02-25,UFC Fight Night: Muniz vs. Allen,Rafael Alves vs. Nurullo Aliev,Adalaide Byrd,27,29,0,-13,-3,-9.549999999999999,0.0
2023-02-25,UFC Fight Night: Muniz vs. Allen,Rafael Alves vs. Nurullo Aliev,Junichiro Kamijo,27,29,0,-13,-3,-9.549999999999999,0.0
2023-02-18,UFC Fight Night: Andrade vs. Blanchfield,Jordan Wright vs. Zac Pauga,Derek Cleary,27,30,0,-30,0,-8.45,0.0
2023-02-18,UFC Fight Night: Andrade vs. Blanchfield,Jordan Wright vs. Zac Pauga,Sal D'Amato,27,30,0,-30,0,-8.45,0.0
2023-02-18,UFC Fight Night: Andrade vs. Blanchfield,Jordan Wright vs. Zac Pauga,Eric Colon,28,29,0,-30,0,-8.45,0.0
2023-02-18,UFC Fight Night: Andrade vs. Blanchfield,Josh Parisian vs. Jamal Pogues,Junichiro Kamijo,27,30,0,4,-4,-4.616666666666666,0.0
2023-02-18,UFC Fight Night: Andrade vs. Blanchfield,Josh Parisian vs. Jamal Pogues,Tony Weeks,27,30,0,4,-4,-4.616666666666666,0.0
2023-02-18,UFC Fight Night: Andrade vs. Blanchfield,Josh Parisian vs. Jamal Pogues,Mike Bell,28,29,0,4,-4,-4.616666666666666,0.0
2023-02-18,UFC Fight Night: Andrade vs. Blanchfield,William Knight vs. Marcin Prachnio,Mike Bell,27,30,0,-71,0,0.0,0.0
2023-02-18,UFC Fight Night: Andrade vs. Blanchfield,William Knight vs. Marcin Prachnio,Adalaide Byrd,27,30,0,-71,0,0.0,0.0
2023-02-18,UFC Fight Night: Andrade vs. Blanchfield,William Knight vs. Marcin Prachnio,Sal D'Amato,27,30,0,-71,0,0.0,0.0
2023-02-18,UFC Fight Night: Andrade vs. Blanchfield,Jim Miller vs. Alexander Hernandez,Derek Cleary,28,29,0,-41,0,0.2833333333333334,0.0
2023-02-18,UFC Fight Night: Andrade vs. Blanchfield,Jim Miller vs. Alexander Hernandez,Eric Colon,27,30,0,-41,0,0.2833333333333334,0.0
2023-02-18,UFC Fight Night: Andrade vs. Blanchfield,Jim Miller vs. Alexander Hernandez,Rick Winter,27,30,0,-41,0,0.2833333333333334,0.0
2023-02-18,UFC Fight Night: Andrade vs. Blanchfield,Jamall Emmers vs. Khusein Askhabov,Derek Cleary,30,27,1,32,1,3.783333333333333,0.0
2023-02-18,UFC Fight Night: Andrade vs. Blanchfield,Jamall Emmers vs. Khusein Askhabov,Eric Colon,30,27,1,32,1,3.783333333333333,0.0
2023-02-18,UFC Fight Night: Andrade vs. Blanchfield,Jamall Emmers vs. Khusein Askhabov,Tony Weeks,30,27,1,32,1,3.783333333333333,0.0
2023-02-11,UFC 284: Makhachev vs. Volkanovski,Islam Makhachev vs. Alexander Volkanovski,Ben Cartlidge,48,47,1,-13,4,4.699999999999999,-1.0
2023-02-11,UFC 284: Makhachev vs. Volkanovski,Islam Makhachev vs. Alexander Volkanovski,David Lethaby,48,47,1,-13,4,4.699999999999999,-1.0
2023-02-11,UFC 284: Makhachev vs. Volkanovski,Islam Makhachev vs. Alexander Volkanovski,Derek Cleary,49,46,1,-13,4,4.699999999999999,-1.0
2023-02-11,UFC 284: Makhachev vs. Volkanovski,Tyson Pedro vs. Modestas Bukauskas,Evan Field,27,30,0,1,2,2.0666666666666664,0.0
2023-02-11,UFC 284: Makhachev vs. Volkanovski,Tyson Pedro vs. Modestas Bukauskas,Barry Foley,28,29,0,1,2,2.0666666666666664,0.0
2023-02-11,UFC 284: Makhachev vs. Volkanovski,Tyson Pedro vs. Modestas Bukauskas,Mick Meany,28,29,0,1,2,2.0666666666666664,0.0
2023-02-11,UFC 284: Makhachev vs. Volkanovski,Jamie Mullarkey vs. Francisco Prado,Ben Cartlidge,30,27,1,31,3,4.616666666666666,0.0
2023-02-11,UFC 284: Makhachev vs. Volkanovski,Jamie Mullarkey vs. Francisco Prado,Evan Field,30,27,1,31,3,4.616666666666666,0.0
2023-02-11,UFC 284: Makhachev vs. Volkanovski,Jamie Mullarkey vs. Francisco Prado,Garth Harriman,30,27,1,31,3,4.616666666666666,0.0
2023-02-11,UFC 284: Makhachev vs. Volkanovski,Jack Jenkins vs. Don Shainis,Derek Cleary,30,27,1,32,3,3.7333333333333334,0.0
2023-02-11,UFC 284: Makhachev vs. Volkanovski,Jack Jenkins vs. Don Shainis,David Lethaby,30,27,1,32,3,3.7333333333333334,0.0
2023-02-11,UFC 284: Makhachev vs. Volkanovski,Jack Jenkins vs. Don Shainis,Mick Meany,29,28,1,32,3,3.7333333333333334,0.0
2023-02-11,UFC 284: Makhachev vs. Volkanovski,Shane Young vs. Blake Bilder,Ben Cartlidge,27,30,0,-31,-1,-1.6666666666666667,0.0
2023-02-11,UFC 284: Makhachev vs. Volkanovski,Shane Young vs. Blake Bilder,Mick Meany,27,30,0,-31,-1,-1.6666666666666667,0.0
2023-02-11,UFC 284: Makhachev vs. Volkanovski,Shane Young vs. Blake Bilder,David Lethaby,28,29,0,-31,-1,-1.6666666666666667,0.0
2023-02-11,UFC 284: Makhachev vs. Volkanovski,Zubaira Tukhugov vs. Elves Brener,Derek Cleary,28,29,0,1,0,2.183333333333333,0.0
2023-02-11,UFC 284: Makhachev vs. Volkanovski,Zubaira Tukhugov vs. Elves Brener,Barry Foley,29,28,1,1,0,2.183333333333333,0.0
2023-02-11,UFC 284: Makhachev vs. Volkanovski,Zubaira Tukhugov vs. Elves Brener,Evan Field,27,30,0,1,0,2.183333333333333,0.0
2023-02-04,UFC Fight Night: Lewis vs. Spivac,Da Woon Jung vs. Devin Clark,Eric Colon,27,30,0,-21,-2,0.7666666666666666,0.0
2023-02-04,UFC Fight Night: Lewis vs. Spivac,Da Woon Jung vs. Devin Clark,Chris Lee,27,30,0,-21,-2,0.7666666666666666,0.0
2023-02-04,UFC Fight Night: Lewis vs. Spivac,Da Woon Jung vs. Devin Clark,David Lethaby,27,30,0,-21,-2,0.7666666666666666,0.0
2023-02-04,UFC Fight Night: Lewis vs. Spivac,Marcin Tybura vs. Blagoy Ivanov,Junichiro Kamijo,30,27,1,6,1,4.916666666666667,0.0
2023-02-04,UFC Fight Night: Lewis vs. Spivac,Marcin Tybura vs. Blagoy Ivanov,Ben Cartlidge,29,28,1,6,1,4.916666666666667,0.0
2023-02-04,UFC Fight Night: Lewis vs. Spivac,Marcin Tybura vs. Blagoy Ivanov,David Lethaby,29,28,1,6,1,4.916666666666667,0.0
2023-02-04,UFC Fight Night: Lewis vs. Spivac,JeongYeong Lee vs. Yizha,Jacob Montalvo,27,30,0,1,-5,-7.483333333333333,0.0
2023-02-04,UFC Fight Night: Lewis vs. Spivac,JeongYeong Lee vs. Yizha,David Lethaby,29,28,1,1,-5,-7.483333333333333,0.0
2023-02-04,UFC Fight Night: Lewis vs. Spivac,JeongYeong Lee vs. Yizha,Junichiro Kamijo,29,28,1,1,-5,-7.483333333333333,0.0
2023-01-21,UFC 283: Teixeira vs. Hill,Glover Teixeira vs. Jamahal Hill,Fabio Alves,44,50,0,-157,2,0.0,0.0
2023-01-21,UFC 283: Teixeira vs. Hill,Glover Teixeira vs. Jamahal Hill,Derek Cleary,44,50,0,-157,2,0.0,0.0
2023-01-21,UFC 283: Teixeira vs. Hill,Glover Teixeira vs. Jamahal Hill,Sal D'Amato,44,50,0,-157,2,0.0,0.0
2023-01-21,UFC 283: Teixeira vs. Hill,Lauren Murphy vs. Jessica Andrade,Rafael Ferreira,25,30,0,-131,-1,-1.0333333333333334,0.0
2023-01-21,UFC 283: Teixeira vs. Hill,Lauren Murphy vs. Jessica Andrade,Fabio Alves,25,30,0,-131,-1,-1.0333333333333334,0.0
2023-01-21,UFC 283: Teixeira vs. Hill,Lauren Murphy vs. Jessica Andrade,Sal D'Amato,26,30,0,-131,-1,-1.0333333333333334,0.0
2023-01-21,UFC 283: Teixeira vs. Hill,Luan Lacerda vs. Cody Stamann,Hallison Pontes,28,29,0,-23,1,1.5666666666666667,0.0
2023-01-21,UFC 283: Teixeira vs. Hill,Luan Lacerda vs. Cody Stamann,Derek Cleary,28,29,0,-23,1,1.5666666666666667,0.0
2023-01-21,UFC 283: Teixeira vs. Hill,Luan Lacerda vs. Cody Stamann,Rafael Ferreira,28,29,0,-23,1,1.5666666666666667,0.0
2023-01-21,UFC 283: Teixeira vs. Hill,Warlley Alves vs. Nicolas Dalby,Fabio Alves,28,29,0,-53,1,-1.8833333333333333,0.0
2023-01-21,UFC 283: Teixeira vs. Hill,Warlley Alves vs. Nicolas Dalby,Derek Cleary,29,28,1,-53,1,-1.8833333333333333,0.0
2023-01-21,UFC 283: Teixeira vs. Hill,Warlley Alves vs. Nicolas Dalby,Sal D'Amato,28,29,0,-53,1,-1.8833333333333333,0.0
2023-01-21,UFC 283: Teixeira vs. Hill,Josiane Nunes vs. Zarah Fairn,Hallison Pontes,29,28,1,-15,0,1.9,0.0
2023-01-21,UFC 283: Teixeira vs. Hill,Josiane Nunes vs. Zarah Fairn,Derek Cleary,29,28,1,-15,0,1.9,0.0
2023-01-21,UFC 283: Teixeira vs. Hill,Josiane Nunes vs. Zarah Fairn,Mike Bell,29,28,1,-15,0,1.9,0.0
2023-01-14,UFC Fight Night: Strickland vs. Imavov,Sean Strickland vs. Nassourdine Imavov,Derek Cleary,49,46,1,59,1,4.0,0.0
2023-01-14,UFC Fight Night: Strickland vs. Imavov,Sean Strickland vs. Nassourdine Imavov,Sal D'Amato,49,46,1,59,1,4.0,0.0
2023-01-14,UFC Fight Night: Strickland vs. Imavov,Sean Strickland vs. Nassourdine Imavov,Mike Bell,48,47,1,59,1,4.0,0.0
2023-01-14,UFC Fight Night: Strickland vs. Imavov,Ketlen Vieira vs. Raquel Pennington,Mike Bell,28,29,0,-17,0,3.45,0.0
2023-01-14,UFC Fight Night: Strickland vs. Imavov,Ketlen Vieira vs. Raquel Pennington,Sal D'Amato,29,28,1,-17,0,3.45,0.0
2023-01-14,UFC Fight Night: Strickland vs. Imavov,Ketlen Vieira vs. Raquel Pennington,Derek Cleary,28,29,0,-17,0,3.45,0.0
2023-01-14,UFC Fight Night: Strickland vs. Imavov,Javid Basharat vs. Mateus Mendonca,Mike Bell,30,27,1,66,1,3.0,0.0
2023-01-14,UFC Fight Night: Strickland vs. Imavov,Javid Basharat vs. Mateus Mendonca,Ron McCarthy,30,27,1,66,1,3.0,0.0
2023-01-14,UFC Fight Night: Strickland vs. Imavov,Javid Basharat vs. Mateus Mendonca,Adalaide Byrd,29,28,1,66,1,3.0,0.0
2023-01-14,UFC Fight Night: Strickland vs. Imavov,Mateusz Rebecki vs. Nick Fiore,Tony Weeks,30,26,1,55,2,7.883333333333333,0.0
2023-01-14,UFC Fight Night: Strickland vs. Imavov,Mateusz Rebecki vs. Nick Fiore,Sal D'Amato,30,27,1,55,2,7.883333333333333,0.0
2023-01-14,UFC Fight Night: Strickland vs. Imavov,Mateusz Rebecki vs. Nick Fiore,Junichiro Kamijo,30,27,1,55,2,7.883333333333333,0.0
2023-01-14,UFC Fight Night: Strickland vs. Imavov,Dan Argueta vs. Nick Aguirre,Derek Cleary,30,27,1,33,4,8.983333333333334,0.0
2023-01-14,UFC Fight Night: Strickland vs. Imavov,Dan Argueta vs. Nick Aguirre,Ron McCarthy,30,27,1,33,4,8.983333333333334,0.0
2023-01-14,UFC Fight Night: Strickland vs. Imavov,Dan Argueta vs. Nick Aguirre,Adalaide Byrd,30,27,1,33,4,8.983333333333334,0.0
2022-12-17,UFC Fight Night: Cannonier vs. Strickland,Jared Cannonier vs. Sean Strickland,Derek Cleary,49,46,1,-11,-1,-0.8,0.0
2022-12-17,UFC Fight Night: Cannonier vs. Strickland,Jared Cannonier vs. Sean Strickland,Sal D'Amato,46,49,0,-11,-1,-0.8,0.0
2022-12-17,UFC Fight Night: Cannonier vs. Strickland,Jared Cannonier vs. Sean Strickland,Junichiro Kamijo,49,46,1,-11,-1,-0.8,0.0
2022-12-17,UFC Fight Night: Cannonier vs. Strickland,Arman Tsarukyan vs. Damir Ismagulov,Mike Bell,30,27,1,-2,7,9.316666666666668,0.0
2022-12-17,UFC Fight Night: Cannonier vs. Strickland,Arman Tsarukyan vs. Damir Ismagulov,Sal D'Amato,30,27,1,-2,7,9.316666666666668,0.0
2022-12-17,UFC Fight Night: Cannonier vs. Strickland,Arman Tsarukyan vs. Damir Ismagulov,Ron McCarthy,30,27,1,-2,7,9.316666666666668,0.0
2022-12-17,UFC Fight Night: Cannonier vs. Strickland,Cheyanne Vlismas vs. Cory McKenna,Derek Cleary,28,29,0,11,-2,-9.633333333333333,0.0
2022-12-17,UFC Fight Night: Cannonier vs. Strickland,Cheyanne Vlismas vs. Cory McKenna,Sal D'Amato,28,29,0,11,-2,-9.633333333333333,0.0
2022-12-17,UFC Fight Night: Cannonier vs. Strickland,Cheyanne Vlismas vs. Cory McKenna,Junichiro Kamijo,28,29,0,11,-2,-9.633333333333333,0.0
2022-12-17,UFC Fight Night: Cannonier vs. Strickland,Jake Matthews vs. Matthew Semelsberger,Ron McCarthy,27,30,0,-13,-2,-2.5666666666666664,-3.0
2022-12-17,UFC Fight Night: Cannonier vs. Strickland,Jake Matthews vs. Matthew Semelsberger,Mike Bell,28,29,0,-13,-2,-2.5666666666666664,-3.0
2022-12-17,UFC Fight Night: Cannonier vs. Strickland,Jake Matthews vs. Matthew Semelsberger,Chris Lee,28,29,0,-13,-2,-2.5666666666666664,-3.0
2022-12-17,UFC Fight Night: Cannonier vs. Strickland,Rafa Garcia vs. Maheshate,Mike Bell,30,27,1,24,6,6.166666666666667,0.0
2022-12-17,UFC Fight Night: Cannonier vs. Strickland,Rafa Garcia vs. Maheshate,Derek Cleary,30,27,1,24,6,6.166666666666667,0.0
2022-12-17,UFC Fight Night: Cannonier vs. Strickland,Rafa Garcia vs. Maheshate,Chris Lee,30,27,1,24,6,6.166666666666667,0.0
2022-12-17,UFC Fight Night: Cannonier vs. Strickland,Bryan Battle vs. Rinat Fakhretdinov,Adalaide Byrd,25,30,0,-40,-7,-14.183333333333334,-1.0
2022-12-17,UFC Fight Night: Cannonier vs. Strickland,Bryan Battle vs. Rinat Fakhretdinov,Junichiro Kamijo,25,30,0,-40,-7,-14.183333333333334,-1.0
2022-12-17,UFC Fight Night: Cannonier vs. Strickland,Bryan Battle vs. Rinat Fakhretdinov,Ron McCarthy,27,30,0,-40,-7,-14.183333333333334,-1.0
2022-12-17,UFC Fight Night: Cannonier vs. Strickland,David Dvorak vs. Manel Kape,Derek Cleary,27,30,0,-25,2,1.7500000000000002,-1.0
2022-12-17,UFC Fight Night: Cannonier vs. Strickland,David Dvorak vs. Manel Kape,Sal D'Amato,27,30,0,-25,2,1.7500000000000002,-1.0
2022-12-17,UFC Fight Night: Cannonier vs. Strickland,David Dvorak vs. Manel Kape,Anthony Maness,28,29,0,-25,2,1.7500000000000002,-1.0
2022-12-17,UFC Fight Night: Cannonier vs. Strickland,Sergey Morozov vs. Journey Newson,Mike Bell,30,27,1,4,6,6.983333333333333,0.0
2022-12-17,UFC Fight Night: Cannonier vs. Strickland,Sergey Morozov vs. Journey Newson,Adalaide Byrd,29,28,1,4,6,6.983333333333333,0.0
2022-12-17,UFC Fight Night: Cannonier vs. Strickland,Sergey Morozov vs. Journey Newson,Ron McCarthy,29,28,1,4,6,6.983333333333333,0.0
2022-12-10,UFC 282: Blachowicz vs. Ankalaev,Paddy Pimblett vs. Jared Gordon,Doug Crosby,29,28,1,3,-3,-5.883333333333334,0.0
2022-12-10,UFC 282: Blachowicz vs. Ankalaev,Paddy Pimblett vs. Jared Gordon,Chris Lee,29,28,1,3,-3,-5.883333333333334,0.0
2022-12-10,UFC 282: Blachowicz vs. Ankalaev,Paddy Pimblett vs. Jared Gordon,Ron McCarthy,29,28,1,3,-3,-5.883333333333334,0.0
2022-12-03,UFC Fight Night: Thompson vs. Holland,Angela Hill vs. Emily Ducote,Derek Cleary,30,27,1,111,0,0.0,0.0
2022-12-03,UFC Fight Night: Thompson vs. Holland,Angela Hill vs. Emily Ducote,Dave Tirelli,30,27,1,111,0,0.0,0.0
2022-12-03,UFC Fight Night: Thompson vs. Holland,Angela Hill vs. Emily Ducote,Daniel Torres,30,27,1,111,0,0.0,0.0
2022-12-03,UFC Fight Night: Thompson vs. Holland,Clay Guida vs. Scott Holtzman,Eric Colon,29,28,1,1,4,5.283333333333333,0.0
2022-12-03,UFC Fight Night: Thompson vs. Holland,Clay Guida vs. Scott Holtzman,MichaelTate,29,28,1,1,4,5.283333333333333,0.0
2022-12-03,UFC Fight Night: Thompson vs. Holland,Clay Guida vs. Scott Holtzman,Dave Tirelli,28,29,0,1,4,5.283333333333333,0.0
2022-12-03,UFC Fight Night: Thompson vs. Holland,Michael Johnson vs. Marc Diakiese,Chris Lee,29,28,1,28,0,0.5,0.0
2022-12-03,UFC Fight Night: Thompson vs. Holland,Michael Johnson vs. Marc Diakiese,Sal D'Amato,29,28,1,28,0,0.5,0.0
2022-12-03,UFC Fight Night: Thompson vs. Holland,Michael Johnson vs. Marc Diakiese,Troy Wincapaw,30,27,1,28,0,0.5,0.0
2022-12-03,UFC Fight Night: Thompson vs. Holland,Darren Elkins vs. Jonathan Pearce,Eric Colon,27,30,0,-53,0,-2.75,0.0
2022-12-03,UFC Fight Night: Thompson vs. Holland,Darren Elkins vs. Jonathan Pearce,Daniel Torres,27,30,0,-53,0,-2.75,0.0
2022-12-03,UFC Fight Night: Thompson vs. Holland,Darren Elkins vs. Jonathan Pearce,Derek Cleary,26,30,0,-53,0,-2.75,0.0
2022-12-03,UFC Fight Night: Thompson vs. Holland,Natan Levy vs. Genaro Valdez,Eric Colon,29,28,1,18,6,4.6499999999999995,0.0
2022-12-03,UFC Fight Night: Thompson vs. Holland,Natan Levy vs. Genaro Valdez,Troy Wincapaw,29,28,1,18,6,4.6499999999999995,0.0
2022-12-03,UFC Fight Night: Thompson vs. Holland,Natan Levy vs. Genaro Valdez,Chris Lee,30,27,1,18,6,4.6499999999999995,0.0
2022-11-19,UFC Fight Night: Nzechukwu vs. Cutelaba,Chase Sherman vs. Waldo Cortes Acosta,Anthony Maness,27,30,0,-81,1,1.35,0.0
2022-11-19,UFC Fight Night: Nzechukwu vs. Cutelaba,Chase Sherman vs. Waldo Cortes Acosta,Sal D'Amato,28,29,0,-81,1,1.35,0.0
2022-11-19,UFC Fight Night: Nzechukwu vs. Cutelaba,Chase Sherman vs. Waldo Cortes Acosta,Junichiro Kamijo,28,29,0,-81,1,1.35,0.0
2022-11-19,UFC Fight Night: Nzechukwu vs. Cutelaba,Charles Johnson vs. Zhalgas Zhumagulov,Derek Cleary,29,28,1,-4,-1,-0.09999999999999987,0.0
2022-11-19,UFC Fight Night: Nzechukwu vs. Cutelaba,Charles Johnson vs. Zhalgas Zhumagulov,Doug Crosby,28,29,0,-4,-1,-0.09999999999999987,0.0
2022-11-19,UFC Fight Night: Nzechukwu vs. Cutelaba,Charles Johnson vs. Zhalgas Zhumagulov,Sal D'Amato,29,28,1,-4,-1,-0.09999999999999987,0.0
2022-11-19,UFC Fight Night: Nzechukwu vs. Cutelaba,Jennifer Maia vs. Maryna Moroz,Sal D'Amato,30,27,1,29,0,1.7333333333333332,0.0
2022-11-19,UFC Fight Night: Nzechukwu vs. Cutelaba,Jennifer Maia vs. Maryna Moroz,Derek Cleary,29,28,1,29,0,1.7333333333333332,0.0
2022-11-19,UFC Fight Night: Nzechukwu vs. Cutelaba,Jennifer Maia vs. Maryna Moroz,Junichiro Kamijo,29,28,1,29,0,1.7333333333333332,0.0
2022-11-19,UFC Fight Night: Nzechukwu vs. Cutelaba,Vince Morales vs. Miles Johns,Doug Crosby,27,30,0,1,-1,-2.05,0.0
2022-11-19,UFC Fight Night: Nzechukwu vs. Cutelaba,Vince Morales vs. Miles Johns,Mike Bell,28,29,0,1,-1,-2.05,0.0
2022-11-19,UFC Fight Night: Nzechukwu vs. Cutelaba,Vince Morales vs. Miles Johns,Adalaide Byrd,28,29,0,1,-1,-2.05,0.0
2022-11-19,UFC Fight Night: Nzechukwu vs. Cutelaba,Ricky Turcios vs. Kevin Natividad,Derek Cleary,29,28,1,27,-5,1.2833333333333332,-1.0
2022-11-19,UFC Fight Night: Nzechukwu vs. Cutelaba,Ricky Turcios vs. Kevin Natividad,Anthony Maness,28,29,0,27,-5,1.2833333333333332,-1.0
2022-11-19,UFC Fight Night: Nzechukwu vs. Cutelaba,Ricky Turcios vs. Kevin Natividad,Sal D'Amato,29,28,1,27,-5,1.2833333333333332,-1.0
2022-11-19,UFC Fight Night: Nzechukwu vs. Cutelaba,Vanessa Demopoulos vs. Maria Oliveira,Mike Bell,29,28,1,-28,2,7.966666666666666,1.0
2022-11-19,UFC Fight Night: Nzechukwu vs. Cutelaba,Vanessa Demopoulos vs. Maria Oliveira,Adalaide Byrd,29,28,1,-28,2,7.966666666666666,1.0
2022-11-19,UFC Fight Night: Nzechukwu vs. Cutelaba,Vanessa Demopoulos vs. Maria Oliveira,Sal D'Amato,29,28,1,-28,2,7.966666666666666,1.0
2022-11-19,UFC Fight Night: Nzechukwu vs. Cutelaba,Brady Hiestand vs. Fernie Garcia,Derek Cleary,29,28,1,-2,2,7.866666666666667,0.0
2022-11-19,UFC Fight Night: Nzechukwu vs. Cutelaba,Brady Hiestand vs. Fernie Garcia,Junichiro Kamijo,29,28,1,-2,2,7.866666666666667,0.0
2022-11-19,UFC Fight Night: Nzechukwu vs. Cutelaba,Brady Hiestand vs. Fernie Garcia,Anthony Maness,29,28,1,-2,2,7.866666666666667,0.0
2022-11-12,UFC 281: Adesanya vs. Pereira,Andre Petroski vs. Wellington Turman,Doug Crosby,30,27,1,1,7,6.316666666666666,0.0
2022-11-12,UFC 281: Adesanya vs. Pereira,Andre Petroski vs. Wellington Turman,Dave Tirelli,30,27,1,1,7,6.316666666666666,0.0
2022-11-12,UFC 281: Adesanya vs. Pereira,Andre Petroski vs. Wellington Turman,Bryan Miner,29,28,1,1,7,6.316666666666666,0.0
2022-11-12,UFC 281: Adesanya vs. Pereira,Karolina Kowalkiewicz vs. Silvana Gomez Juarez,Mike Bell,29,28,1,-3,2,3.8833333333333333,0.0
2022-11-12,UFC 281: Adesanya vs. Pereira,Karolina Kowalkiewicz vs. Silvana Gomez Juarez,Sal D'Amato,29,28,1,-3,2,3.8833333333333333,0.0
2022-11-12,UFC 281: Adesanya vs. Pereira,Karolina Kowalkiewicz vs. Silvana Gomez Juarez,Dave Tirelli,29,28,1,-3,2,3.8833333333333333,0.0
2022-11-12,UFC 281: Adesanya vs. Pereira,Julio Arce vs. Montel Jackson,Bryan Miner,27,30,0,-22,1,-5.816666666666666,-1.0
2022-11-12,UFC 281: Adesanya vs. Pereira,Julio Arce vs. Montel Jackson,Sal D'Amato,27,30,0,-22,1,-5.816666666666666,-1.0
2022-11-12,UFC 281: Adesanya vs. Pereira,Julio Arce vs. Montel Jackson,Doug Crosby,28,29,0,-22,1,-5.816666666666666,-1.0
2022-11-05,UFC Fight Night: Rodriguez vs. Lemos,Miranda Maverick vs. Shanna Young,Mike Bell,30,26,1,34,5,9.233333333333334,0.0
2022-11-05,UFC Fight Night: Rodriguez vs. Lemos,Miranda Maverick vs. Shanna Young,Eric Colon,30,26,1,34,5,9.233333333333334,0.0
2022-11-05,UFC Fight Night: Rodriguez vs. Lemos,Miranda Maverick vs. Shanna Young,Junichiro Kamijo,30,26,1,34,5,9.233333333333334,0.0
2022-11-05,UFC Fight Night: Rodriguez vs. Lemos,Liudvik Sholinian vs. Johnny Munoz,Junichiro Kamijo,27,30,0,-22,-2,-1.15,0.0
2022-11-05,UFC Fight Night: Rodriguez vs. Lemos,Liudvik Sholinian vs. Johnny Munoz,Chris Lee,27,30,0,-22,-2,-1.15,0.0
2022-11-05,UFC Fight Night: Rodriguez vs. Lemos,Liudvik Sholinian vs. Johnny Munoz,Sal D'Amato,28,29,0,-22,-2,-1.15,0.0
2022-10-29,UFC Fight Night: Kattar vs. Allen,Tim Means vs. Max Griffin,Ben Cartlidge,28,29,0,5,0,-3.7666666666666666,-1.0
2022-10-29,UFC Fight Night: Kattar vs. Allen,Tim Means vs. Max Griffin,Eric Colon,29,28,1,5,0,-3.7666666666666666,-1.0
2022-10-29,UFC Fight Night: Kattar vs. Allen,Tim Means vs. Max Griffin,Derek Cleary,27,30,0,5,0,-3.7666666666666666,-1.0
2022-10-29,UFC Fight Night: Kattar vs. Allen,Waldo Cortes Acosta vs. Jared Vanderaa,Ron McCarthy,30,27,1,17,0,-0.16666666666666669,0.0
2022-10-29,UFC Fight Night: Kattar vs. Allen,Waldo Cortes Acosta vs. Jared Vanderaa,Junichiro Kamijo,29,28,1,17,0,-0.16666666666666669,0.0
2022-10-29,UFC Fight Night: Kattar vs. Allen,Waldo Cortes Acosta vs. Jared Vanderaa,Tony Weeks,29,28,1,17,0,-0.16666666666666669,0.0
2022-10-29,UFC Fight Night: Kattar vs. Allen,Dustin Jacoby vs. Khalil Rountree Jr.,Ben Cartlidge,28,29,0,35,0,0.08333333333333333,0.0
2022-10-29,UFC Fight Night: Kattar vs. Allen,Dustin Jacoby vs. Khalil Rountree Jr.,Ron McCarthy,29,28,1,35,0,0.08333333333333333,0.0
2022-10-29,UFC Fight Night: Kattar vs. Allen,Dustin Jacoby vs. Khalil Rountree Jr.,Chris Flores,28,29,0,35,0,0.08333333333333333,0.0
2022-10-29,UFC Fight Night: Kattar vs. Allen,Cody Durden vs. Carlos Mota,Adalaide Byrd,30,27,1,5,4,12.35,0.0
2022-10-29,UFC Fight Night: Kattar vs. Allen,Cody Durden vs. Carlos Mota,Tony Weeks,29,28,1,5,4,12.35,0.0
2022-10-29,UFC Fight Night: Kattar vs. Allen,Cody Durden vs. Carlos Mota,Ben Cartlidge,29,28,1,5,4,12.35,0.0
2022-10-22,UFC 280: Oliveira vs. Makhachev,Petr Yan vs. Sean O'Malley,Ben Cartlidge,28,29,0,-26,6,5.700000000000001,0.0
2022-10-22,UFC 280: Oliveira vs. Makhachev,Petr Yan vs. Sean O'Malley,Vito Paolillo,29,28,1,-26,6,5.700000000000001,0.0
2022-10-22,UFC 280: Oliveira vs. Makhachev,Petr Yan vs. Sean O'Malley,David Lethaby,28,29,0,-26,6,5.700000000000001,0.0
2022-10-22,UFC 280: Oliveira vs. Makhachev,Beneil Dariush vs. Mateusz Gamrot,Junichiro Kamijo,30,27,1,26,-4,-1.55,1.0
2022-10-22,UFC 280: Oliveira vs. Makhachev,Beneil Dariush vs. Mateusz Gamrot,Darryl Ransom,30,27,1,26,-4,-1.55,1.0
2022-10-22,UFC 280: Oliveira vs. Makhachev,Beneil Dariush vs. Mateusz Gamrot,Clemens Werner,29,28,1,26,-4,-1.55,1.0
2022-10-22,UFC 280: Oliveira vs. Makhachev,Katlyn Cerminara vs. Manon Fiorot,David Lethaby,28,29,0,-22,-1,-0.23333333333333334,0.0
2022-10-22,UFC 280: Oliveira vs. Makhachev,Katlyn Cerminara vs. Manon Fiorot,Anders Ohlsson,28,29,0,-22,-1,-0.23333333333333334,0.0
2022-10-22,UFC 280: Oliveira vs. Makhachev,Katlyn Cerminara vs. Manon Fiorot,Vito Paolillo,28,29,0,-22,-1,-0.23333333333333334,0.0
2022-10-22,UFC 280: Oliveira vs. Makhachev,Makhmud Muradov vs. Caio Borralho,Junichiro Kamijo,27,30,0,-5,1,-0.7999999999999998,0.0
2022-10-22,UFC 280: Oliveira vs. Makhachev,Makhmud Muradov vs. Caio Borralho,Vito Paolillo,27,30,0,-5,1,-0.7999999999999998,0.0
2022-10-22,UFC 280: Oliveira vs. Makhachev,Makhmud Muradov vs. Caio Borralho,Clemens Werner,28,29,0,-5,1,-0.7999999999999998,0.0
2022-10-22,UFC 280: Oliveira vs. Makhachev,Volkan Oezdemir vs. Nikita Krylov,David Lethaby,27,30,0,-15,-6,-8.5,0.0
2022-10-22,UFC 280: Oliveira vs. Makhachev,Volkan Oezdemir vs. Nikita Krylov,Anders Ohlsson,28,29,0,-15,-6,-8.5,0.0
2022-10-22,UFC 280: Oliveira vs. Makhachev,Volkan Oezdemir vs. Nikita Krylov,Vito Paolillo,28,29,0,-15,-6,-8.5,0.0
2022-10-22,UFC 280: Oliveira vs. Makhachev,Abubakar Nurmagomedov vs. Gadzhi Omargadzhiev,Ben Cartlidge,29,28,1,2,0,6.783333333333333,0.0
2022-10-22,UFC 280: Oliveira vs. Makhachev,Abubakar Nurmagomedov vs. Gadzhi Omargadzhiev,Vito Paolillo,29,28,1,2,0,6.783333333333333,0.0
2022-10-22,UFC 280: Oliveira vs. Makhachev,Abubakar Nurmagomedov vs. Gadzhi Omargadzhiev,Anders Ohlsson,30,27,1,2,0,6.783333333333333,0.0
2022-10-22,UFC 280: Oliveira vs. Makhachev,Armen Petrosyan vs. AJ Dobson,Junichiro Kamijo,30,27,1,60,-3,-0.8166666666666667,0.0
2022-10-22,UFC 280: Oliveira vs. Makhachev,Armen Petrosyan vs. AJ Dobson,David Lethaby,30,27,1,60,-3,-0.8166666666666667,0.0
2022-10-22,UFC 280: Oliveira vs. Makhachev,Armen Petrosyan vs. AJ Dobson,Darryl Ransom,30,27,1,60,-3,-0.8166666666666667,0.0
2022-10-22,UFC 280: Oliveira vs. Makhachev,Karol Rosa vs. Lina Lansberg,Ben Cartlidge,29,27,1,18,3,6.9333333333333345,-1.0
2022-10-22,UFC 280: Oliveira vs. Makhachev,Karol Rosa vs. Lina Lansberg,Darryl Ransom,29,27,1,18,3,6.9333333333333345,-1.0
2022-10-15,UFC Fight Night: Grasso vs. Araujo,Alexa Grasso vs. Viviane Araujo,Mike Bell,50,45,1,27,-2,-3.4833333333333334,0.0
2022-10-15,UFC Fight Night: Grasso vs. Araujo,Alexa Grasso vs. Viviane Araujo,Sal D'Amato,49,46,1,27,-2,-3.4833333333333334,0.0
2022-10-15,UFC Fight Night: Grasso vs. Araujo,Alexa Grasso vs. Viviane Araujo,Junichiro Kamijo,49,46,1,27,-2,-3.4833333333333334,0.0
2022-10-15,UFC Fight Night: Grasso vs. Araujo,Raphael Assuncao vs. Victor Henry,Mike Bell,30,27,1,5,2,4.433333333333334,0.0
2022-10-15,UFC Fight Night: Grasso vs. Araujo,Raphael Assuncao vs. Victor Henry,Sal D'Amato,30,27,1,5,2,4.433333333333334,0.0
2022-10-15,UFC Fight Night: Grasso vs. Araujo,Raphael Assuncao vs. Victor Henry,Bryan Miner,30,27,1,5,2,4.433333333333334,0.0
2022-10-15,UFC Fight Night: Grasso vs. Araujo,Mana Martinez vs. Brandon Davis,Mike Bell,29,28,1,11,0,-0.7666666666666666,2.0
2022-10-15,UFC Fight Night: Grasso vs. Araujo,Mana Martinez vs. Brandon Davis,Junichiro Kamijo,28,29,0,11,0,-0.7666666666666666,2.0
2022-10-15,UFC Fight Night: Grasso vs. Araujo,Mana Martinez vs. Brandon Davis,Tony Weeks,29,28,1,11,0,-0.7666666666666666,2.0
2022-10-15,UFC Fight Night: Grasso vs. Araujo,Nick Maximov vs. Jacob Malkoun,Mike Bell,27,30,0,-49,-9,-7.550000000000001,0.0
2022-10-15,UFC Fight Night: Grasso vs. Araujo,Nick Maximov vs. Jacob Malkoun,Sal D'Amato,27,30,0,-49,-9,-7.550000000000001,0.0
2022-10-15,UFC Fight Night: Grasso vs. Araujo,Nick Maximov vs. Jacob Malkoun,Chris Lee,27,30,0,-49,-9,-7.550000000000001,0.0
2022-10-15,UFC Fight Night: Grasso vs. Araujo,Piera Rodriguez vs. Sam Hughes,Mike Bell,29,28,1,14,5,1.4333333333333331,0.0
2022-10-15,UFC Fight Night: Grasso vs. Araujo,Piera Rodriguez vs. Sam Hughes,Adalaide Byrd,29,28,1,14,5,1.4333333333333331,0.0
2022-10-15,UFC Fight Night: Grasso vs. Araujo,Piera Rodriguez vs. Sam Hughes,Sal D'Amato,29,28,1,14,5,1.4333333333333331,0.0
2022-10-01,UFC Fight Night: Dern vs. Yan,Mackenzie Dern vs. Yan Xiaonan,Junichiro Kamijo,47,48,0,-52,2,5.133333333333333,0.0
2022-10-01,UFC Fight Night: Dern vs. Yan,Mackenzie Dern vs. Yan Xiaonan,Sal D'Amato,47,48,0,-52,2,5.133333333333333,0.0
2022-10-01,UFC Fight Night: Dern vs. Yan,Randy Brown vs. Francisco Trinaldo,Chris Lee,29,28,1,20,-1,-4.716666666666667,1.0
2022-10-01,UFC Fight Night: Dern vs. Yan,Randy Brown vs. Francisco Trinaldo,Sal D'Amato,29,28,1,20,-1,-4.716666666666667,1.0
2022-10-01,UFC Fight Night: Dern vs. Yan,Randy Brown vs. Francisco Trinaldo,Eric Colon,29,28,1,20,-1,-4.716666666666667,1.0
2022-10-01,UFC Fight Night: Dern vs. Yan,Raoni Barcelos vs. Trevin Jones,Junichiro Kamijo,30,25,1,62,2,7.116666666666667,1.0
2022-10-01,UFC Fight Night: Dern vs. Yan,Raoni Barcelos vs. Trevin Jones,Doug Crosby,30,27,1,62,2,7.116666666666667,1.0
2022-10-01,UFC Fight Night: Dern vs. Yan,Raoni Barcelos vs. Trevin Jones,Mike Bell,30,27,1,62,2,7.116666666666667,1.0
2022-10-01,UFC Fight Night: Dern vs. Yan,Mike Davis vs. Viacheslav Borshchev,Doug Crosby,29,28,1,2,9,7.8,0.0
2022-10-01,UFC Fight Night: Dern vs. Yan,Mike Davis vs. Viacheslav Borshchev,Adalaide Byrd,30,26,1,2,9,7.8,0.0
2022-10-01,UFC Fight Night: Dern vs. Yan,Mike Davis vs. Viacheslav Borshchev,Mike Bell,30,26,1,2,9,7.8,0.0
2022-10-01,UFC Fight Night: Dern vs. Yan,Ilir Latifi vs. Aleksei Oleinik,Tony Weeks,30,27,1,10,3,8.450000000000001,0.0
2022-10-01,UFC Fight Night: Dern vs. Yan,Ilir Latifi vs. Aleksei Oleinik,Anthony Maness,30,27,1,10,3,8.450000000000001,0.0
2022-10-01,UFC Fight Night: Dern vs. Yan,Ilir Latifi vs. Aleksei Oleinik,Sal D'Amato,30,27,1,10,3,8.450000000000001,0.0
2022-09-17,UFC Fight Night: Sandhagen vs. Song,Andre Fili vs. Bill Algeo,Chris Lee,28,29,0,-22,1,4.183333333333334,0.0
2022-09-17,UFC Fight Night: Sandhagen vs. Song,Andre Fili vs. Bill Algeo,Sal D'Amato,29,28,1,-22,1,4.183333333333334,0.0
2022-09-17,UFC Fight Night: Sandhagen vs. Song,Andre Fili vs. Bill Algeo,Derek Cleary,29,28,1,-22,1,4.183333333333334,0.0
2022-09-17,UFC Fight Night: Sandhagen vs. Song,Tanner Boser vs. Rodrigo Nascimento,Junichiro Kamijo,27,30,0,26,-3,-7.049999999999999,0.0
2022-09-17,UFC Fight Night: Sandhagen vs. Song,Tanner Boser vs. Rodrigo Nascimento,Doug Crosby,29,28,1,26,-3,-7.049999999999999,0.0
2022-09-17,UFC Fight Night: Sandhagen vs. Song,Tanner Boser vs. Rodrigo Nascimento,Adalaide Byrd,28,29,0,26,-3,-7.049999999999999,0.0
2022-09-17,UFC Fight Night: Sandhagen vs. Song,Trevin Giles vs. Louis Cosce,Anthony Maness,30,27,1,15,1,-1.4500000000000002,0.0
2022-09-17,UFC Fight Night: Sandhagen vs. Song,Trevin Giles vs. Louis Cosce,Chris Lee,29,28,1,15,1,-1.4500000000000002,0.0
2022-09-17,UFC Fight Night: Sandhagen vs. Song,Trevin Giles vs. Louis Cosce,Junichiro Kamijo,29,28,1,15,1,-1.4500000000000002,0.0
2022-09-17,UFC Fight Night: Sandhagen vs. Song,Denise Gomes vs. Loma Lookboonmee,Mike Bell,27,30,0,-29,-4,-1.5,0.0
2022-09-17,UFC Fight Night: Sandhagen vs. Song,Denise Gomes vs. Loma Lookboonmee,Sal D'Amato,27,30,0,-29,-4,-1.5,0.0
2022-09-17,UFC Fight Night: Sandhagen vs. Song,Denise Gomes vs. Loma Lookboonmee,Derek Cleary,28,29,0,-29,-4,-1.5,0.0
2022-09-17,UFC Fight Night: Sandhagen vs. Song,Trey Ogden vs. Daniel Zellhuber,Doug Crosby,30,27,1,19,1,0.6333333333333333,0.0
2022-09-17,UFC Fight Night: Sandhagen vs. Song,Trey Ogden vs. Daniel Zellhuber,Junichiro Kamijo,30,27,1,19,1,0.6333333333333333,0.0
2022-09-17,UFC Fight Night: Sandhagen vs. Song,Trey Ogden vs. Daniel Zellhuber,Chris Lee,29,28,1,19,1,0.6333333333333333,0.0
2022-09-17,UFC Fight Night: Sandhagen vs. Song,Tony Gravely vs. Javid Basharat,Chris Lee,28,29,0,-47,0,-1.5000000000000002,0.0
2022-09-17,UFC Fight Night: Sandhagen vs. Song,Tony Gravely vs. Javid Basharat,Anthony Maness,28,29,0,-47,0,-1.5000000000000002,0.0
2022-09-17,UFC Fight Night: Sandhagen vs. Song,Tony Gravely vs. Javid Basharat,Junichiro Kamijo,28,29,0,-47,0,-1.5000000000000002,0.0
2022-09-10,UFC 279: Diaz vs. Ferguson,Li Jingliang vs. Daniel Rodriguez,Mike Bell,28,29,0,-10,1,0.03333333333333333,0.0
2022-09-10,UFC 279: Diaz vs. Ferguson,Li Jingliang vs. Daniel Rodriguez,Ron McCarthy,29,28,1,-10,1,0.03333333333333333,0.0
2022-09-10,UFC 279: Diaz vs. Ferguson,Li Jingliang vs. Daniel Rodriguez,Doug Crosby,28,29,0,-10,1,0.03333333333333333,0.0
2022-09-10,UFC 279: Diaz vs. Ferguson,Hakeem Dawodu vs. Julian Erosa,Doug Crosby,27,30,0,-18,-2,-4.166666666666667,0.0
2022-09-10,UFC 279: Diaz vs. Ferguson,Hakeem Dawodu vs. Julian Erosa,Sal D'Amato,27,30,0,-18,-2,-4.166666666666667,0.0
2022-09-10,UFC 279: Diaz vs. Ferguson,Hakeem Dawodu vs. Julian Erosa,Junichiro Kamijo,27,30,0,-18,-2,-4.166666666666667,0.0
2022-09-10,UFC 279: Diaz vs. Ferguson,Norma Dumont vs. Danyelle Wolf,Doug Crosby,30,27,1,32,2,6.683333333333334,1.0
2022-09-10,UFC 279: Diaz vs. Ferguson,Norma Dumont vs. Danyelle Wolf,Junichiro Kamijo,30,27,1,32,2,6.683333333333334,1.0
2022-09-10,UFC 279: Diaz vs. Ferguson,Norma Dumont vs. Danyelle Wolf,Sal D'Amato,30,26,1,32,2,6.683333333333334,1.0
2022-09-10,UFC 279: Diaz vs. Ferguson,Chad Anheliger vs. Alatengheili,Mike Bell,27,30,0,-10,-2,-1.3833333333333333,0.0
2022-09-10,UFC 279: Diaz vs. Ferguson,Chad Anheliger vs. Alatengheili,Chris Lee,27,30,0,-10,-2,-1.3833333333333333,0.0
2022-09-10,UFC 279: Diaz vs. Ferguson,Chad Anheliger vs. Alatengheili,Ron McCarthy,27,30,0,-10,-2,-1.3833333333333333,0.0
2022-09-10,UFC 279: Diaz vs. Ferguson,Melissa Martinez vs. Elise Reed,Sal D'Amato,28,29,0,7,-2,-0.8833333333333329,-1.0
2022-09-10,UFC 279: Diaz vs. Ferguson,Melissa Martinez vs. Elise Reed,Adalaide Byrd,28,29,0,7,-2,-0.8833333333333329,-1.0
2022-09-10,UFC 279: Diaz vs. Ferguson,Melissa Martinez vs. Elise Reed,Junichiro Kamijo,28,29,0,7,-2,-0.8833333333333329,-1.0
2022-09-10,UFC 279: Diaz vs. Ferguson,Darian Weeks vs. Yohan Lainesse,Mike Bell,28,29,0,21,1,1.5333333333333332,0.0
2022-09-10,UFC 279: Diaz vs. Ferguson,Darian Weeks vs. Yohan Lainesse,Ron McCarthy,29,28,1,21,1,1.5333333333333332,0.0
2022-09-10,UFC 279: Diaz vs. Ferguson,Darian Weeks vs. Yohan Lainesse,Tony Weeks,28,29,0,21,1,1.5333333333333332,0.0
2022-09-03,UFC Fight Night: Gane vs. Tuivasa,Robert Whittaker vs. Marvin Vettori,Mark Collett,30,27,1,41,1,-0.26666666666666666,0.0
2022-09-03,UFC Fight Night: Gane vs. Tuivasa,Robert Whittaker vs. Marvin Vettori,Howard Hughes,30,27,1,41,1,-0.26666666666666666,0.0
2022-09-03,UFC Fight Night: Gane vs. Tuivasa,Robert Whittaker vs. Marvin Vettori,Clemens Werner,29,28,1,41,1,-0.26666666666666666,0.0
2022-09-03,UFC Fight Night: Gane vs. Tuivasa,Nassourdine Imavov vs. Joaquin Buckley,Ben Cartlidge,29,28,1,5,2,3.45,0.0
2022-09-03,UFC Fight Night: Gane vs. Tuivasa,Nassourdine Imavov vs. Joaquin Buckley,Mark Collett,29,28,1,5,2,3.45,0.0
2022-09-03,UFC Fight Night: Gane vs. Tuivasa,Nassourdine Imavov vs. Joaquin Buckley,Derek Cleary,30,27,1,5,2,3.45,0.0
2022-09-03,UFC Fight Night: Gane vs. Tuivasa,William Gomis vs. Jarno Errens,David Lethaby,29,28,1,12,3,7.833333333333333,0.0
2022-09-03,UFC Fight Night: Gane vs. Tuivasa,William Gomis vs. Jarno Errens,Clemens Werner,29,28,1,12,3,7.833333333333333,0.0
2022-09-03,UFC Fight Night: Gane vs. Tuivasa,Charles Jourdain vs. Nathaniel Wood,Howard Hughes,27,30,0,-11,-4,-4.1,0.0
2022-09-03,UFC Fight Night: Gane vs. Tuivasa,Charles Jourdain vs. Nathaniel Wood,Ahmed Korchi,27,30,0,-11,-4,-4.1,0.0
2022-09-03,UFC Fight Night: Gane vs. Tuivasa,Charles Jourdain vs. Nathaniel Wood,Mark Collett,28,29,0,-11,-4,-4.1,0.0
2022-09-03,UFC Fight Night: Gane vs. Tuivasa,John Makdessi vs. Nasrat Haqparast,Derek Cleary,27,30,0,9,-2,-0.5833333333333334,-1.0
2022-09-03,UFC Fight Night: Gane vs. Tuivasa,John Makdessi vs. Nasrat Haqparast,Howard Hughes,27,30,0,9,-2,-0.5833333333333334,-1.0
2022-09-03,UFC Fight Night: Gane vs. Tuivasa,John Makdessi vs. Nasrat Haqparast,Mark Collett,28,29,0,9,-2,-0.5833333333333334,-1.0
2022-09-03,UFC Fight Night: Gane vs. Tuivasa,Fares Ziam vs. Michal Figlak,Christophe Chapuis,30,27,1,32,2,5.216666666666667,0.0
2022-09-03,UFC Fight Night: Gane vs. Tuivasa,Fares Ziam vs. Michal Figlak,Clemens Werner,30,27,1,32,2,5.216666666666667,0.0
2022-09-03,UFC Fight Night: Gane vs. Tuivasa,Fares Ziam vs. Michal Figlak,Howard Hughes,29,28,1,32,2,5.216666666666667,0.0
2022-08-20,UFC 278: Usman vs. Edwards,Paulo Costa vs. Luke Rockhold,Derek Cleary,30,27,1,22,1,4.683333333333334,0.0
2022-08-20,UFC 278: Usman vs. Edwards,Paulo Costa vs. Luke Rockhold,Mike Bell,30,27,1,22,1,4.683333333333334,0.0
2022-08-20,UFC 278: Usman vs. Edwards,Paulo Costa vs. Luke Rockhold,Chris Lee,30,27,1,22,1,4.683333333333334,0.0
2022-08-20,UFC 278: Usman vs. Edwards,Jose Aldo vs. Merab Dvalishvili,Sal D'Amato,28,29,0,-19,0,-5.1,0.0
2022-08-20,UFC 278: Usman vs. Edwards,Jose Aldo vs. Merab Dvalishvili,Mike Bell,27,30,0,-19,0,-5.1,0.0
2022-08-20,UFC 278: Usman vs. Edwards,Jose Aldo vs. Merab Dvalishvili,Chris Lee,28,29,0,-19,0,-5.1,0.0
2022-08-20,UFC 278: Usman vs. Edwards,Marcin Tybura vs. Alexandr Romanov,Sal D'Amato,29,28,1,7,-2,-3.2333333333333334,0.0
2022-08-20,UFC 278: Usman vs. Edwards,Marcin Tybura vs. Alexandr Romanov,Mike Bell,29,28,1,7,-2,-3.2333333333333334,0.0
2022-08-20,UFC 278: Usman vs. Edwards,Leonardo Santos vs. Jared Gordon,Sal D'Amato,27,30,0,-80,0,-3.0166666666666666,0.0
2022-08-20,UFC 278: Usman vs. Edwards,Leonardo Santos vs. Jared Gordon,Derek Cleary,27,30,0,-80,0,-3.0166666666666666,0.0
2022-08-20,UFC 278: Usman vs. Edwards,Leonardo Santos vs. Jared Gordon,Mike Bell,27,30,0,-80,0,-3.0166666666666666,0.0
2022-08-20,UFC 278: Usman vs. Edwards,AJ Fletcher vs. Ange Loosa,Chris Lee,28,29,0,-42,-2,-4.833333333333334,0.0
2022-08-20,UFC 278: Usman vs. Edwards,AJ Fletcher vs. Ange Loosa,Dan Furse,28,29,0,-42,-2,-4.833333333333334,0.0
2022-08-20,UFC 278: Usman vs. Edwards,AJ Fletcher vs. Ange Loosa,Sal D'Amato,27,29,0,-42,-2,-4.833333333333334,0.0
2022-08-20,UFC 278: Usman vs. Edwards,Aoriqileng vs. Jay Perrin,Sal D'Amato,29,28,1,-16,-3,-5.95,0.0
2022-08-20,UFC 278: Usman vs. Edwards,Aoriqileng vs. Jay Perrin,Chris Lee,29,28,1,-16,-3,-5.95,0.0
2022-08-20,UFC 278: Usman vs. Edwards,Aoriqileng vs. Jay Perrin,Steve Faragher,29,28,1,-16,-3,-5.95,0.0
2022-08-13,UFC Fight Night: Vera vs. Cruz,Nate Landwehr vs. David Onama,Junichiro Kamijo,29,27,1,20,2,3.8666666666666663,-1.0
2022-08-13,UFC Fight Night: Vera vs. Cruz,Nate Landwehr vs. David Onama,Derek Cleary,29,27,1,20,2,3.8666666666666663,-1.0
2022-08-13,UFC Fight Night: Vera vs. Cruz,Yazmin Jauregui vs. Iasmin Lucindo,Ron McCarthy,30,27,1,20,0,-0.35,0.0
2022-08-13,UFC Fight Night: Vera vs. Cruz,Yazmin Jauregui vs. Iasmin Lucindo,Derek Cleary,29,28,1,20,0,-0.35,0.0
2022-08-13,UFC Fight Night: Vera vs. Cruz,Yazmin Jauregui vs. Iasmin Lucindo,Sal D'Amato,29,28,1,20,0,-0.35,0.0
2022-08-13,UFC Fight Night: Vera vs. Cruz,Angela Hill vs. Loopy Godinez,Derek Cleary,29,28,1,-7,0,0.31666666666666676,0.0
2022-08-13,UFC Fight Night: Vera vs. Cruz,Angela Hill vs. Loopy Godinez,Junichiro Kamijo,29,28,1,-7,0,0.31666666666666676,0.0
2022-08-13,UFC Fight Night: Vera vs. Cruz,Angela Hill vs. Loopy Godinez,Chris Crail,29,28,1,-7,0,0.31666666666666676,0.0
2022-08-13,UFC Fight Night: Vera vs. Cruz,Martin Buday vs. Lukasz Brzeski,Sal D'Amato,29,28,1,-52,0,0.1,0.0
2022-08-13,UFC Fight Night: Vera vs. Cruz,Martin Buday vs. Lukasz Brzeski,Mike Bell,28,29,0,-52,0,0.1,0.0
2022-08-13,UFC Fight Night: Vera vs. Cruz,Martin Buday vs. Lukasz Brzeski,Eliot Kelly,29,28,1,-52,0,0.1,0.0
2022-08-13,UFC Fight Night: Vera vs. Cruz,Cynthia Calvillo vs. Nina Nunes,Derek Cleary,29,28,1,9,3,2.1500000000000004,0.0
2022-08-13,UFC Fight Night: Vera vs. Cruz,Cynthia Calvillo vs. Nina Nunes,Junichiro Kamijo,28,29,0,9,3,2.1500000000000004,0.0
2022-08-13,UFC Fight Night: Vera vs. Cruz,Cynthia Calvillo vs. Nina Nunes,Chris Crail,27,30,0,9,3,2.1500000000000004,0.0
2022-07-30,UFC 277: Pena vs. Nunes 2,Julianna Pena vs. Amanda Nunes,Jacob Montalvo,45,50,0,-25,-6,-11.816666666666666,-3.0
2022-07-30,UFC 277: Pena vs. Nunes 2,Julianna Pena vs. Amanda Nunes,Doug Crosby,43,50,0,-25,-6,-11.816666666666666,-3.0
2022-07-30,UFC 277: Pena vs. Nunes 2,Julianna Pena vs. Amanda Nunes,Sal D'Amato,44,50,0,-25,-6,-11.816666666666666,-3.0
2022-07-30,UFC 277: Pena vs. Nunes 2,Alex Morono vs. Matthew Semelsberger,Kent Basinger,30,27,1,32,-1,-2.2333333333333334,-1.0
2022-07-30,UFC 277: Pena vs. Nunes 2,Alex Morono vs. Matthew Semelsberger,Seth Fuller,29,28,1,32,-1,-2.2333333333333334,-1.0
2022-07-30,UFC 277: Pena vs. Nunes 2,Alex Morono vs. Matthew Semelsberger,Steve Armstrong,29,28,1,32,-1,-2.2333333333333334,-1.0
2022-07-30,UFC 277: Pena vs. Nunes 2,Drakkar Klose vs. Rafa Garcia,Kent Basinger,29,28,1,27,-1,-0.8166666666666664,0.0
2022-07-30,UFC 277: Pena vs. Nunes 2,Drakkar Klose vs. Rafa Garcia,Steve Armstrong,29,28,1,27,-1,-0.8166666666666664,0.0
2022-07-30,UFC 277: Pena vs. Nunes 2,Drakkar Klose vs. Rafa Garcia,Aaron Menard,29,28,1,27,-1,-0.8166666666666664,0.0
2022-07-30,UFC 277: Pena vs. Nunes 2,Joselyne Edwards vs. Ji Yeon Kim,Seth Fuller,30,27,1,23,1,1.7,0.0
2022-07-30,UFC 277: Pena vs. Nunes 2,Joselyne Edwards vs. Ji Yeon Kim,Steve Armstrong,28,29,0,23,1,1.7,0.0
2022-07-30,UFC 277: Pena vs. Nunes 2,Joselyne Edwards vs. Ji Yeon Kim,Kent Basinger,29,28,1,23,1,1.7,0.0
2022-07-30,UFC 277: Pena vs. Nunes 2,Orion Cosce vs. Blood Diamond,Dan Mathisen,29,28,1,-38,3,8.3,0.0
2022-07-30,UFC 277: Pena vs. Nunes 2,Orion Cosce vs. Blood Diamond,Seth Fuller,29,28,1,-38,3,8.3,0.0
2022-07-30,UFC 277: Pena vs. Nunes 2,Orion Cosce vs. Blood Diamond,Kent Basinger,29,28,1,-38,3,8.3,0.0
2022-07-23,UFC Fight Night: Blaydes vs. Aspinall,Jack Hermansson vs. Chris Curtis,Darryl Ransom,29,28,1,57,0,0.0,0.0
2022-07-23,UFC Fight Night: Blaydes vs. Aspinall,Jack Hermansson vs. Chris Curtis,Cezary Wojciechowski,29,28,1,57,0,0.0,0.0
2022-07-23,UFC Fight Night: Blaydes vs. Aspinall,Jack Hermansson vs. Chris Curtis,Clemens Werner,30,27,1,57,0,0.0,0.0
2022-07-23,UFC Fight Night: Blaydes vs. Aspinall,Paul Craig vs. Volkan Oezdemir,David Lethaby,27,30,0,-39,-1,-5.033333333333333,0.0
2022-07-23,UFC Fight Night: Blaydes vs. Aspinall,Paul Craig vs. Volkan Oezdemir,Vito Paolillo,27,30,0,-39,-1,-5.033333333333333,0.0
2022-07-23,UFC Fight Night: Blaydes vs. Aspinall,Paul Craig vs. Volkan Oezdemir,Cezary Wojciechowski,27,30,0,-39,-1,-5.033333333333333,0.0
2022-07-23,UFC Fight Night: Blaydes vs. Aspinall,Mason Jones vs. Ludovit Klein,Ben Cartlidge,27,30,0,-7,0,-4.4,-1.0
2022-07-23,UFC Fight Night: Blaydes vs. Aspinall,Mason Jones vs. Ludovit Klein,Darryl Ransom,27,30,0,-7,0,-4.4,-1.0
2022-07-23,UFC Fight Night: Blaydes vs. Aspinall,Mason Jones vs. Ludovit Klein,Clemens Werner,27,30,0,-7,0,-4.4,-1.0
2022-07-23,UFC Fight Night: Blaydes vs. Aspinall,Marc Diakiese vs. Damir Hadzovic,Vito Paolillo,30,26,1,8,8,13.583333333333332,0.0
2022-07-23,UFC Fight Night: Blaydes vs. Aspinall,Marc Diakiese vs. Damir Hadzovic,Cezary Wojciechowski,30,26,1,8,8,13.583333333333332,0.0
2022-07-23,UFC Fight Night: Blaydes vs. Aspinall,Marc Diakiese vs. Damir Hadzovic,Anders Ohlsson,30,27,1,8,8,13.583333333333332,0.0
2022-07-23,UFC Fight Night: Blaydes vs. Aspinall,Nathaniel Wood vs. Charles Rosa,David Lethaby,30,26,1,46,-1,0.5500000000000002,0.0
2022-07-23,UFC Fight Night: Blaydes vs. Aspinall,Nathaniel Wood vs. Charles Rosa,Darryl Ransom,30,26,1,46,-1,0.5500000000000002,0.0
2022-07-23,UFC Fight Night: Blaydes vs. Aspinall,Nathaniel Wood vs. Charles Rosa,Clemens Werner,30,27,1,46,-1,0.5500000000000002,0.0
2022-07-23,UFC Fight Night: Blaydes vs. Aspinall,Muhammad Mokaev vs. Charles Johnson,David Lethaby,30,27,1,0,12,11.283333333333335,0.0
2022-07-23,UFC Fight Night: Blaydes vs. Aspinall,Muhammad Mokaev vs. Charles Johnson,Darryl Ransom,30,27,1,0,12,11.283333333333335,0.0
2022-07-23,UFC Fight Night: Blaydes vs. Aspinall,Muhammad Mokaev vs. Charles Johnson,Clemens Werner,30,27,1,0,12,11.283333333333335,0.0
2022-07-23,UFC Fight Night: Blaydes vs. Aspinall,Jai Herbert vs. Kyle Nelson,Ben Cartlidge,29,28,1,-5,0,2.85,0.0
2022-07-23,UFC Fight Night: Blaydes vs. Aspinall,Jai Herbert vs. Kyle Nelson,Anders Ohlsson,29,28,1,-5,0,2.85,0.0
2022-07-23,UFC Fight Night: Blaydes vs. Aspinall,Jai Herbert vs. Kyle Nelson,Darryl Ransom,29,28,1,-5,0,2.85,0.0
2022-07-23,UFC Fight Night: Blaydes vs. Aspinall,Mandy Bohm vs. Victoria Leonardo,Vito Paolillo,27,30,0,13,-2,-6.183333333333333,0.0
2022-07-23,UFC Fight Night: Blaydes vs. Aspinall,Mandy Bohm vs. Victoria Leonardo,Clemens Werner,27,30,0,13,-2,-6.183333333333333,0.0
2022-07-23,UFC Fight Night: Blaydes vs. Aspinall,Mandy Bohm vs. Victoria Leonardo,Cezary Wojciechowski,27,30,0,13,-2,-6.183333333333333,0.0
2022-07-23,UFC Fight Night: Blaydes vs. Aspinall,Claudio Silva vs. Nicolas Dalby,Ben Cartlidge,28,29,0,-34,3,3.0,0.0
2022-07-23,UFC Fight Night: Blaydes vs. Aspinall,Claudio Silva vs. Nicolas Dalby,David Lethaby,28,29,0,-34,3,3.0,0.0
2022-07-23,UFC Fight Night: Blaydes vs. Aspinall,Claudio Silva vs. Nicolas Dalby,Anders Ohlsson,27,29,0,-34,3,3.0,0.0
2022-07-16,UFC Fight Night: Ortega vs. Rodriguez,Shane Burgos vs. Charles Jourdain,Eric Colon,29,28,1,-71,2,4.283333333333333,0.0
2022-07-16,UFC Fight Night: Ortega vs. Rodriguez,Shane Burgos vs. Charles Jourdain,Chris Lee,29,28,1,-71,2,4.283333333333333,0.0
2022-07-16,UFC Fight Night: Ortega vs. Rodriguez,Lauren Murphy vs. Miesha Tate,Doug Crosby,30,27,1,17,2,-0.7833333333333334,0.0
2022-07-16,UFC Fight Night: Ortega vs. Rodriguez,Lauren Murphy vs. Miesha Tate,Dave Tirelli,30,27,1,17,2,-0.7833333333333334,0.0
2022-07-16,UFC Fight Night: Ortega vs. Rodriguez,Lauren Murphy vs. Miesha Tate,Derek Cleary,29,28,1,17,2,-0.7833333333333334,0.0
2022-07-16,UFC Fight Night: Ortega vs. Rodriguez,Dwight Grant vs. Dustin Stoltzfus,Mike Bell,28,29,0,3,-2,-4.283333333333333,0.0
2022-07-16,UFC Fight Night: Ortega vs. Rodriguez,Dwight Grant vs. Dustin Stoltzfus,Derek Cleary,28,29,0,3,-2,-4.283333333333333,0.0
2022-07-16,UFC Fight Night: Ortega vs. Rodriguez,Dwight Grant vs. Dustin Stoltzfus,Chris Lee,28,29,0,3,-2,-4.283333333333333,0.0
2022-07-16,UFC Fight Night: Ortega vs. Rodriguez,Jessica Penne vs. Emily Ducote,Doug Crosby,28,29,0,-53,0,0.0,0.0
2022-07-16,UFC Fight Night: Ortega vs. Rodriguez,Jessica Penne vs. Emily Ducote,Eric Colon,28,29,0,-53,0,0.0,0.0
2022-07-16,UFC Fight Night: Ortega vs. Rodriguez,Jessica Penne vs. Emily Ducote,Dave Tirelli,27,30,0,-53,0,0.0,0.0
2022-07-09,UFC Fight Night: Dos Anjos vs. Fiziev,Caio Borralho vs. Armen Petrosyan,Doug Crosby,30,27,1,-19,4,8.833333333333334,0.0
2022-07-09,UFC Fight Night: Dos Anjos vs. Fiziev,Caio Borralho vs. Armen Petrosyan,Sal D'Amato,30,27,1,-19,4,8.833333333333334,0.0
2022-07-09,UFC Fight Night: Dos Anjos vs. Fiziev,Caio Borralho vs. Armen Petrosyan,Mike Bell,29,28,1,-19,4,8.833333333333334,0.0
2022-07-09,UFC Fight Night: Dos Anjos vs. Fiziev,Douglas Silva de Andrade vs. Said Nurmagomedov,Mike Bell,27,30,0,-14,0,3.8333333333333335,0.0
2022-07-09,UFC Fight Night: Dos Anjos vs. Fiziev,Douglas Silva de Andrade vs. Said Nurmagomedov,Derek Cleary,28,29,0,-14,0,3.8333333333333335,0.0
2022-07-09,UFC Fight Night: Dos Anjos vs. Fiziev,Douglas Silva de Andrade vs. Said Nurmagomedov,Adalaide Byrd,28,29,0,-14,0,3.8333333333333335,0.0
2022-07-09,UFC Fight Night: Dos Anjos vs. Fiziev,Aiemann Zahabi vs. Ricky Turcios,Derek Cleary,29,28,1,27,0,0.0,0.0
2022-07-09,UFC Fight Night: Dos Anjos vs. Fiziev,Aiemann Zahabi vs. Ricky Turcios,Doug Crosby,29,28,1,27,0,0.0,0.0
2022-07-09,UFC Fight Night: Dos Anjos vs. Fiziev,Aiemann Zahabi vs. Ricky Turcios,Sal D'Amato,29,28,1,27,0,0.0,0.0
2022-07-09,UFC Fight Night: Dos Anjos vs. Fiziev,Michael Johnson vs. Jamie Mullarkey,Derek Cleary,28,29,0,-30,0,0.33333333333333337,1.0
2022-07-09,UFC Fight Night: Dos Anjos vs. Fiziev,Michael Johnson vs. Jamie Mullarkey,Mike Bell,29,28,1,-30,0,0.33333333333333337,1.0
2022-07-09,UFC Fight Night: Dos Anjos vs. Fiziev,Michael Johnson vs. Jamie Mullarkey,Anthony Maness,28,29,0,-30,0,0.33333333333333337,1.0
2022-07-09,UFC Fight Night: Dos Anjos vs. Fiziev,Antonina Shevchenko vs. Cortney Casey,Derek Cleary,29,28,1,22,-2,-1.3,0.0
2022-07-09,UFC Fight Night: Dos Anjos vs. Fiziev,Antonina Shevchenko vs. Cortney Casey,Junichiro Kamijo,28,29,0,22,-2,-1.3,0.0
2022-07-09,UFC Fight Night: Dos Anjos vs. Fiziev,Antonina Shevchenko vs. Cortney Casey,Adalaide Byrd,29,28,1,22,-2,-1.3,0.0
2022-07-09,UFC Fight Night: Dos Anjos vs. Fiziev,Ronnie Lawrence vs. Saidyokub Kakhramonov,Tony Weeks,26,30,0,-17,-9,-12.25,0.0
2022-07-09,UFC Fight Night: Dos Anjos vs. Fiziev,Ronnie Lawrence vs. Saidyokub Kakhramonov,Sal D'Amato,27,30,0,-17,-9,-12.25,0.0
2022-07-09,UFC Fight Night: Dos Anjos vs. Fiziev,Ronnie Lawrence vs. Saidyokub Kakhramonov,Junichiro Kamijo,27,30,0,-17,-9,-12.25,0.0
2022-07-02,UFC 276: Adesanya vs. Cannonier,Israel Adesanya vs. Jared Cannonier,Derek Cleary,49,46,1,26,0,-4.233333333333333,0.0
2022-07-02,UFC 276: Adesanya vs. Cannonier,Israel Adesanya vs. Jared Cannonier,Junichiro Kamijo,49,46,1,26,0,-4.233333333333333,0.0
2022-07-02,UFC 276: Adesanya vs. Cannonier,Israel Adesanya vs. Jared Cannonier,Sal D'Amato,50,45,1,26,0,-4.233333333333333,0.0
2022-07-02,UFC 276: Adesanya vs. Cannonier,Alexander Volkanovski vs. Max Holloway,Mike Bell,50,45,1,72,0,1.6833333333333336,0.0
2022-07-02,UFC 276: Adesanya vs. Cannonier,Alexander Volkanovski vs. Max Holloway,Sal D'Amato,50,45,1,72,0,1.6833333333333336,0.0
2022-07-02,UFC 276: Adesanya vs. Cannonier,Alexander Volkanovski vs. Max Holloway,Ron McCarthy,50,45,1,72,0,1.6833333333333336,0.0
2022-07-02,UFC 276: Adesanya vs. Cannonier,Ian Machado Garry vs. Gabe Green,Derek Cleary,30,27,1,26,0,-1.5166666666666666,1.0
2022-07-02,UFC 276: Adesanya vs. Cannonier,Ian Machado Garry vs. Gabe Green,Adalaide Byrd,30,27,1,26,0,-1.5166666666666666,1.0
2022-07-02,UFC 276: Adesanya vs. Cannonier,Ian Machado Garry vs. Gabe Green,Junichiro Kamijo,30,27,1,26,0,-1.5166666666666666,1.0
2022-07-02,UFC 276: Adesanya vs. Cannonier,Brad Tavares vs. Dricus Du Plessis,Mike Bell,28,29,0,-31,0,0.7166666666666666,0.0
2022-07-02,UFC 276: Adesanya vs. Cannonier,Brad Tavares vs. Dricus Du Plessis,Ron McCarthy,28,29,0,-31,0,0.7166666666666666,0.0
2022-07-02,UFC 276: Adesanya vs. Cannonier,Brad Tavares vs. Dricus Du Plessis,Tony Weeks,28,29,0,-31,0,0.7166666666666666,0.0
2022-07-02,UFC 276: Adesanya vs. Cannonier,Uriah Hall vs. Andre Muniz,Derek Cleary,27,30,0,-11,-4,-9.899999999999999,0.0
2022-07-02,UFC 276: Adesanya vs. Cannonier,Uriah Hall vs. Andre Muniz,Anthony Maness,27,30,0,-11,-4,-9.899999999999999,0.0
2022-07-02,UFC 276: Adesanya vs. Cannonier,Uriah Hall vs. Andre Muniz,Junichiro Kamijo,27,30,0,-11,-4,-9.899999999999999,0.0
2022-07-02,UFC 276: Adesanya vs. Cannonier,Jessica Eye vs. Maycee Barber,Sal D'Amato,28,29,0,-28,1,6.283333333333334,0.0
2022-07-02,UFC 276: Adesanya vs. Cannonier,Jessica Eye vs. Maycee Barber,Ron McCarthy,28,29,0,-28,1,6.283333333333334,0.0
2022-07-02,UFC 276: Adesanya vs. Cannonier,Jessica Eye vs. Maycee Barber,Adalaide Byrd,27,30,0,-28,1,6.283333333333334,0.0
2022-06-25,UFC Fight Night: Tsarukyan vs. Gamrot,Arman Tsarukyan vs. Mateusz Gamrot,Sal D'Amato,47,48,0,14,-5,-3.3166666666666664,1.0
2022-06-25,UFC Fight Night: Tsarukyan vs. Gamrot,Arman Tsarukyan vs. Mateusz Gamrot,Chris Lee,47,48,0,14,-5,-3.3166666666666664,1.0
2022-06-25,UFC Fight Night: Tsarukyan vs. Gamrot,Arman Tsarukyan vs. Mateusz Gamrot,Ron McCarthy,47,48,0,14,-5,-3.3166666666666664,1.0
2022-06-25,UFC Fight Night: Tsarukyan vs. Gamrot,Nate Maness vs. Umar Nurmagomedov,Junichiro Kamijo,27,30,0,-72,-3,-10.816666666666666,0.0
2022-06-25,UFC Fight Night: Tsarukyan vs. Gamrot,Chris Curtis vs. Rodolfo Vieira,Chris Lee,29,28,1,23,0,-1.4999999999999998,0.0
2022-06-25,UFC Fight Night: Tsarukyan vs. Gamrot,Chris Curtis vs. Rodolfo Vieira,Anthony Maness,29,28,1,23,0,-1.4999999999999998,0.0
2022-06-25,UFC Fight Night: Tsarukyan vs. Gamrot,Chris Curtis vs. Rodolfo Vieira,Junichiro Kamijo,29,28,1,23,0,-1.4999999999999998,0.0
2022-06-25,UFC Fight Night: Tsarukyan vs. Gamrot,Shayilan Nuerdanbieke vs. TJ Brown,Sal D'Amato,29,28,1,5,2,4.633333333333333,1.0
2022-06-25,UFC Fight Night: Tsarukyan vs. Gamrot,Shayilan Nuerdanbieke vs. TJ Brown,Ron McCarthy,29,28,1,5,2,4.633333333333333,1.0
2022-06-25,UFC Fight Night: Tsarukyan vs. Gamrot,Shayilan Nuerdanbieke vs. TJ Brown,Adalaide Byrd,29,28,1,5,2,4.633333333333333,1.0
2022-06-25,UFC Fight Night: Tsarukyan vs. Gamrot,Raulian Paiva vs. Sergey Morozov,Chris Lee,28,29,0,-5,-1,-4.366666666666667,0.0
2022-06-25,UFC Fight Night: Tsarukyan vs. Gamrot,Raulian Paiva vs. Sergey Morozov,Junichiro Kamijo,28,29,0,-5,-1,-4.366666666666667,0.0
2022-06-25,UFC Fight Night: Tsarukyan vs. Gamrot,Raulian Paiva vs. Sergey Morozov,Tony Weeks,28,29,0,-5,-1,-4.366666666666667,0.0
2022-06-25,UFC Fight Night: Tsarukyan vs. Gamrot,Vanessa Demopoulos vs. Jinh Yu Frey,Jerin Valel,30,27,1,4,1,4.05,0.0
2022-06-18,UFC Fight Night: Kattar vs. Emmett,Calvin Kattar vs. Josh Emmett,Chris Lee,47,48,0,23,0,-0.06666666666666667,0.0
2022-06-18,UFC Fight Night: Kattar vs. Emmett,Calvin Kattar vs. Josh Emmett,Doug Crosby,48,47,1,23,0,-0.06666666666666667,0.0
2022-06-18,UFC Fight Night: Kattar vs. Emmett,Calvin Kattar vs. Josh Emmett,Sal D'Amato,47,48,0,23,0,-0.06666666666666667,0.0
2022-06-18,UFC Fight Night: Kattar vs. Emmett,Damir Ismagulov vs. Guram Kutateladze,Doug Crosby,28,29,0,1,-1,0.1166666666666667,0.0
2022-06-18,UFC Fight Night: Kattar vs. Emmett,Damir Ismagulov vs. Guram Kutateladze,Chris Lee,29,28,1,1,-1,0.1166666666666667,0.0
2022-06-18,UFC Fight Night: Kattar vs. Emmett,Damir Ismagulov vs. Guram Kutateladze,Jason Stafin,30,27,1,1,-1,0.1166666666666667,0.0
2022-06-18,UFC Fight Night: Kattar vs. Emmett,Jasmine Jasudavicius vs. Natalia Silva,Chris Lee,26,30,0,-65,-2,2.5,0.0
2022-06-18,UFC Fight Night: Kattar vs. Emmett,Jasmine Jasudavicius vs. Natalia Silva,Joel Ojeda,27,30,0,-65,-2,2.5,0.0
2022-06-18,UFC Fight Night: Kattar vs. Emmett,Jasmine Jasudavicius vs. Natalia Silva,Jon Schorle,27,30,0,-65,-2,2.5,0.0
2022-06-18,UFC Fight Night: Kattar vs. Emmett,Maria Oliveira vs. Gloria de Paula,Chris Lee,29,28,1,-9,0,0.7666666666666668,0.0
2022-06-18,UFC Fight Night: Kattar vs. Emmett,Maria Oliveira vs. Gloria de Paula,Jon Schorle,28,29,0,-9,0,0.7666666666666668,0.0
2022-06-18,UFC Fight Night: Kattar vs. Emmett,Maria Oliveira vs. Gloria de Paula,Joel Ojeda,29,28,1,-9,0,0.7666666666666668,0.0
2022-06-11,UFC 275: Teixeira vs. Prochazka,Valentina Shevchenko vs. Taila Santos,Howard Hughes,48,47,1,22,0,-4.566666666666666,0.0
2022-06-11,UFC 275: Teixeira vs. Prochazka,Valentina Shevchenko vs. Taila Santos,David Lethaby,47,48,0,22,0,-4.566666666666666,0.0
2022-06-11,UFC 275: Teixeira vs. Prochazka,Valentina Shevchenko vs. Taila Santos,Clemens Werner,49,46,1,22,0,-4.566666666666666,0.0
2022-06-11,UFC 275: Teixeira vs. Prochazka,SeungWoo Choi vs. Josh Culibao,Evan Field,28,29,0,-5,1,1.5333333333333334,-2.0
2022-06-11,UFC 275: Teixeira vs. Prochazka,SeungWoo Choi vs. Josh Culibao,Anthony Dimitriou,29,28,1,-5,1,1.5333333333333334,-2.0
2022-06-11,UFC 275: Teixeira vs. Prochazka,SeungWoo Choi vs. Josh Culibao,Howard Hughes,28,29,0,-5,1,1.5333333333333334,-2.0
2022-06-11,UFC 275: Teixeira vs. Prochazka,Brendan Allen vs. Jacob Malkoun,Evan Field,29,28,1,12,-5,-3.75,0.0
2022-06-11,UFC 275: Teixeira vs. Prochazka,Brendan Allen vs. Jacob Malkoun,Garth Harriman,29,28,1,12,-5,-3.75,0.0
2022-06-11,UFC 275: Teixeira vs. Prochazka,Brendan Allen vs. Jacob Malkoun,Howard Hughes,29,28,1,12,-5,-3.75,0.0
2022-06-11,UFC 275: Teixeira vs. Prochazka,Kyung Ho Kang vs. Batgerel Danaa,Ben Cartlidge,29,28,1,-9,0,-0.05,0.0
2022-06-11,UFC 275: Teixeira vs. Prochazka,Kyung Ho Kang vs. Batgerel Danaa,Anthony Dimitriou,29,28,1,-9,0,-0.05,0.0
2022-06-11,UFC 275: Teixeira vs. Prochazka,Kyung Ho Kang vs. Batgerel Danaa,Howard Hughes,29,28,1,-9,0,-0.05,0.0
2022-06-11,UFC 275: Teixeira vs. Prochazka,Ramona Pascual vs. Joselyne Edwards,Anthony Dimitriou,27,30,0,-101,1,0.16666666666666652,0.0
2022-06-11,UFC 275: Teixeira vs. Prochazka,Ramona Pascual vs. Joselyne Edwards,Ben Cartlidge,28,29,0,-101,1,0.16666666666666652,0.0
2022-06-11,UFC 275: Teixeira vs. Prochazka,Ramona Pascual vs. Joselyne Edwards,Clemens Werner,28,29,0,-101,1,0.16666666666666652,0.0
2022-06-04,UFC Fight Night: Volkov vs. Rozenstruik,Dan Ige vs. Movsar Evloev,Doug Crosby,26,30,0,-26,-9,-6.616666666666666,0.0
2022-06-04,UFC Fight Night: Volkov vs. Rozenstruik,Dan Ige vs. Movsar Evloev,Mike Bell,27,30,0,-26,-9,-6.616666666666666,0.0
2022-06-04,UFC Fight Night: Volkov vs. Rozenstruik,Dan Ige vs. Movsar Evloev,Junichiro Kamijo,27,30,0,-26,-9,-6.616666666666666,0.0
2022-06-04,UFC Fight Night: Volkov vs. Rozenstruik,Joe Solecki vs. Alex Da Silva,Derek Cleary,28,27,1,-2,1,-1.0666666666666655,-1.0
2022-06-04,UFC Fight Night: Volkov vs. Rozenstruik,Joe Solecki vs. Alex Da Silva,Sal D'Amato,29,27,1,-2,1,-1.0666666666666655,-1.0
2022-06-04,UFC Fight Night: Volkov vs. Rozenstruik,Damon Jackson vs. Dan Argueta,Chris Lee,30,27,1,5,1,7.6833333333333345,0.0
2022-06-04,UFC Fight Night: Volkov vs. Rozenstruik,Damon Jackson vs. Dan Argueta,Anthony Maness,30,27,1,5,1,7.6833333333333345,0.0
2022-06-04,UFC Fight Night: Volkov vs. Rozenstruik,Damon Jackson vs. Dan Argueta,Mike Bell,29,28,1,5,1,7.6833333333333345,0.0
2022-06-04,UFC Fight Night: Volkov vs. Rozenstruik,Jeff Molina vs. Zhalgas Zhumagulov,Sal D'Amato,29,28,1,19,-2,-5.3,0.0
2022-06-04,UFC Fight Night: Volkov vs. Rozenstruik,Jeff Molina vs. Zhalgas Zhumagulov,Mike Bell,28,29,0,19,-2,-5.3,0.0
2022-06-04,UFC Fight Night: Volkov vs. Rozenstruik,Jeff Molina vs. Zhalgas Zhumagulov,Anthony Maness,30,27,1,19,-2,-5.3,0.0
2022-06-04,UFC Fight Night: Volkov vs. Rozenstruik,Rinat Fakhretdinov vs. Andreas Michailidis,Tony Weeks,30,26,1,27,5,12.35,0.0
2022-06-04,UFC Fight Night: Volkov vs. Rozenstruik,Rinat Fakhretdinov vs. Andreas Michailidis,Chris Lee,30,26,1,27,5,12.35,0.0
2022-06-04,UFC Fight Night: Volkov vs. Rozenstruik,Rinat Fakhretdinov vs. Andreas Michailidis,Doug Crosby,30,27,1,27,5,12.35,0.0
2022-05-21,UFC Fight Night: Holm vs. Vieira,Holly Holm vs. Ketlen Vieira,Mike Bell,47,48,0,11,-1,8.65,0.0
2022-05-21,UFC Fight Night: Holm vs. Vieira,Holly Holm vs. Ketlen Vieira,Sal D'Amato,48,47,1,11,-1,8.65,0.0
2022-05-21,UFC Fight Night: Holm vs. Vieira,Holly Holm vs. Ketlen Vieira,Derek Cleary,47,48,0,11,-1,8.65,0.0
2022-05-21,UFC Fight Night: Holm vs. Vieira,Santiago Ponzinibbio vs. Michel Pereira,Mike Bell,28,29,0,-5,1,0.2833333333333333,0.0
2022-05-21,UFC Fight Night: Holm vs. Vieira,Santiago Ponzinibbio vs. Michel Pereira,Ron McCarthy,27,30,0,-5,1,0.2833333333333333,0.0
2022-05-21,UFC Fight Night: Holm vs. Vieira,Santiago Ponzinibbio vs. Michel Pereira,Junichiro Kamijo,29,28,1,-5,1,0.2833333333333333,0.0
2022-05-21,UFC Fight Night: Holm vs. Vieira,Polyana Viana vs. Tabatha Ricci,Mike Bell,28,29,0,3,-5,-9.366666666666665,0.0
2022-05-21,UFC Fight Night: Holm vs. Vieira,Polyana Viana vs. Tabatha Ricci,Ron McCarthy,28,29,0,3,-5,-9.366666666666665,0.0
2022-05-21,UFC Fight Night: Holm vs. Vieira,Polyana Viana vs. Tabatha Ricci,Adalaide Byrd,28,29,0,3,-5,-9.366666666666665,0.0
2022-05-21,UFC Fight Night: Holm vs. Vieira,Eryk Anders vs. JunYong Park,Anthony Maness,28,29,0,-40,3,4.233333333333333,0.0
2022-05-21,UFC Fight Night: Holm vs. Vieira,Eryk Anders vs. JunYong Park,Mike Bell,29,28,1,-40,3,4.233333333333333,0.0
2022-05-21,UFC Fight Night: Holm vs. Vieira,Eryk Anders vs. JunYong Park,Sal D'Amato,28,29,0,-40,3,4.233333333333333,0.0
2022-05-21,UFC Fight Night: Holm vs. Vieira,Jonathan Martinez vs. Vince Morales,Derek Cleary,30,27,1,37,2,0.45,0.0
2022-05-21,UFC Fight Night: Holm vs. Vieira,Jonathan Martinez vs. Vince Morales,Ron McCarthy,30,27,1,37,2,0.45,0.0
2022-05-21,UFC Fight Night: Holm vs. Vieira,Jonathan Martinez vs. Vince Morales,Anthony Maness,30,27,1,37,2,0.45,0.0
2022-05-14,UFC Fight Night: Blachowicz vs. Rakic,Katlyn Cerminara vs. Amanda Ribas,Sal D'Amato,29,28,1,8,-3,-4.716666666666667,0.0
2022-05-14,UFC Fight Night: Blachowicz vs. Rakic,Katlyn Cerminara vs. Amanda Ribas,Derek Cleary,28,29,0,8,-3,-4.716666666666667,0.0
2022-05-14,UFC Fight Night: Blachowicz vs. Rakic,Katlyn Cerminara vs. Amanda Ribas,Junichiro Kamijo,29,28,1,8,-3,-4.716666666666667,0.0
2022-05-14,UFC Fight Night: Blachowicz vs. Rakic,Jake Hadley vs. Allan Nascimento,Sal D'Amato,27,30,0,-11,-2,-5.616666666666666,0.0
2022-05-14,UFC Fight Night: Blachowicz vs. Rakic,Jake Hadley vs. Allan Nascimento,Ron McCarthy,27,30,0,-11,-2,-5.616666666666666,0.0
2022-05-14,UFC Fight Night: Blachowicz vs. Rakic,Jake Hadley vs. Allan Nascimento,Adalaide Byrd,27,30,0,-11,-2,-5.616666666666666,0.0
2022-05-14,UFC Fight Night: Blachowicz vs. Rakic,Viviane Araujo vs. Andrea Lee,Derek Cleary,29,28,1,-8,2,9.866666666666667,-1.0
2022-05-14,UFC Fight Night: Blachowicz vs. Rakic,Viviane Araujo vs. Andrea Lee,Sal D'Amato,29,27,1,-8,2,9.866666666666667,-1.0
2022-05-14,UFC Fight Night: Blachowicz vs. Rakic,Viviane Araujo vs. Andrea Lee,Junichiro Kamijo,29,27,1,-8,2,9.866666666666667,-1.0
2022-05-14,UFC Fight Night: Blachowicz vs. Rakic,Virna Jandiroba vs. Angela Hill,Sal D'Amato,30,27,1,-7,2,4.933333333333334,0.0
2022-05-14,UFC Fight Night: Blachowicz vs. Rakic,Virna Jandiroba vs. Angela Hill,Chris Lee,30,27,1,-7,2,4.933333333333334,0.0
2022-05-14,UFC Fight Night: Blachowicz vs. Rakic,Virna Jandiroba vs. Angela Hill,Junichiro Kamijo,30,27,1,-7,2,4.933333333333334,0.0
2022-05-14,UFC Fight Night: Blachowicz vs. Rakic,Tatsuro Taira vs. Carlos Candelario,Derek Cleary,30,26,1,48,-1,3.4833333333333334,1.0
2022-05-14,UFC Fight Night: Blachowicz vs. Rakic,Tatsuro Taira vs. Carlos Candelario,Ron McCarthy,30,27,1,48,-1,3.4833333333333334,1.0
2022-05-14,UFC Fight Night: Blachowicz vs. Rakic,Tatsuro Taira vs. Carlos Candelario,Adalaide Byrd,30,27,1,48,-1,3.4833333333333334,1.0
2022-05-07,UFC 274: Oliveira vs. Gaethje,Rose Namajunas vs. Carla Esparza,Brad Frank,47,48,0,7,-1,-0.19999999999999998,0.0
2022-05-07,UFC 274: Oliveira vs. Gaethje,Rose Namajunas vs. Carla Esparza,Rick Winter,46,49,0,7,-1,-0.19999999999999998,0.0
2022-05-07,UFC 274: Oliveira vs. Gaethje,Rose Namajunas vs. Carla Esparza,Eric Colon,48,47,1,7,-1,-0.19999999999999998,0.0
2022-05-07,UFC 274: Oliveira vs. Gaethje,Mauricio Rua vs. Ovince Saint Preux,Eric Colon,28,29,0,-8,0,-0.25,0.0
2022-05-07,UFC 274: Oliveira vs. Gaethje,Mauricio Rua vs. Ovince Saint Preux,Junichiro Kamijo,29,28,1,-8,0,-0.25,0.0
2022-05-07,UFC 274: Oliveira vs. Gaethje,Mauricio Rua vs. Ovince Saint Preux,Rick Winter,27,30,0,-8,0,-0.25,0.0
2022-05-07,UFC 274: Oliveira vs. Gaethje,Randy Brown vs. Khaos Williams,Chris Lee,29,28,1,18,0,-3.966666666666667,-1.0
2022-05-07,UFC 274: Oliveira vs. Gaethje,Randy Brown vs. Khaos Williams,Rick Winter,28,29,0,18,0,-3.966666666666667,-1.0
2022-05-07,UFC 274: Oliveira vs. Gaethje,Randy Brown vs. Khaos Williams,Junichiro Kamijo,29,28,1,18,0,-3.966666666666667,-1.0
2022-05-07,UFC 274: Oliveira vs. Gaethje,Francisco Trinaldo vs. Danny Roberts,Chris Flores,30,27,1,44,0,3.7000000000000006,0.0
2022-05-07,UFC 274: Oliveira vs. Gaethje,Francisco Trinaldo vs. Danny Roberts,Junichiro Kamijo,30,26,1,44,0,3.7000000000000006,0.0
2022-05-07,UFC 274: Oliveira vs. Gaethje,Francisco Trinaldo vs. Danny Roberts,Eric Colon,29,28,1,44,0,3.7000000000000006,0.0
2022-05-07,UFC 274: Oliveira vs. Gaethje,Macy Chiasson vs. Norma Dumont,Eric Colon,30,27,1,-6,6,7.133333333333333,0.0
2022-05-07,UFC 274: Oliveira vs. Gaethje,Macy Chiasson vs. Norma Dumont,Chris Flores,30,27,1,-6,6,7.133333333333333,0.0
2022-05-07,UFC 274: Oliveira vs. Gaethje,Macy Chiasson vs. Norma Dumont,Junichiro Kamijo,28,29,0,-6,6,7.133333333333333,0.0
2022-05-07,UFC 274: Oliveira vs. Gaethje,Blagoy Ivanov vs. Marcos Rogerio de Lima,Junichiro Kamijo,29,28,1,-6,-1,1.7999999999999998,0.0
2022-05-07,UFC 274: Oliveira vs. Gaethje,Blagoy Ivanov vs. Marcos Rogerio de Lima,Chris Lee,29,28,1,-6,-1,1.7999999999999998,0.0
2022-05-07,UFC 274: Oliveira vs. Gaethje,Blagoy Ivanov vs. Marcos Rogerio de Lima,Eric Curcio,29,28,1,-6,-1,1.7999999999999998,0.0
2022-05-07,UFC 274: Oliveira vs. Gaethje,Tracy Cortez vs. Melissa Gatto,Chris Lee,29,28,1,6,-1,4.616666666666667,0.0
2022-05-07,UFC 274: Oliveira vs. Gaethje,Tracy Cortez vs. Melissa Gatto,Rick Winter,29,28,1,6,-1,4.616666666666667,0.0
2022-05-07,UFC 274: Oliveira vs. Gaethje,Tracy Cortez vs. Melissa Gatto,Brad Frank,29,28,1,6,-1,4.616666666666667,0.0
2022-05-07,UFC 274: Oliveira vs. Gaethje,Kleydson Rodrigues vs. CJ Vergara,Eric Colon,28,29,0,10,2,-1.0999999999999996,0.0
2022-05-07,UFC 274: Oliveira vs. Gaethje,Kleydson Rodrigues vs. CJ Vergara,Junichiro Kamijo,29,28,1,10,2,-1.0999999999999996,0.0
2022-05-07,UFC 274: Oliveira vs. Gaethje,Kleydson Rodrigues vs. CJ Vergara,Eric Curcio,28,29,0,10,2,-1.0999999999999996,0.0
2022-05-07,UFC 274: Oliveira vs. Gaethje,Ariane Carnelossi vs. Loopy Godinez,Eric Colon,26,30,0,-37,-8,-13.433333333333334,0.0
2022-05-07,UFC 274: Oliveira vs. Gaethje,Ariane Carnelossi vs. Loopy Godinez,Chris Lee,26,30,0,-37,-8,-13.433333333333334,0.0
2022-05-07,UFC 274: Oliveira vs. Gaethje,Ariane Carnelossi vs. Loopy Godinez,Chris Flores,27,30,0,-37,-8,-13.433333333333334,0.0
2022-05-07,UFC 274: Oliveira vs. Gaethje,Journey Newson vs. Fernie Garcia,Junichiro Kamijo,30,27,1,20,2,0.6666666666666666,0.0
2022-05-07,UFC 274: Oliveira vs. Gaethje,Journey Newson vs. Fernie Garcia,Chris Lee,30,27,1,20,2,0.6666666666666666,0.0
2022-05-07,UFC 274: Oliveira vs. Gaethje,Journey Newson vs. Fernie Garcia,Brad Frank,29,28,1,20,2,0.6666666666666666,0.0
2022-04-30,UFC Fight Night: Font vs. Vera,Rob Font vs. Marlon Vera,Mike Bell,47,48,0,112,1,-1.783333333333333,-3.0
2022-04-30,UFC Fight Night: Font vs. Vera,Rob Font vs. Marlon Vera,Sal D'Amato,46,49,0,112,1,-1.783333333333333,-3.0
2022-04-30,UFC Fight Night: Font vs. Vera,Rob Font vs. Marlon Vera,Junichiro Kamijo,46,49,0,112,1,-1.783333333333333,-3.0
2022-04-30,UFC Fight Night: Font vs. Vera,Andrei Arlovski vs. Jake Collier,Mike Bell,27,30,0,-2,-2,-3.6166666666666667,0.0
2022-04-30,UFC Fight Night: Font vs. Vera,Andrei Arlovski vs. Jake Collier,Doug Crosby,29,28,1,-2,-2,-3.6166666666666667,0.0
2022-04-30,UFC Fight Night: Font vs. Vera,Andrei Arlovski vs. Jake Collier,Sal D'Amato,29,28,1,-2,-2,-3.6166666666666667,0.0
2022-04-30,UFC Fight Night: Font vs. Vera,Darren Elkins vs. Tristan Connelly,Mike Bell,30,27,1,9,5,6.9,0.0
2022-04-30,UFC Fight Night: Font vs. Vera,Darren Elkins vs. Tristan Connelly,Bryan Miner,30,27,1,9,5,6.9,0.0
2022-04-30,UFC Fight Night: Font vs. Vera,Darren Elkins vs. Tristan Connelly,Junichiro Kamijo,30,27,1,9,5,6.9,0.0
2022-04-30,UFC Fight Night: Font vs. Vera,Krzysztof Jotko vs. Gerald Meerschaert,Sal D'Amato,30,27,1,28,3,3.516666666666666,0.0
2022-04-30,UFC Fight Night: Font vs. Vera,Krzysztof Jotko vs. Gerald Meerschaert,Adalaide Byrd,30,27,1,28,3,3.516666666666666,0.0
2022-04-30,UFC Fight Night: Font vs. Vera,Krzysztof Jotko vs. Gerald Meerschaert,Junichiro Kamijo,30,27,1,28,3,3.516666666666666,0.0
2022-04-30,UFC Fight Night: Font vs. Vera,Natan Levy vs. Mike Breeden,Mike Bell,29,28,1,-12,6,1.7166666666666666,0.0
2022-04-30,UFC Fight Night: Font vs. Vera,Natan Levy vs. Mike Breeden,Adalaide Byrd,30,27,1,-12,6,1.7166666666666666,0.0
2022-04-30,UFC Fight Night: Font vs. Vera,Natan Levy vs. Mike Breeden,Sal D'Amato,29,28,1,-12,6,1.7166666666666666,0.0
2022-04-23,UFC Fight Night: Lemos vs. Andrade,Maycee Barber vs. Montana De La Rosa,Ron McCarthy,30,27,1,36,0,1.083333333333333,0.0
2022-04-23,UFC Fight Night: Lemos vs. Andrade,Maycee Barber vs. Montana De La Rosa,Adalaide Byrd,30,27,1,36,0,1.083333333333333,0.0
2022-04-23,UFC Fight Night: Lemos vs. Andrade,Maycee Barber vs. Montana De La Rosa,Junichiro Kamijo,30,27,1,36,0,1.083333333333333,0.0
2022-04-23,UFC Fight Night: Lemos vs. Andrade,Preston Parsons vs. Evan Elder,Ron McCarthy,30,26,1,48,4,6.016666666666667,0.0
2022-04-23,UFC Fight Night: Lemos vs. Andrade,Preston Parsons vs. Evan Elder,Rick Winter,30,27,1,48,4,6.016666666666667,0.0
2022-04-23,UFC Fight Night: Lemos vs. Andrade,Preston Parsons vs. Evan Elder,Junichiro Kamijo,30,27,1,48,4,6.016666666666667,0.0
2022-04-23,UFC Fight Night: Lemos vs. Andrade,Marcin Prachnio vs. Philipe Lins,Eric Colon,28,29,0,10,-4,-3.583333333333333,0.0
2022-04-23,UFC Fight Night: Lemos vs. Andrade,Marcin Prachnio vs. Philipe Lins,Chris Lee,28,29,0,10,-4,-3.583333333333333,0.0
2022-04-23,UFC Fight Night: Lemos vs. Andrade,Marcin Prachnio vs. Philipe Lins,Tony Weeks,28,29,0,10,-4,-3.583333333333333,0.0
2022-04-16,UFC Fight Night: Luque vs. Muhammad,Vicente Luque vs. Belal Muhammad,Derek Cleary,46,49,0,24,-5,-6.933333333333334,0.0
2022-04-16,UFC Fight Night: Luque vs. Muhammad,Vicente Luque vs. Belal Muhammad,Sal D'Amato,46,49,0,24,-5,-6.933333333333334,0.0
2022-04-16,UFC Fight Night: Luque vs. Muhammad,Vicente Luque vs. Belal Muhammad,Chris Lee,47,48,0,24,-5,-6.933333333333334,0.0
2022-04-16,UFC Fight Night: Luque vs. Muhammad,Caio Borralho vs. Gadzhi Omargadzhiev,Technical DecisionMike Bell,29,27,1,19,0,9.816666666666666,0.0
2022-04-16,UFC Fight Night: Luque vs. Muhammad,Caio Borralho vs. Gadzhi Omargadzhiev,Doug Crosby,29,27,1,19,0,9.816666666666666,0.0
2022-04-16,UFC Fight Night: Luque vs. Muhammad,Caio Borralho vs. Gadzhi Omargadzhiev,Junichiro Kamijo,29,27,1,19,0,9.816666666666666,0.0
2022-04-16,UFC Fight Night: Luque vs. Muhammad,Mayra Bueno Silva vs. Wu Yanan,Mike Bell,29,28,1,25,-1,-1.4333333333333333,0.0
2022-04-16,UFC Fight Night: Luque vs. Muhammad,Mayra Bueno Silva vs. Wu Yanan,Adalaide Byrd,29,28,1,25,-1,-1.4333333333333333,0.0
2022-04-16,UFC Fight Night: Luque vs. Muhammad,Mayra Bueno Silva vs. Wu Yanan,Junichiro Kamijo,30,27,1,25,-1,-1.4333333333333333,0.0
2022-04-16,UFC Fight Night: Luque vs. Muhammad,Pat Sabatini vs. TJ Laramie,Sal D'Amato,30,26,1,21,5,3.866666666666668,0.0
2022-04-16,UFC Fight Night: Luque vs. Muhammad,Pat Sabatini vs. TJ Laramie,Chris Lee,30,26,1,21,5,3.866666666666668,0.0
2022-04-16,UFC Fight Night: Luque vs. Muhammad,Pat Sabatini vs. TJ Laramie,Anthony Maness,30,26,1,21,5,3.866666666666668,0.0
2022-04-16,UFC Fight Night: Luque vs. Muhammad,Mounir Lazzez vs. Ange Loosa,Mike Bell,30,27,1,53,0,0.9000000000000001,0.0
2022-04-16,UFC Fight Night: Luque vs. Muhammad,Mounir Lazzez vs. Ange Loosa,Doug Crosby,30,27,1,53,0,0.9000000000000001,0.0
2022-04-16,UFC Fight Night: Luque vs. Muhammad,Mounir Lazzez vs. Ange Loosa,Junichiro Kamijo,30,27,1,53,0,0.9000000000000001,0.0
2022-04-16,UFC Fight Night: Luque vs. Muhammad,Lina Lansberg vs. Pannie Kianzad,Mike Bell,28,29,0,-39,-1,-2.1333333333333333,1.0
2022-04-16,UFC Fight Night: Luque vs. Muhammad,Lina Lansberg vs. Pannie Kianzad,Derek Cleary,28,29,0,-39,-1,-2.1333333333333333,1.0
2022-04-16,UFC Fight Night: Luque vs. Muhammad,Lina Lansberg vs. Pannie Kianzad,Junichiro Kamijo,28,29,0,-39,-1,-2.1333333333333333,1.0
2022-04-16,UFC Fight Night: Luque vs. Muhammad,Chris Barnett vs. Martin Buday,Technical Decision Doug Crosby,27,30,0,-33,0,-7.45,-1.0
2022-04-16,UFC Fight Night: Luque vs. Muhammad,Chris Barnett vs. Martin Buday,Chris Lee,27,30,0,-33,0,-7.45,-1.0
2022-04-16,UFC Fight Night: Luque vs. Muhammad,Chris Barnett vs. Martin Buday,Tony Weeks,27,30,0,-33,0,-7.45,-1.0
2022-04-16,UFC Fight Night: Luque vs. Muhammad,Jordan Leavitt vs. Trey Ogden,Mike Bell,29,28,1,28,-1,3.25,0.0
2022-04-16,UFC Fight Night: Luque vs. Muhammad,Jordan Leavitt vs. Trey Ogden,Junichiro Kamijo,28,29,0,28,-1,3.25,0.0
2022-04-16,UFC Fight Night: Luque vs. Muhammad,Jordan Leavitt vs. Trey Ogden,Anthony Maness,29,28,1,28,-1,3.25,0.0
2022-04-16,UFC Fight Night: Luque vs. Muhammad,Istela Nunes vs. Sam Hughes,Doug Crosby,27,29,0,13,-2,-3.4333333333333336,0.0
2022-04-16,UFC Fight Night: Luque vs. Muhammad,Istela Nunes vs. Sam Hughes,Sal D'Amato,27,29,0,13,-2,-3.4333333333333336,0.0
2022-04-09,UFC 273: Volkanovski vs. The Korean Zombie,Aljamain Sterling vs. Petr Yan,Sal D'Amato,48,47,1,-1,2,2.6500000000000004,0.0
2022-04-09,UFC 273: Volkanovski vs. The Korean Zombie,Aljamain Sterling vs. Petr Yan,Chris Lee,47,48,0,-1,2,2.6500000000000004,0.0
2022-04-09,UFC 273: Volkanovski vs. The Korean Zombie,Aljamain Sterling vs. Petr Yan,Eliseo Rodriguez,48,47,1,-1,2,2.6500000000000004,0.0
2022-04-09,UFC 273: Volkanovski vs. The Korean Zombie,Gilbert Burns vs. Khamzat Chimaev,Troy Wincapaw,28,29,0,11,-2,-2.283333333333333,-1.0
2022-04-09,UFC 273: Volkanovski vs. The Korean Zombie,Gilbert Burns vs. Khamzat Chimaev,Chris Lee,28,29,0,11,-2,-2.283333333333333,-1.0
2022-04-09,UFC 273: Volkanovski vs. The Korean Zombie,Gilbert Burns vs. Khamzat Chimaev,Eric Colon,28,29,0,11,-2,-2.283333333333333,-1.0
2022-04-09,UFC 273: Volkanovski vs. The Korean Zombie,Mackenzie Dern vs. Tecia Pennington,Chris Lee,29,28,1,-26,0,-0.5000000000000004,0.0
2022-04-09,UFC 273: Volkanovski vs. The Korean Zombie,Mackenzie Dern vs. Tecia Pennington,Barry Luxenberg,28,29,0,-26,0,-0.5000000000000004,0.0
2022-04-09,UFC 273: Volkanovski vs. The Korean Zombie,Mackenzie Dern vs. Tecia Pennington,Derek Cleary,29,28,1,-26,0,-0.5000000000000004,0.0
2022-04-09,UFC 273: Volkanovski vs. The Korean Zombie,Vinc Pichel vs. Mark Madsen,Sal D'Amato,28,29,0,29,-2,-4.366666666666667,0.0
2022-04-09,UFC 273: Volkanovski vs. The Korean Zombie,Vinc Pichel vs. Mark Madsen,Howard Reichbach,27,30,0,29,-2,-4.366666666666667,0.0
2022-04-09,UFC 273: Volkanovski vs. The Korean Zombie,Vinc Pichel vs. Mark Madsen,Chris Lee,27,30,0,29,-2,-4.366666666666667,0.0
2022-04-09,UFC 273: Volkanovski vs. The Korean Zombie,Ian Machado Garry vs. Darian Weeks,Eric Colon,29,28,1,34,-1,-2.216666666666667,0.0
2022-04-09,UFC 273: Volkanovski vs. The Korean Zombie,Ian Machado Garry vs. Darian Weeks,Troy Wincapaw,30,27,1,34,-1,-2.216666666666667,0.0
2022-04-09,UFC 273: Volkanovski vs. The Korean Zombie,Ian Machado Garry vs. Darian Weeks,Derek Cleary,30,27,1,34,-1,-2.216666666666667,0.0
2022-04-09,UFC 273: Volkanovski vs. The Korean Zombie,Anthony Hernandez vs. Josh Fremd,Barry Luxenberg,30,27,1,17,7,8.133333333333333,0.0
2022-04-09,UFC 273: Volkanovski vs. The Korean Zombie,Anthony Hernandez vs. Josh Fremd,Chris Lee,30,27,1,17,7,8.133333333333333,0.0
2022-04-09,UFC 273: Volkanovski vs. The Korean Zombie,Anthony Hernandez vs. Josh Fremd,Sal D'Amato,29,28,1,17,7,8.133333333333333,0.0
2022-04-09,UFC 273: Volkanovski vs. The Korean Zombie,Aspen Ladd vs. Raquel Pennington,Sal D'Amato,28,29,0,-49,2,1.2333333333333334,0.0
2022-04-09,UFC 273: Volkanovski vs. The Korean Zombie,Aspen Ladd vs. Raquel Pennington,Eric Colon,28,29,0,-49,2,1.2333333333333334,0.0
2022-04-09,UFC 273: Volkanovski vs. The Korean Zombie,Aspen Ladd vs. Raquel Pennington,Barry Luxenberg,28,29,0,-49,2,1.2333333333333334,0.0
2022-04-09,UFC 273: Volkanovski vs. The Korean Zombie,Piera Rodriguez vs. Kay Hansen,Eric Colon,29,28,1,19,1,1.9833333333333334,0.0
2022-04-09,UFC 273: Volkanovski vs. The Korean Zombie,Piera Rodriguez vs. Kay Hansen,Troy Wincapaw,29,28,1,19,1,1.9833333333333334,0.0
2022-04-09,UFC 273: Volkanovski vs. The Korean Zombie,Piera Rodriguez vs. Kay Hansen,Derek Cleary,29,28,1,19,1,1.9833333333333334,0.0
2022-04-09,UFC 273: Volkanovski vs. The Korean Zombie,Julio Arce vs. Daniel Santos,Chris Lee,30,27,1,78,0,-0.46666666666666673,0.0
2022-04-09,UFC 273: Volkanovski vs. The Korean Zombie,Julio Arce vs. Daniel Santos,Sal D'Amato,30,27,1,78,0,-0.46666666666666673,0.0
2022-04-09,UFC 273: Volkanovski vs. The Korean Zombie,Julio Arce vs. Daniel Santos,Eliseo Rodriguez,29,28,1,78,0,-0.46666666666666673,0.0
2022-03-26,UFC Fight Night: Blaydes vs. Daukaus,Matt Brown vs. Bryan Barberena,Mike Bell,28,29,0,-30,5,4.066666666666666,0.0
2022-03-26,UFC Fight Night: Blaydes vs. Daukaus,Matt Brown vs. Bryan Barberena,Andrew Adkins,29,28,1,-30,5,4.066666666666666,0.0
2022-03-26,UFC Fight Night: Blaydes vs. Daukaus,Matt Brown vs. Bryan Barberena,Eric Colon,28,29,0,-30,5,4.066666666666666,0.0
2022-03-26,UFC Fight Night: Blaydes vs. Daukaus,Askar Askarov vs. Kai Kara-France,Todd Schwarz,28,29,0,-24,2,5.233333333333333,0.0
2022-03-26,UFC Fight Night: Blaydes vs. Daukaus,Askar Askarov vs. Kai Kara-France,Sal D'Amato,28,29,0,-24,2,5.233333333333333,0.0
2022-03-26,UFC Fight Night: Blaydes vs. Daukaus,Askar Askarov vs. Kai Kara-France,Mike Bell,28,29,0,-24,2,5.233333333333333,0.0
2022-03-26,UFC Fight Night: Blaydes vs. Daukaus,Neil Magny vs. Max Griffin,Eric Colon,29,28,1,-13,1,3.9,-1.0
2022-03-26,UFC Fight Night: Blaydes vs. Daukaus,Neil Magny vs. Max Griffin,Todd Schwarz,28,29,0,-13,1,3.9,-1.0
2022-03-26,UFC Fight Night: Blaydes vs. Daukaus,Neil Magny vs. Max Griffin,Sal D'Amato,29,28,1,-13,1,3.9,-1.0
2022-03-26,UFC Fight Night: Blaydes vs. Daukaus,Marc Diakiese vs. Viacheslav Borshchev,Sal D'Amato,30,27,1,5,11,11.816666666666665,0.0
2022-03-26,UFC Fight Night: Blaydes vs. Daukaus,Marc Diakiese vs. Viacheslav Borshchev,Mike Bell,30,27,1,5,11,11.816666666666665,0.0
2022-03-26,UFC Fight Night: Blaydes vs. Daukaus,Marc Diakiese vs. Viacheslav Borshchev,Andrew Adkins,30,27,1,5,11,11.816666666666665,0.0
2022-03-26,UFC Fight Night: Blaydes vs. Daukaus,Sara McMann vs. Karol Rosa,Mike Bell,29,28,1,-2,3,8.516666666666666,0.0
2022-03-26,UFC Fight Night: Blaydes vs. Daukaus,Sara McMann vs. Karol Rosa,Andrew Adkins,29,28,1,-2,3,8.516666666666666,0.0
2022-03-26,UFC Fight Night: Blaydes vs. Daukaus,Sara McMann vs. Karol Rosa,Eric Colon,29,28,1,-2,3,8.516666666666666,0.0
2022-03-26,UFC Fight Night: Blaydes vs. Daukaus,Jennifer Maia vs. Manon Fiorot,Sal D'Amato,27,30,0,-46,-1,-1.35,0.0
2022-03-26,UFC Fight Night: Blaydes vs. Daukaus,Jennifer Maia vs. Manon Fiorot,Mike Bell,27,30,0,-46,-1,-1.35,0.0
2022-03-26,UFC Fight Night: Blaydes vs. Daukaus,Jennifer Maia vs. Manon Fiorot,Andrew Adkins,27,30,0,-46,-1,-1.35,0.0
2022-03-26,UFC Fight Night: Blaydes vs. Daukaus,Matheus Nicolau vs. David Dvorak,Eric Colon,29,28,1,-3,0,-0.6166666666666667,1.0
2022-03-26,UFC Fight Night: Blaydes vs. Daukaus,Matheus Nicolau vs. David Dvorak,Todd Schwarz,29,28,1,-3,0,-0.6166666666666667,1.0
2022-03-26,UFC Fight Night: Blaydes vs. Daukaus,Matheus Nicolau vs. David Dvorak,Sal D'Amato,29,28,1,-3,0,-0.6166666666666667,1.0
2022-03-26,UFC Fight Night: Blaydes vs. Daukaus,Luis Saldana vs. Bruno Souza,Mike Bell,29,28,1,18,1,1.4000000000000001,0.0
2022-03-26,UFC Fight Night: Blaydes vs. Daukaus,Luis Saldana vs. Bruno Souza,Andrew Adkins,29,28,1,18,1,1.4000000000000001,0.0
2022-03-26,UFC Fight Night: Blaydes vs. Daukaus,Luis Saldana vs. Bruno Souza,Eric Colon,29,28,1,18,1,1.4000000000000001,0.0
2022-03-19,UFC Fight Night: Volkov vs. Aspinall,Gunnar Nelson vs. Takashi Sato,David Lethaby,30,26,1,35,3,8.15,0.0
2022-03-19,UFC Fight Night: Volkov vs. Aspinall,Gunnar Nelson vs. Takashi Sato,Anders Ohlsson,30,26,1,35,3,8.15,0.0
2022-03-19,UFC Fight Night: Volkov vs. Aspinall,Gunnar Nelson vs. Takashi Sato,Paul Sutherland,30,26,1,35,3,8.15,0.0
2022-03-19,UFC Fight Night: Volkov vs. Aspinall,Jack Shore vs. Timur Valiev,Mark Collett,29,28,1,-2,1,2.65,2.0
2022-03-19,UFC Fight Night: Volkov vs. Aspinall,Jack Shore vs. Timur Valiev,David Lethaby,29,28,1,-2,1,2.65,2.0
2022-03-19,UFC Fight Night: Volkov vs. Aspinall,Jack Shore vs. Timur Valiev,Vito Paolillo,29,27,1,-2,1,2.65,2.0
2022-03-19,UFC Fight Night: Volkov vs. Aspinall,Cory McKenna vs. Elise Reed,Derek Cleary,30,27,1,-16,3,3.4,0.0
2022-03-19,UFC Fight Night: Volkov vs. Aspinall,Cory McKenna vs. Elise Reed,Anders Ohlsson,28,29,0,-16,3,3.4,0.0
2022-03-19,UFC Fight Night: Volkov vs. Aspinall,Cory McKenna vs. Elise Reed,Clemens Werner,28,29,0,-16,3,3.4,0.0
2022-03-12,UFC Fight Night: Santos vs. Ankalaev,Thiago Santos vs. Magomed Ankalaev,Derek Cleary,46,49,0,-18,-1,-3.3,1.0
2022-03-12,UFC Fight Night: Santos vs. Ankalaev,Thiago Santos vs. Magomed Ankalaev,Sal D'Amato,46,49,0,-18,-1,-3.3,1.0
2022-03-12,UFC Fight Night: Santos vs. Ankalaev,Thiago Santos vs. Magomed Ankalaev,Mike Bell,47,48,0,-18,-1,-3.3,1.0
2022-03-12,UFC Fight Night: Santos vs. Ankalaev,Sodiq Yusuff vs. Alex Caceres,Sal D'Amato,30,27,1,-2,0,2.3499999999999996,0.0
2022-03-12,UFC Fight Night: Santos vs. Ankalaev,Sodiq Yusuff vs. Alex Caceres,Adalaide Byrd,30,27,1,-2,0,2.3499999999999996,0.0
2022-03-12,UFC Fight Night: Santos vs. Ankalaev,Sodiq Yusuff vs. Alex Caceres,Mike Bell,29,28,1,-2,0,2.3499999999999996,0.0
2022-03-12,UFC Fight Night: Santos vs. Ankalaev,Alex Pereira vs. Bruno Silva,Derek Cleary,30,27,1,49,-2,-1.9666666666666666,0.0
2022-03-12,UFC Fight Night: Santos vs. Ankalaev,Alex Pereira vs. Bruno Silva,Rick Winter,30,27,1,49,-2,-1.9666666666666666,0.0
2022-03-12,UFC Fight Night: Santos vs. Ankalaev,Alex Pereira vs. Bruno Silva,Junichiro Kamijo,30,27,1,49,-2,-1.9666666666666666,0.0
2022-03-12,UFC Fight Night: Santos vs. Ankalaev,Matthew Semelsberger vs. AJ Fletcher,Mike Bell,29,28,1,6,-3,-0.7833333333333332,0.0
2022-03-12,UFC Fight Night: Santos vs. Ankalaev,Matthew Semelsberger vs. AJ Fletcher,Sal D'Amato,29,28,1,6,-3,-0.7833333333333332,0.0
2022-03-12,UFC Fight Night: Santos vs. Ankalaev,Matthew Semelsberger vs. AJ Fletcher,Dave Hagen,29,28,1,6,-3,-0.7833333333333332,0.0
2022-03-12,UFC Fight Night: Santos vs. Ankalaev,JJ Aldrich vs. Gillian Robertson,Derek Cleary,30,27,1,8,-1,2.716666666666667,0.0
2022-03-12,UFC Fight Night: Santos vs. Ankalaev,JJ Aldrich vs. Gillian Robertson,Adalaide Byrd,30,27,1,8,-1,2.716666666666667,0.0
2022-03-12,UFC Fight Night: Santos vs. Ankalaev,JJ Aldrich vs. Gillian Robertson,Junichiro Kamijo,30,27,1,8,-1,2.716666666666667,0.0
2022-03-12,UFC Fight Night: Santos vs. Ankalaev,Trevin Jones vs. Javid Basharat,Sal D'Amato,27,30,0,-27,0,0.05,0.0
2022-03-12,UFC Fight Night: Santos vs. Ankalaev,Trevin Jones vs. Javid Basharat,Dave Hagen,27,30,0,-27,0,0.05,0.0
2022-03-12,UFC Fight Night: Santos vs. Ankalaev,Trevin Jones vs. Javid Basharat,Mike Bell,28,29,0,-27,0,0.05,0.0
2022-03-05,UFC 272: Covington vs. Masvidal,Colby Covington vs. Jorge Masvidal,Junichiro Kamijo,49,46,1,27,6,15.883333333333335,0.0
2022-03-05,UFC 272: Covington vs. Masvidal,Colby Covington vs. Jorge Masvidal,Derek Cleary,50,44,1,27,6,15.883333333333335,0.0
2022-03-05,UFC 272: Covington vs. Masvidal,Colby Covington vs. Jorge Masvidal,Sal D'Amato,50,45,1,27,6,15.883333333333335,0.0
2022-03-05,UFC 272: Covington vs. Masvidal,Rafael Dos Anjos vs. Renato Moicano,Chris Lee,50,44,1,61,5,12.866666666666667,1.0
2022-03-05,UFC 272: Covington vs. Masvidal,Rafael Dos Anjos vs. Renato Moicano,Mike Bell,49,44,1,61,5,12.866666666666667,1.0
2022-03-05,UFC 272: Covington vs. Masvidal,Rafael Dos Anjos vs. Renato Moicano,Ron McCarthy,49,45,1,61,5,12.866666666666667,1.0
2022-03-05,UFC 272: Covington vs. Masvidal,Edson Barboza vs. Bryce Mitchell,Derek Cleary,25,30,0,-18,-4,-11.433333333333334,-1.0
2022-03-05,UFC 272: Covington vs. Masvidal,Edson Barboza vs. Bryce Mitchell,Doug Crosby,26,30,0,-18,-4,-11.433333333333334,-1.0
2022-03-05,UFC 272: Covington vs. Masvidal,Edson Barboza vs. Bryce Mitchell,Sal D'Amato,27,30,0,-18,-4,-11.433333333333334,-1.0
2022-03-05,UFC 272: Covington vs. Masvidal,Marina Rodriguez vs. Yan Xiaonan,Mike Bell,29,28,1,16,-2,-0.8666666666666667,0.0
2022-03-05,UFC 272: Covington vs. Masvidal,Marina Rodriguez vs. Yan Xiaonan,Derek Cleary,28,29,0,16,-2,-0.8666666666666667,0.0
2022-03-05,UFC 272: Covington vs. Masvidal,Marina Rodriguez vs. Yan Xiaonan,Ron McCarthy,29,28,1,16,-2,-0.8666666666666667,0.0
2022-03-05,UFC 272: Covington vs. Masvidal,Nicolae Negumereanu vs. Kennedy Nzechukwu,Tony Weeks,29,27,1,-31,1,3.466666666666667,0.0
2022-03-05,UFC 272: Covington vs. Masvidal,Nicolae Negumereanu vs. Kennedy Nzechukwu,Sal D'Amato,27,29,0,-31,1,3.466666666666667,0.0
2022-03-05,UFC 272: Covington vs. Masvidal,Nicolae Negumereanu vs. Kennedy Nzechukwu,Doug Crosby,29,27,1,-31,1,3.466666666666667,0.0
2022-03-05,UFC 272: Covington vs. Masvidal,Tim Elliott vs. Tagir Ulanbekov,Junichiro Kamijo,29,28,1,-11,1,-4.050000000000001,1.0
2022-03-05,UFC 272: Covington vs. Masvidal,Tim Elliott vs. Tagir Ulanbekov,Derek Cleary,29,28,1,-11,1,-4.050000000000001,1.0
2022-03-05,UFC 272: Covington vs. Masvidal,Tim Elliott vs. Tagir Ulanbekov,Ron McCarthy,29,28,1,-11,1,-4.050000000000001,1.0
2022-03-05,UFC 272: Covington vs. Masvidal,Devonte Smith vs. Ludovit Klein,Doug Crosby,28,29,0,-7,0,-6.416666666666667,0.0
2022-03-05,UFC 272: Covington vs. Masvidal,Devonte Smith vs. Ludovit Klein,Tony Weeks,29,28,1,-7,0,-6.416666666666667,0.0
2022-03-05,UFC 272: Covington vs. Masvidal,Devonte Smith vs. Ludovit Klein,Sal D'Amato,27,30,0,-7,0,-6.416666666666667,0.0
2022-03-05,UFC 272: Covington vs. Masvidal,Dustin Jacoby vs. Michal Oleksiejczuk,Mike Bell,29,28,1,20,0,2.8833333333333337,0.0
2022-03-05,UFC 272: Covington vs. Masvidal,Dustin Jacoby vs. Michal Oleksiejczuk,Eric Colon,29,28,1,20,0,2.8833333333333337,0.0
2022-03-05,UFC 272: Covington vs. Masvidal,Dustin Jacoby vs. Michal Oleksiejczuk,Chris Lee,29,28,1,20,0,2.8833333333333337,0.0
2022-02-26,UFC Fight Night: Makhachev vs. Green,Ji Yeon Kim vs. Priscila Cachoeira,Mike Bell,28,29,0,68,-1,-0.36666666666666664,0.0
2022-02-26,UFC Fight Night: Makhachev vs. Green,Ji Yeon Kim vs. Priscila Cachoeira,Sal D'Amato,28,29,0,68,-1,-0.36666666666666664,0.0
2022-02-26,UFC Fight Night: Makhachev vs. Green,Ji Yeon Kim vs. Priscila Cachoeira,Adalaide Byrd,28,29,0,68,-1,-0.36666666666666664,0.0
2022-02-26,UFC Fight Night: Makhachev vs. Green,Armen Petrosyan vs. Gregory Rodrigues,Mike Bell,29,28,1,66,-2,-1.5666666666666667,0.0
2022-02-26,UFC Fight Night: Makhachev vs. Green,Armen Petrosyan vs. Gregory Rodrigues,Doug Crosby,28,29,0,66,-2,-1.5666666666666667,0.0
2022-02-26,UFC Fight Night: Makhachev vs. Green,Armen Petrosyan vs. Gregory Rodrigues,Tony Weeks,30,27,1,66,-2,-1.5666666666666667,0.0
2022-02-26,UFC Fight Night: Makhachev vs. Green,Josiane Nunes vs. Ramona Pascual,Doug Crosby,30,27,1,46,-3,-2.966666666666667,2.0
2022-02-26,UFC Fight Night: Makhachev vs. Green,Josiane Nunes vs. Ramona Pascual,Tony Weeks,30,27,1,46,-3,-2.966666666666667,2.0
2022-02-26,UFC Fight Night: Makhachev vs. Green,Josiane Nunes vs. Ramona Pascual,Chris Lee,30,26,1,46,-3,-2.966666666666667,2.0
2022-02-26,UFC Fight Night: Makhachev vs. Green,Alejandro Perez vs. Jonathan Martinez,Mike Bell,28,29,0,-22,0,0.03333333333333333,1.0
2022-02-26,UFC Fight Night: Makhachev vs. Green,Alejandro Perez vs. Jonathan Martinez,Sal D'Amato,28,29,0,-22,0,0.03333333333333333,1.0
2022-02-26,UFC Fight Night: Makhachev vs. Green,Alejandro Perez vs. Jonathan Martinez,Dave Hagen,27,30,0,-22,0,0.03333333333333333,1.0
2022-02-26,UFC Fight Night: Makhachev vs. Green,Victor Altamirano vs. Carlos Hernandez,Mike Bell,28,29,0,-5,-1,0.08333333333333348,0.0
2022-02-26,UFC Fight Night: Makhachev vs. Green,Victor Altamirano vs. Carlos Hernandez,Sal D'Amato,27,30,0,-5,-1,0.08333333333333348,0.0
2022-02-26,UFC Fight Night: Makhachev vs. Green,Victor Altamirano vs. Carlos Hernandez,Dave Hagen,29,28,1,-5,-1,0.08333333333333348,0.0
2022-02-19,UFC Fight Night: Walker vs. Hill,Parker Porter vs. Alan Baudot,Sal D'Amato,29,28,1,-12,2,6.166666666666666,0.0
2022-02-19,UFC Fight Night: Walker vs. Hill,Parker Porter vs. Alan Baudot,Junichiro Kamijo,29,28,1,-12,2,6.166666666666666,0.0
2022-02-19,UFC Fight Night: Walker vs. Hill,Parker Porter vs. Alan Baudot,Tony Weeks,29,28,1,-12,2,6.166666666666666,0.0
2022-02-19,UFC Fight Night: Walker vs. Hill,Joaquin Buckley vs. Abdul Razak Alhassan,Sal D'Amato,29,28,1,5,2,-1.483333333333333,0.0
2022-02-19,UFC Fight Night: Walker vs. Hill,Joaquin Buckley vs. Abdul Razak Alhassan,Anthony Maness,28,29,0,5,2,-1.483333333333333,0.0
2022-02-19,UFC Fight Night: Walker vs. Hill,Joaquin Buckley vs. Abdul Razak Alhassan,Junichiro Kamijo,29,28,1,5,2,-1.483333333333333,0.0
2022-02-19,UFC Fight Night: Walker vs. Hill,Diana Belbita vs. Gloria de Paula,Mike Bell,28,29,0,-1,-1,-4.666666666666667,0.0
2022-02-19,UFC Fight Night: Walker vs. Hill,Diana Belbita vs. Gloria de Paula,Derek Cleary,28,29,0,-1,-1,-4.666666666666667,0.0
2022-02-19,UFC Fight Night: Walker vs. Hill,Diana Belbita vs. Gloria de Paula,Adalaide Byrd,28,29,0,-1,-1,-4.666666666666667,0.0
2022-02-19,UFC Fight Night: Walker vs. Hill,Jonathan Pearce vs. Christian Rodriguez,Tony Weeks,30,27,1,-8,4,10.2,0.0
2022-02-19,UFC Fight Night: Walker vs. Hill,Jonathan Pearce vs. Christian Rodriguez,Junichiro Kamijo,29,28,1,-8,4,10.2,0.0
2022-02-19,UFC Fight Night: Walker vs. Hill,Jonathan Pearce vs. Christian Rodriguez,Chris Lee,29,28,1,-8,4,10.2,0.0
2022-02-19,UFC Fight Night: Walker vs. Hill,Mario Bautista vs. Jay Perrin,Mike Bell,30,27,1,30,2,4.75,0.0
2022-02-19,UFC Fight Night: Walker vs. Hill,Mario Bautista vs. Jay Perrin,Derek Cleary,30,27,1,30,2,4.75,0.0
2022-02-19,UFC Fight Night: Walker vs. Hill,Mario Bautista vs. Jay Perrin,Adalaide Byrd,30,26,1,30,2,4.75,0.0
2022-02-12,UFC 271: Adesanya vs. Whittaker 2,Israel Adesanya vs. Robert Whittaker,Jacob Montalvo,48,47,1,20,-4,-3.65,1.0
2022-02-12,UFC 271: Adesanya vs. Whittaker 2,Israel Adesanya vs. Robert Whittaker,Doug Crosby,48,47,1,20,-4,-3.65,1.0
2022-02-12,UFC 271: Adesanya vs. Whittaker 2,Israel Adesanya vs. Robert Whittaker,Mike Beltran,49,46,1,20,-4,-3.65,1.0
2022-02-12,UFC 271: Adesanya vs. Whittaker 2,King Green vs. Nasrat Haqparast,Sal D'Amato,30,27,1,112,0,0.0,0.0
2022-02-12,UFC 271: Adesanya vs. Whittaker 2,King Green vs. Nasrat Haqparast,Doug Crosby,30,27,1,112,0,0.0,0.0
2022-02-12,UFC 271: Adesanya vs. Whittaker 2,King Green vs. Nasrat Haqparast,Patrick Patlan,30,27,1,112,0,0.0,0.0
2022-02-12,UFC 271: Adesanya vs. Whittaker 2,Andrei Arlovski vs. Jared Vanderaa,Jeff Rexroad,29,28,1,-6,0,-2.7333333333333334,0.0
2022-02-12,UFC 271: Adesanya vs. Whittaker 2,Andrei Arlovski vs. Jared Vanderaa,Robert Alexander,28,29,0,-6,0,-2.7333333333333334,0.0
2022-02-12,UFC 271: Adesanya vs. Whittaker 2,Andrei Arlovski vs. Jared Vanderaa,Doug Crosby,29,28,1,-6,0,-2.7333333333333334,0.0
2022-02-12,UFC 271: Adesanya vs. Whittaker 2,Roxanne Modafferi vs. Casey O'Neill,Kerry Hatley,28,29,0,-109,2,1.0666666666666664,0.0
2022-02-12,UFC 271: Adesanya vs. Whittaker 2,Roxanne Modafferi vs. Casey O'Neill,Robert Alexander,29,28,1,-109,2,1.0666666666666664,0.0
2022-02-12,UFC 271: Adesanya vs. Whittaker 2,Roxanne Modafferi vs. Casey O'Neill,Ivan Guzman,28,29,0,-109,2,1.0666666666666664,0.0
2022-02-12,UFC 271: Adesanya vs. Whittaker 2,Carlos Ulberg vs. Fabio Cherant,Sal D'Amato,30,27,1,53,2,0.8833333333333333,0.0
2022-02-12,UFC 271: Adesanya vs. Whittaker 2,Carlos Ulberg vs. Fabio Cherant,Ivan Guzman,30,27,1,53,2,0.8833333333333333,0.0
2022-02-12,UFC 271: Adesanya vs. Whittaker 2,Carlos Ulberg vs. Fabio Cherant,Robert Alexander,30,27,1,53,2,0.8833333333333333,0.0
2022-02-12,UFC 271: Adesanya vs. Whittaker 2,Mana Martinez vs. Ronnie Lawrence,Jeff Rexroad,27,29,0,-7,-6,-8.016666666666667,-1.0
2022-02-12,UFC 271: Adesanya vs. Whittaker 2,Mana Martinez vs. Ronnie Lawrence,Patrick Patlan,27,29,0,-7,-6,-8.016666666666667,-1.0
2022-02-12,UFC 271: Adesanya vs. Whittaker 2,Mana Martinez vs. Ronnie Lawrence,Mike Beltran,28,29,0,-7,-6,-8.016666666666667,-1.0
2022-02-12,UFC 271: Adesanya vs. Whittaker 2,AJ Dobson vs. Jacob Malkoun,Jeff Rexroad,28,29,0,-28,-6,-8.833333333333334,0.0
2022-02-12,UFC 271: Adesanya vs. Whittaker 2,AJ Dobson vs. Jacob Malkoun,Doug Crosby,28,29,0,-28,-6,-8.833333333333334,0.0
2022-02-12,UFC 271: Adesanya vs. Whittaker 2,AJ Dobson vs. Jacob Malkoun,Patrick Patlan,28,29,0,-28,-6,-8.833333333333334,0.0
2022-02-12,UFC 271: Adesanya vs. Whittaker 2,William Knight vs. Maxim Grishin,Sal D'Amato,27,30,0,-48,3,0.16666666666666652,0.0
2022-02-12,UFC 271: Adesanya vs. Whittaker 2,William Knight vs. Maxim Grishin,Ivan Guzman,27,30,0,-48,3,0.16666666666666652,0.0
2022-02-12,UFC 271: Adesanya vs. Whittaker 2,William Knight vs. Maxim Grishin,Kerry Hatley,27,30,0,-48,3,0.16666666666666652,0.0
2022-02-05,UFC Fight Night: Hermansson vs. Strickland,Jack Hermansson vs. Sean Strickland,Derek Cleary,46,49,0,-16,0,0.5166666666666666,0.0
2022-02-05,UFC Fight Night: Hermansson vs. Strickland,Jack Hermansson vs. Sean Strickland,Sal D'Amato,48,47,1,-16,0,0.5166666666666666,0.0
2022-02-05,UFC Fight Night: Hermansson vs. Strickland,Jack Hermansson vs. Sean Strickland,Junichiro Kamijo,46,49,0,-16,0,0.5166666666666666,0.0
2022-02-05,UFC Fight Night: Hermansson vs. Strickland,Punahele Soriano vs. Nick Maximov,Mike Bell,29,28,1,16,-11,-7.133333333333333,0.0
2022-02-05,UFC Fight Night: Hermansson vs. Strickland,Punahele Soriano vs. Nick Maximov,Doug Crosby,27,30,0,16,-11,-7.133333333333333,0.0
2022-02-05,UFC Fight Night: Hermansson vs. Strickland,Punahele Soriano vs. Nick Maximov,Ron McCarthy,28,29,0,16,-11,-7.133333333333333,0.0
2022-02-05,UFC Fight Night: Hermansson vs. Strickland,Tresean Gore vs. Bryan Battle,Mike Bell,28,29,0,-55,1,-2.0666666666666664,0.0
2022-02-05,UFC Fight Night: Hermansson vs. Strickland,Tresean Gore vs. Bryan Battle,Doug Crosby,28,29,0,-55,1,-2.0666666666666664,0.0
2022-02-05,UFC Fight Night: Hermansson vs. Strickland,Tresean Gore vs. Bryan Battle,Ron McCarthy,28,29,0,-55,1,-2.0666666666666664,0.0
2022-02-05,UFC Fight Night: Hermansson vs. Strickland,Julian Erosa vs. Steven Peterson,Doug Crosby,29,28,1,7,3,1.133333333333333,0.0
2022-02-05,UFC Fight Night: Hermansson vs. Strickland,Julian Erosa vs. Steven Peterson,Derek Cleary,28,29,0,7,3,1.133333333333333,0.0
2022-02-05,UFC Fight Night: Hermansson vs. Strickland,Julian Erosa vs. Steven Peterson,Junichiro Kamijo,29,28,1,7,3,1.133333333333333,0.0
2022-02-05,UFC Fight Night: Hermansson vs. Strickland,Hakeem Dawodu vs. Michael Trizano,Derek Cleary,30,27,1,71,-1,3.216666666666667,0.0
2022-02-05,UFC Fight Night: Hermansson vs. Strickland,Hakeem Dawodu vs. Michael Trizano,Eric Colon,30,27,1,71,-1,3.216666666666667,0.0
2022-02-05,UFC Fight Night: Hermansson vs. Strickland,Hakeem Dawodu vs. Michael Trizano,Sal D'Amato,30,27,1,71,-1,3.216666666666667,0.0
2022-02-05,UFC Fight Night: Hermansson vs. Strickland,Alexis Davis vs. Julija Stoliarenko,Derek Cleary,29,27,1,29,1,9.15,0.0
2022-02-05,UFC Fight Night: Hermansson vs. Strickland,Alexis Davis vs. Julija Stoliarenko,Eric Colon,29,27,1,29,1,9.15,0.0
2022-02-05,UFC Fight Night: Hermansson vs. Strickland,Alexis Davis vs. Julija Stoliarenko,Sal D'Amato,30,27,1,29,1,9.15,0.0
2022-01-22,UFC 270: Ngannou vs. Gane,Francis Ngannou vs. Ciryl Gane,Sal D'Amato,49,46,1,-20,3,5.633333333333335,0.0
2022-01-22,UFC 270: Ngannou vs. Gane,Francis Ngannou vs. Ciryl Gane,Ron McCarthy,48,47,1,-20,3,5.633333333333335,0.0
2022-01-22,UFC 270: Ngannou vs. Gane,Francis Ngannou vs. Ciryl Gane,Derek Cleary,48,47,1,-20,3,5.633333333333335,0.0
2022-01-22,UFC 270: Ngannou vs. Gane,Brandon Moreno vs. Deiveson Figueiredo,Chris Crail,47,48,0,19,-1,-1.5666666666666669,-3.0
2022-01-22,UFC 270: Ngannou vs. Gane,Brandon Moreno vs. Deiveson Figueiredo,Wade Vierra,47,48,0,19,-1,-1.5666666666666669,-3.0
2022-01-22,UFC 270: Ngannou vs. Gane,Brandon Moreno vs. Deiveson Figueiredo,Mike Bell,47,48,0,19,-1,-1.5666666666666669,-3.0
2022-01-22,UFC 270: Ngannou vs. Gane,Michel Pereira vs. Andre Fialho,Doug Crosby,29,28,1,62,1,-0.01666666666666672,0.0
2022-01-22,UFC 270: Ngannou vs. Gane,Michel Pereira vs. Andre Fialho,Sal D'Amato,29,28,1,62,1,-0.01666666666666672,0.0
2022-01-22,UFC 270: Ngannou vs. Gane,Michel Pereira vs. Andre Fialho,Derek Cleary,29,28,1,62,1,-0.01666666666666672,0.0
2022-01-22,UFC 270: Ngannou vs. Gane,Raoni Barcelos vs. Victor Henry,Ron McCarthy,27,30,0,-47,1,-1.3666666666666667,0.0
2022-01-22,UFC 270: Ngannou vs. Gane,Raoni Barcelos vs. Victor Henry,Chris Crail,27,30,0,-47,1,-1.3666666666666667,0.0
2022-01-22,UFC 270: Ngannou vs. Gane,Raoni Barcelos vs. Victor Henry,Derek Cleary,27,30,0,-47,1,-1.3666666666666667,0.0
2022-01-22,UFC 270: Ngannou vs. Gane,Tony Gravely vs. Saimon Oliveira,Ron McCarthy,30,27,1,11,11,11.216666666666667,0.0
2022-01-22,UFC 270: Ngannou vs. Gane,Tony Gravely vs. Saimon Oliveira,Mike Bell,30,27,1,11,11,11.216666666666667,0.0
2022-01-22,UFC 270: Ngannou vs. Gane,Tony Gravely vs. Saimon Oliveira,Derek Cleary,30,27,1,11,11,11.216666666666667,0.0
2022-01-22,UFC 270: Ngannou vs. Gane,Kay Hansen vs. Jasmine Jasudavicius,Wade Vierra,27,30,0,-6,-1,-4.683333333333334,0.0
2022-01-22,UFC 270: Ngannou vs. Gane,Kay Hansen vs. Jasmine Jasudavicius,Chris Crail,28,29,0,-6,-1,-4.683333333333334,0.0
2022-01-22,UFC 270: Ngannou vs. Gane,Kay Hansen vs. Jasmine Jasudavicius,Marcel Varela,28,29,0,-6,-1,-4.683333333333334,0.0
2022-01-15,UFC Fight Night: Kattar vs. Chikadze,Calvin Kattar vs. Giga Chikadze,Derek Cleary,50,45,1,16,2,3.55,1.0
2022-01-15,UFC Fight Night: Kattar vs. Chikadze,Calvin Kattar vs. Giga Chikadze,Sal D'Amato,50,45,1,16,2,3.55,1.0
2022-01-15,UFC Fight Night: Kattar vs. Chikadze,Calvin Kattar vs. Giga Chikadze,Chris Lee,50,44,1,16,2,3.55,1.0
2022-01-15,UFC Fight Night: Kattar vs. Chikadze,Brandon Royval vs. Rogerio Bontorin,Eric Colon,29,28,1,12,-8,-5.966666666666666,0.0
2022-01-15,UFC Fight Night: Kattar vs. Chikadze,Brandon Royval vs. Rogerio Bontorin,Doug Crosby,28,29,0,12,-8,-5.966666666666666,0.0
2022-01-15,UFC Fight Night: Kattar vs. Chikadze,Brandon Royval vs. Rogerio Bontorin,Chris Lee,29,28,1,12,-8,-5.966666666666666,0.0
2022-01-15,UFC Fight Night: Kattar vs. Chikadze,Katlyn Cerminara vs. Jennifer Maia,Derek Cleary,30,27,1,20,1,2.883333333333333,0.0
2022-01-15,UFC Fight Night: Kattar vs. Chikadze,Katlyn Cerminara vs. Jennifer Maia,Sal D'Amato,30,27,1,20,1,2.883333333333333,0.0
2022-01-15,UFC Fight Night: Kattar vs. Chikadze,Katlyn Cerminara vs. Jennifer Maia,Adalaide Byrd,30,27,1,20,1,2.883333333333333,0.0
2022-01-15,UFC Fight Night: Kattar vs. Chikadze,Bill Algeo vs. Joanderson Brito,Derek Cleary,30,27,1,19,0,0.13333333333333286,0.0
2022-01-15,UFC Fight Night: Kattar vs. Chikadze,Bill Algeo vs. Joanderson Brito,David Douglas,29,28,1,19,0,0.13333333333333286,0.0
2022-01-15,UFC Fight Night: Kattar vs. Chikadze,Bill Algeo vs. Joanderson Brito,Sal D'Amato,29,28,1,19,0,0.13333333333333286,0.0
2022-01-15,UFC Fight Night: Kattar vs. Chikadze,Jamie Pickett vs. Joseph Holmes,Eric Colon,29,28,1,-1,2,-0.21666666666666679,0.0
2022-01-15,UFC Fight Night: Kattar vs. Chikadze,Jamie Pickett vs. Joseph Holmes,Chris Lee,29,28,1,-1,2,-0.21666666666666679,0.0
2022-01-15,UFC Fight Night: Kattar vs. Chikadze,Jamie Pickett vs. Joseph Holmes,Adalaide Byrd,29,28,1,-1,2,-0.21666666666666679,0.0
2022-01-15,UFC Fight Night: Kattar vs. Chikadze,Court McGee vs. Ramiz Brahimaj,Mike Bell,30,27,1,22,4,10.45,1.0
2022-01-15,UFC Fight Night: Kattar vs. Chikadze,Court McGee vs. Ramiz Brahimaj,Junichiro Kamijo,30,27,1,22,4,10.45,1.0
2022-01-15,UFC Fight Night: Kattar vs. Chikadze,Court McGee vs. Ramiz Brahimaj,Tony Weeks,30,27,1,22,4,10.45,1.0
2022-01-15,UFC Fight Night: Kattar vs. Chikadze,Brian Kelleher vs. Kevin Croom,Derek Cleary,30,27,1,-22,6,5.65,1.0
2022-01-15,UFC Fight Night: Kattar vs. Chikadze,Brian Kelleher vs. Kevin Croom,Eric Colon,30,27,1,-22,6,5.65,1.0
2022-01-15,UFC Fight Night: Kattar vs. Chikadze,Brian Kelleher vs. Kevin Croom,Sal D'Amato,29,28,1,-22,6,5.65,1.0
2022-01-15,UFC Fight Night: Kattar vs. Chikadze,TJ Brown vs. Charles Rosa,Mike Bell,29,28,1,12,6,4.95,0.0
2022-01-15,UFC Fight Night: Kattar vs. Chikadze,TJ Brown vs. Charles Rosa,Adalaide Byrd,29,28,1,12,6,4.95,0.0
2022-01-15,UFC Fight Night: Kattar vs. Chikadze,TJ Brown vs. Charles Rosa,Junichiro Kamijo,29,28,1,12,6,4.95,0.0
2021-12-18,UFC Fight Night: Lewis vs. Daukaus,Stephen Thompson vs. Belal Muhammad,Mike Bell,25,30,0,-39,-7,-11.083333333333334,0.0
2021-12-18,UFC Fight Night: Lewis vs. Daukaus,Stephen Thompson vs. Belal Muhammad,Doug Crosby,26,30,0,-39,-7,-11.083333333333334,0.0
2021-12-18,UFC Fight Night: Lewis vs. Daukaus,Stephen Thompson vs. Belal Muhammad,Sal D'Amato,26,30,0,-39,-7,-11.083333333333334,0.0
2021-12-18,UFC Fight Night: Lewis vs. Daukaus,Amanda Lemos vs. Angela Hill,Mike Bell,28,29,0,2,-1,-2.2166666666666672,1.0
2021-12-18,UFC Fight Night: Lewis vs. Daukaus,Amanda Lemos vs. Angela Hill,Doug Crosby,30,27,1,2,-1,-2.2166666666666672,1.0
2021-12-18,UFC Fight Night: Lewis vs. Daukaus,Amanda Lemos vs. Angela Hill,Junichiro Kamijo,29,28,1,2,-1,-2.2166666666666672,1.0
2021-12-18,UFC Fight Night: Lewis vs. Daukaus,Charles Jourdain vs. Andre Ewell,Bryan Miner,30,26,1,81,-1,1.8666666666666667,0.0
2021-12-18,UFC Fight Night: Lewis vs. Daukaus,Charles Jourdain vs. Andre Ewell,Sal D'Amato,30,27,1,81,-1,1.8666666666666667,0.0
2021-12-18,UFC Fight Night: Lewis vs. Daukaus,Charles Jourdain vs. Andre Ewell,Junichiro Kamijo,29,27,1,81,-1,1.8666666666666667,0.0
2021-12-11,UFC 269: Oliveira vs. Poirier,Geoff Neal vs. Santiago Ponzinibbio,Derek Cleary,30,27,1,-6,-1,-0.33333333333333337,0.0
2021-12-11,UFC 269: Oliveira vs. Poirier,Geoff Neal vs. Santiago Ponzinibbio,Doug Crosby,28,29,0,-6,-1,-0.33333333333333337,0.0
2021-12-11,UFC 269: Oliveira vs. Poirier,Geoff Neal vs. Santiago Ponzinibbio,Sal D'Amato,29,28,1,-6,-1,-0.33333333333333337,0.0
2021-12-11,UFC 269: Oliveira vs. Poirier,Josh Emmett vs. Dan Ige,Doug Crosby,29,28,1,-10,-1,0.43333333333333335,1.0
2021-12-11,UFC 269: Oliveira vs. Poirier,Josh Emmett vs. Dan Ige,Ron McCarthy,29,28,1,-10,-1,0.43333333333333335,1.0
2021-12-11,UFC 269: Oliveira vs. Poirier,Josh Emmett vs. Dan Ige,Sal D'Amato,30,27,1,-10,-1,0.43333333333333335,1.0
2021-12-11,UFC 269: Oliveira vs. Poirier,Pedro Munhoz vs. Dominick Cruz,Mike Bell,28,29,0,-29,-1,0.06666666666666665,1.0
2021-12-11,UFC 269: Oliveira vs. Poirier,Pedro Munhoz vs. Dominick Cruz,Derek Cleary,28,29,0,-29,-1,0.06666666666666665,1.0
2021-12-11,UFC 269: Oliveira vs. Poirier,Pedro Munhoz vs. Dominick Cruz,Sal D'Amato,28,29,0,-29,-1,0.06666666666666665,1.0
2021-12-11,UFC 269: Oliveira vs. Poirier,Miranda Maverick vs. Erin Blanchfield,Sal D'Amato,27,30,0,-25,-7,-11.9,0.0
2021-12-11,UFC 269: Oliveira vs. Poirier,Miranda Maverick vs. Erin Blanchfield,Chris Lee,27,30,0,-25,-7,-11.9,0.0
2021-12-11,UFC 269: Oliveira vs. Poirier,Miranda Maverick vs. Erin Blanchfield,Ron McCarthy,27,30,0,-25,-7,-11.9,0.0
2021-12-11,UFC 269: Oliveira vs. Poirier,Ryan Hall vs. Darrick Minner,Mike Bell,30,27,1,14,-1,0.6500000000000004,0.0
2021-12-11,UFC 269: Oliveira vs. Poirier,Ryan Hall vs. Darrick Minner,Junichiro Kamijo,30,27,1,14,-1,0.6500000000000004,0.0
2021-12-11,UFC 269: Oliveira vs. Poirier,Ryan Hall vs. Darrick Minner,Eric Colon,29,27,1,14,-1,0.6500000000000004,0.0
2021-12-04,UFC Fight Night: Font vs. Aldo,Rob Font vs. Jose Aldo,Derek Cleary,45,50,0,63,1,-6.966666666666667,-2.0
2021-12-04,UFC Fight Night: Font vs. Aldo,Rob Font vs. Jose Aldo,Junichiro Kamijo,45,50,0,63,1,-6.966666666666667,-2.0
2021-12-04,UFC Fight Night: Font vs. Aldo,Rob Font vs. Jose Aldo,Sal D'Amato,46,49,0,63,1,-6.966666666666667,-2.0
2021-12-04,UFC Fight Night: Font vs. Aldo,Alex Morono vs. Mickey Gall,Derek Cleary,30,27,1,25,0,1.25,1.0
2021-12-04,UFC Fight Night: Font vs. Aldo,Alex Morono vs. Mickey Gall,Sal D'Amato,30,27,1,25,0,1.25,1.0
2021-12-04,UFC Fight Night: Font vs. Aldo,Alex Morono vs. Mickey Gall,Adalaide Byrd,30,27,1,25,0,1.25,1.0
2021-12-04,UFC Fight Night: Font vs. Aldo,Bryan Barberena vs. Darian Weeks,Mike Bell,29,28,1,-10,-4,-2.9499999999999997,0.0
2021-12-04,UFC Fight Night: Font vs. Aldo,Bryan Barberena vs. Darian Weeks,Junichiro Kamijo,29,28,1,-10,-4,-2.9499999999999997,0.0
2021-12-04,UFC Fight Night: Font vs. Aldo,Bryan Barberena vs. Darian Weeks,Tony Weeks,29,28,1,-10,-4,-2.9499999999999997,0.0
2021-12-04,UFC Fight Night: Font vs. Aldo,Cheyanne Vlismas vs. Mallory Martin,Dave Hagen,30,27,1,54,0,-2.7666666666666666,0.0
2021-12-04,UFC Fight Night: Font vs. Aldo,Cheyanne Vlismas vs. Mallory Martin,Derek Cleary,29,28,1,54,0,-2.7666666666666666,0.0
2021-12-04,UFC Fight Night: Font vs. Aldo,Cheyanne Vlismas vs. Mallory Martin,Sal D'Amato,29,28,1,54,0,-2.7666666666666666,0.0
2021-12-04,UFC Fight Night: Font vs. Aldo,Alonzo Menifield vs. William Knight,Derek Cleary,28,29,0,-11,-1,5.699999999999999,-1.0
2021-12-04,UFC Fight Night: Font vs. Aldo,Alonzo Menifield vs. William Knight,Junichiro Kamijo,28,29,0,-11,-1,5.699999999999999,-1.0
2021-12-04,UFC Fight Night: Font vs. Aldo,Alonzo Menifield vs. William Knight,Tony Weeks,28,29,0,-11,-1,5.699999999999999,-1.0
2021-11-20,UFC Fight Night: Vieira vs. Tate,Ketlen Vieira vs. Miesha Tate,Mike Bell,48,47,1,-9,-1,-2.8333333333333335,0.0
2021-11-20,UFC Fight Night: Vieira vs. Tate,Ketlen Vieira vs. Miesha Tate,Sal D'Amato,48,47,1,-9,-1,-2.8333333333333335,0.0
2021-11-20,UFC Fight Night: Vieira vs. Tate,Ketlen Vieira vs. Miesha Tate,Junichiro Kamijo,49,46,1,-9,-1,-2.8333333333333335,0.0
2021-11-20,UFC Fight Night: Vieira vs. Tate,Michael Chiesa vs. Sean Brady,Eric Colon,28,29,0,11,-4,-6.866666666666667,0.0
2021-11-20,UFC Fight Night: Vieira vs. Tate,Michael Chiesa vs. Sean Brady,Doug Crosby,28,29,0,11,-4,-6.866666666666667,0.0
2021-11-20,UFC Fight Night: Vieira vs. Tate,Michael Chiesa vs. Sean Brady,Junichiro Kamijo,28,29,0,11,-4,-6.866666666666667,0.0
2021-11-20,UFC Fight Night: Vieira vs. Tate,Rani Yahya vs. Kyung Ho Kang,Doug Crosby,29,28,1,-16,3,9.516666666666667,-1.0
2021-11-20,UFC Fight Night: Vieira vs. Tate,Rani Yahya vs. Kyung Ho Kang,Bryan Miner,29,28,1,-16,3,9.516666666666667,-1.0
2021-11-20,UFC Fight Night: Vieira vs. Tate,Rani Yahya vs. Kyung Ho Kang,Sal D'Amato,29,28,1,-16,3,9.516666666666667,-1.0
2021-11-20,UFC Fight Night: Vieira vs. Tate,Davey Grant vs. Adrian Yanez,Tony Weeks,30,27,1,-2,0,0.16666666666666666,0.0
2021-11-20,UFC Fight Night: Vieira vs. Tate,Davey Grant vs. Adrian Yanez,Eric Colon,28,29,0,-2,0,0.16666666666666666,0.0
2021-11-20,UFC Fight Night: Vieira vs. Tate,Davey Grant vs. Adrian Yanez,Junichiro Kamijo,28,29,0,-2,0,0.16666666666666666,0.0
2021-11-20,UFC Fight Night: Vieira vs. Tate,Pat Sabatini vs. Tucker Lutz,Eric Colon,30,26,1,-1,4,9.650000000000002,0.0
2021-11-20,UFC Fight Night: Vieira vs. Tate,Pat Sabatini vs. Tucker Lutz,Doug Crosby,30,27,1,-1,4,9.650000000000002,0.0
2021-11-20,UFC Fight Night: Vieira vs. Tate,Pat Sabatini vs. Tucker Lutz,Adalaide Byrd,30,27,1,-1,4,9.650000000000002,0.0
2021-11-20,UFC Fight Night: Vieira vs. Tate,Rafa Garcia vs. Natan Levy,Sal D'Amato,29,28,1,-12,4,4.816666666666667,0.0
2021-11-20,UFC Fight Night: Vieira vs. Tate,Rafa Garcia vs. Natan Levy,Bryan Miner,29,28,1,-12,4,4.816666666666667,0.0
2021-11-20,UFC Fight Night: Vieira vs. Tate,Rafa Garcia vs. Natan Levy,Junichiro Kamijo,29,28,1,-12,4,4.816666666666667,0.0
2021-11-20,UFC Fight Night: Vieira vs. Tate,Loma Lookboonmee vs. Loopy Godinez,Mike Bell,27,30,0,-8,-4,-4.6499999999999995,0.0
2021-11-20,UFC Fight Night: Vieira vs. Tate,Loma Lookboonmee vs. Loopy Godinez,Sal D'Amato,27,30,0,-8,-4,-4.6499999999999995,0.0
2021-11-20,UFC Fight Night: Vieira vs. Tate,Loma Lookboonmee vs. Loopy Godinez,Dave Hagen,27,30,0,-8,-4,-4.6499999999999995,0.0
2021-11-20,UFC Fight Night: Vieira vs. Tate,Cody Durden vs. Aoriqileng,Eric Colon,29,28,1,-5,4,4.366666666666667,0.0
2021-11-20,UFC Fight Night: Vieira vs. Tate,Cody Durden vs. Aoriqileng,Sal D'Amato,29,28,1,-5,4,4.366666666666667,0.0
2021-11-20,UFC Fight Night: Vieira vs. Tate,Cody Durden vs. Aoriqileng,Adalaide Byrd,29,28,1,-5,4,4.366666666666667,0.0
2021-11-20,UFC Fight Night: Vieira vs. Tate,Shayilan Nuerdanbieke vs. Sean Soriano,Doug Crosby,29,28,1,-18,2,5.666666666666667,0.0
2021-11-20,UFC Fight Night: Vieira vs. Tate,Shayilan Nuerdanbieke vs. Sean Soriano,Bryan Miner,29,28,1,-18,2,5.666666666666667,0.0
2021-11-20,UFC Fight Night: Vieira vs. Tate,Shayilan Nuerdanbieke vs. Sean Soriano,Tony Weeks,29,28,1,-18,2,5.666666666666667,0.0
2021-11-20,UFC Fight Night: Vieira vs. Tate,Luana Pinheiro vs. Sam Hughes,Adalaide Byrd,30,27,1,7,2,1.8,1.0
2021-11-20,UFC Fight Night: Vieira vs. Tate,Luana Pinheiro vs. Sam Hughes,Eric Colon,30,27,1,7,2,1.8,1.0
2021-11-20,UFC Fight Night: Vieira vs. Tate,Luana Pinheiro vs. Sam Hughes,Mike Bell,29,28,1,7,2,1.8,1.0
2021-11-13,UFC Fight Night: Holloway vs. Rodriguez,Max Holloway vs. Yair Rodriguez,Sal D'Amato,49,46,1,71,2,5.4833333333333325,0.0
2021-11-13,UFC Fight Night: Holloway vs. Rodriguez,Max Holloway vs. Yair Rodriguez,Derek Cleary,48,47,1,71,2,5.4833333333333325,0.0
2021-11-13,UFC Fight Night: Holloway vs. Rodriguez,Max Holloway vs. Yair Rodriguez,Ron McCarthy,48,47,1,71,2,5.4833333333333325,0.0
2021-11-13,UFC Fight Night: Holloway vs. Rodriguez,Cortney Casey vs. Liana Jojua,Mike Bell,30,27,1,55,-2,-1.55,0.0
2021-11-13,UFC Fight Night: Holloway vs. Rodriguez,Cortney Casey vs. Liana Jojua,Dave Tirelli,30,27,1,55,-2,-1.55,0.0
2021-11-13,UFC Fight Night: Holloway vs. Rodriguez,Cortney Casey vs. Liana Jojua,Junichiro Kamijo,30,27,1,55,-2,-1.55,0.0
2021-11-06,UFC 268: Usman vs. Covington 2,Kamaru Usman vs. Colby Covington,Sal D'Amato,48,47,1,16,1,-0.6333333333333333,2.0
2021-11-06,UFC 268: Usman vs. Covington 2,Kamaru Usman vs. Colby Covington,Dave Tirelli,48,47,1,16,1,-0.6333333333333333,2.0
2021-11-06,UFC 268: Usman vs. Covington 2,Kamaru Usman vs. Colby Covington,Derek Cleary,49,46,1,16,1,-0.6333333333333333,2.0
2021-11-06,UFC 268: Usman vs. Covington 2,Rose Namajunas vs. Zhang Weili,Doug Crosby,48,47,1,3,-3,3.3833333333333333,0.0
2021-11-06,UFC 268: Usman vs. Covington 2,Rose Namajunas vs. Zhang Weili,Eric Colon,49,46,1,3,-3,3.3833333333333333,0.0
2021-11-06,UFC 268: Usman vs. Covington 2,Rose Namajunas vs. Zhang Weili,Mike Bell,47,48,0,3,-3,3.3833333333333333,0.0
2021-11-06,UFC 268: Usman vs. Covington 2,Shane Burgos vs. Billy Quarantillo,Derek Cleary,29,28,1,29,0,0.28333333333333366,0.0
2021-11-06,UFC 268: Usman vs. Covington 2,Shane Burgos vs. Billy Quarantillo,Doug Crosby,29,28,1,29,0,0.28333333333333366,0.0
2021-11-06,UFC 268: Usman vs. Covington 2,Shane Burgos vs. Billy Quarantillo,Mike Bell,29,28,1,29,0,0.28333333333333366,0.0
2021-11-06,UFC 268: Usman vs. Covington 2,Justin Gaethje vs. Michael Chandler,Sal D'Amato,29,28,1,13,-1,1.5666666666666667,1.0
2021-11-06,UFC 268: Usman vs. Covington 2,Justin Gaethje vs. Michael Chandler,Derek Cleary,29,28,1,13,-1,1.5666666666666667,1.0
2021-11-06,UFC 268: Usman vs. Covington 2,Justin Gaethje vs. Michael Chandler,Doug Crosby,30,27,1,13,-1,1.5666666666666667,1.0
2021-11-06,UFC 268: Usman vs. Covington 2,Dustin Jacoby vs. John Allan,Dave Tirelli,29,28,1,76,0,0.0,0.0
2021-11-06,UFC 268: Usman vs. Covington 2,Dustin Jacoby vs. John Allan,Mike Bell,29,28,1,76,0,0.0,0.0
2021-11-06,UFC 268: Usman vs. Covington 2,Dustin Jacoby vs. John Allan,Doug Crosby,30,27,1,76,0,0.0,0.0
2021-11-06,UFC 268: Usman vs. Covington 2,Melsik Baghdasaryan vs. Bruno Souza,Sal D'Amato,29,28,1,29,0,-0.5833333333333334,0.0
2021-11-06,UFC 268: Usman vs. Covington 2,Melsik Baghdasaryan vs. Bruno Souza,Doug Crosby,29,28,1,29,0,-0.5833333333333334,0.0
2021-11-06,UFC 268: Usman vs. Covington 2,Melsik Baghdasaryan vs. Bruno Souza,Eric Colon,29,28,1,29,0,-0.5833333333333334,0.0
2021-11-06,UFC 268: Usman vs. Covington 2,CJ Vergara vs. Ode Osbourne,Dave Tirelli,28,29,0,14,-1,2.25,0.0
2021-11-06,UFC 268: Usman vs. Covington 2,CJ Vergara vs. Ode Osbourne,Derek Cleary,28,29,0,14,-1,2.25,0.0
2021-11-06,UFC 268: Usman vs. Covington 2,CJ Vergara vs. Ode Osbourne,Eric Colon,28,29,0,14,-1,2.25,0.0
2021-10-30,UFC 267: Blachowicz vs. Teixeira,Petr Yan vs. Cory Sandhagen,David Lethaby,49,46,1,-20,-1,0.8166666666666667,1.0
2021-10-30,UFC 267: Blachowicz vs. Teixeira,Petr Yan vs. Cory Sandhagen,Anders Ohlsson,49,46,1,-20,-1,0.8166666666666667,1.0
2021-10-30,UFC 267: Blachowicz vs. Teixeira,Petr Yan vs. Cory Sandhagen,Vito Paolillo,49,46,1,-20,-1,0.8166666666666667,1.0
2021-10-30,UFC 267: Blachowicz vs. Teixeira,Alexander Volkov vs. Marcin Tybura,Vito Paolillo,30,27,1,17,0,-0.016666666666666607,0.0
2021-10-30,UFC 267: Blachowicz vs. Teixeira,Alexander Volkov vs. Marcin Tybura,Darryl Ransom,30,27,1,17,0,-0.016666666666666607,0.0
2021-10-30,UFC 267: Blachowicz vs. Teixeira,Alexander Volkov vs. Marcin Tybura,Clemens Werner,29,28,1,17,0,-0.016666666666666607,0.0
2021-10-30,UFC 267: Blachowicz vs. Teixeira,Magomed Ankalaev vs. Volkan Oezdemir,Darryl Ransom,30,27,1,18,1,1.75,1.0
2021-10-30,UFC 267: Blachowicz vs. Teixeira,Magomed Ankalaev vs. Volkan Oezdemir,Clemens Werner,30,27,1,18,1,1.75,1.0
2021-10-30,UFC 267: Blachowicz vs. Teixeira,Magomed Ankalaev vs. Volkan Oezdemir,Ben Cartlidge,29,28,1,18,1,1.75,1.0
2021-10-30,UFC 267: Blachowicz vs. Teixeira,Amanda Ribas vs. Virna Jandiroba,Ben Cartlidge,29,28,1,38,0,-2.3833333333333333,-1.0
2021-10-30,UFC 267: Blachowicz vs. Teixeira,Amanda Ribas vs. Virna Jandiroba,Howard Hughes,29,28,1,38,0,-2.3833333333333333,-1.0
2021-10-30,UFC 267: Blachowicz vs. Teixeira,Amanda Ribas vs. Virna Jandiroba,Anders Ohlsson,29,28,1,38,0,-2.3833333333333333,-1.0
2021-10-30,UFC 267: Blachowicz vs. Teixeira,Ricardo Ramos vs. Zubaira Tukhugov,David Lethaby,28,29,0,-9,-2,-0.9166666666666667,0.0
2021-10-30,UFC 267: Blachowicz vs. Teixeira,Ricardo Ramos vs. Zubaira Tukhugov,Vito Paolillo,28,29,0,-9,-2,-0.9166666666666667,0.0
2021-10-30,UFC 267: Blachowicz vs. Teixeira,Ricardo Ramos vs. Zubaira Tukhugov,Darryl Ransom,28,29,0,-9,-2,-0.9166666666666667,0.0
2021-10-30,UFC 267: Blachowicz vs. Teixeira,Albert Duraev vs. Roman Kopylov,Vito Paolillo,30,27,1,29,0,5.133333333333334,-1.0
2021-10-30,UFC 267: Blachowicz vs. Teixeira,Albert Duraev vs. Roman Kopylov,Ben Cartlidge,29,27,1,29,0,5.133333333333334,-1.0
2021-10-30,UFC 267: Blachowicz vs. Teixeira,Albert Duraev vs. Roman Kopylov,Clemens Werner,29,27,1,29,0,5.133333333333334,-1.0
2021-10-30,UFC 267: Blachowicz vs. Teixeira,Elizeu Zaleski dos Santos vs. Benoit Saint Denis,David Lethaby,29,26,1,82,-2,0.08333333333333326,0.0
2021-10-30,UFC 267: Blachowicz vs. Teixeira,Elizeu Zaleski dos Santos vs. Benoit Saint Denis,Anders Ohlsson,29,26,1,82,-2,0.08333333333333326,0.0
2021-10-30,UFC 267: Blachowicz vs. Teixeira,Elizeu Zaleski dos Santos vs. Benoit Saint Denis,Clemens Werner,29,26,1,82,-2,0.08333333333333326,0.0
2021-10-30,UFC 267: Blachowicz vs. Teixeira,Tagir Ulanbekov vs. Allan Nascimento,Vito Paolillo,29,28,1,-7,4,11.799999999999999,0.0
2021-10-30,UFC 267: Blachowicz vs. Teixeira,Tagir Ulanbekov vs. Allan Nascimento,Ben Cartlidge,28,29,0,-7,4,11.799999999999999,0.0
2021-10-30,UFC 267: Blachowicz vs. Teixeira,Tagir Ulanbekov vs. Allan Nascimento,Darryl Ransom,29,28,1,-7,4,11.799999999999999,0.0
2021-10-23,UFC Fight Night: Costa vs. Vettori,Paulo Costa vs. Marvin Vettori,Junichiro Kamijo,46,48,0,-27,0,-2.666666666666666,0.0
2021-10-23,UFC Fight Night: Costa vs. Vettori,Paulo Costa vs. Marvin Vettori,Derek Cleary,46,48,0,-27,0,-2.666666666666666,0.0
2021-10-23,UFC Fight Night: Costa vs. Vettori,Paulo Costa vs. Marvin Vettori,Sal D'Amato,46,48,0,-27,0,-2.666666666666666,0.0
2021-10-23,UFC Fight Night: Costa vs. Vettori,Jessica-Rose Clark vs. Joselyne Edwards,Sal D'Amato,30,27,1,-12,5,10.033333333333333,0.0
2021-10-23,UFC Fight Night: Costa vs. Vettori,Jessica-Rose Clark vs. Joselyne Edwards,Ron McCarthy,30,27,1,-12,5,10.033333333333333,0.0
2021-10-23,UFC Fight Night: Costa vs. Vettori,Jessica-Rose Clark vs. Joselyne Edwards,Eric Colon,29,28,1,-12,5,10.033333333333333,0.0
2021-10-23,UFC Fight Night: Costa vs. Vettori,Francisco Trinaldo vs. Dwight Grant,Adalaide Byrd,29,27,1,5,0,4.566666666666666,0.0
2021-10-23,UFC Fight Night: Costa vs. Vettori,Francisco Trinaldo vs. Dwight Grant,Ron McCarthy,29,27,1,5,0,4.566666666666666,0.0
2021-10-23,UFC Fight Night: Costa vs. Vettori,Francisco Trinaldo vs. Dwight Grant,Sal D'Amato,27,29,0,5,0,4.566666666666666,0.0
2021-10-23,UFC Fight Night: Costa vs. Vettori,Mason Jones vs. David Onama,Tony Weeks,29,28,1,-3,8,8.833333333333332,0.0
2021-10-23,UFC Fight Night: Costa vs. Vettori,Mason Jones vs. David Onama,Eric Colon,29,28,1,-3,8,8.833333333333332,0.0
2021-10-23,UFC Fight Night: Costa vs. Vettori,Mason Jones vs. David Onama,Ron McCarthy,29,28,1,-3,8,8.833333333333332,0.0
2021-10-23,UFC Fight Night: Costa vs. Vettori,Tabatha Ricci vs. Maria Oliveira,Junichiro Kamijo,30,27,1,-4,5,6.616666666666667,0.0
2021-10-23,UFC Fight Night: Costa vs. Vettori,Tabatha Ricci vs. Maria Oliveira,Tony Weeks,30,27,1,-4,5,6.616666666666667,0.0
2021-10-23,UFC Fight Night: Costa vs. Vettori,Tabatha Ricci vs. Maria Oliveira,Doug Crosby,30,27,1,-4,5,6.616666666666667,0.0
2021-10-23,UFC Fight Night: Costa vs. Vettori,Jamie Pickett vs. Laureano Staropoli,Sal D'Amato,30,27,1,22,1,-2.816666666666667,0.0
2021-10-23,UFC Fight Night: Costa vs. Vettori,Jamie Pickett vs. Laureano Staropoli,Chris Lee,30,27,1,22,1,-2.816666666666667,0.0
2021-10-23,UFC Fight Night: Costa vs. Vettori,Jamie Pickett vs. Laureano Staropoli,Derek Cleary,29,28,1,22,1,-2.816666666666667,0.0
2021-10-23,UFC Fight Night: Costa vs. Vettori,Livinha Souza vs. Randa Markos,Eric Colon,27,30,0,-54,3,-5.266666666666667,0.0
2021-10-23,UFC Fight Night: Costa vs. Vettori,Livinha Souza vs. Randa Markos,Sal D'Amato,27,30,0,-54,3,-5.266666666666667,0.0
2021-10-23,UFC Fight Night: Costa vs. Vettori,Livinha Souza vs. Randa Markos,Derek Cleary,28,29,0,-54,3,-5.266666666666667,0.0
2021-10-23,UFC Fight Night: Costa vs. Vettori,Jonathan Martinez vs. Zviad Lazishvili,Adalaide Byrd,30,27,1,29,0,-1.5,0.0
2021-10-23,UFC Fight Night: Costa vs. Vettori,Jonathan Martinez vs. Zviad Lazishvili,Doug Crosby,29,28,1,29,0,-1.5,0.0
2021-10-23,UFC Fight Night: Costa vs. Vettori,Jonathan Martinez vs. Zviad Lazishvili,Ron McCarthy,29,28,1,29,0,-1.5,0.0
2021-10-16,UFC Fight Night: Ladd vs. Dumont,Aspen Ladd vs. Norma Dumont,Sal D'Amato,46,49,0,-32,-1,5.75,0.0
2021-10-16,UFC Fight Night: Ladd vs. Dumont,Aspen Ladd vs. Norma Dumont,Chris Lee,46,49,0,-32,-1,5.75,0.0
2021-10-16,UFC Fight Night: Ladd vs. Dumont,Aspen Ladd vs. Norma Dumont,Junichiro Kamijo,47,48,0,-32,-1,5.75,0.0
2021-10-16,UFC Fight Night: Ladd vs. Dumont,Andrei Arlovski vs. Carlos Felipe,Eric Colon,29,28,1,10,0,-1.3666666666666665,0.0
2021-10-16,UFC Fight Night: Ladd vs. Dumont,Andrei Arlovski vs. Carlos Felipe,Doug Crosby,29,28,1,10,0,-1.3666666666666665,0.0
2021-10-16,UFC Fight Night: Ladd vs. Dumont,Andrei Arlovski vs. Carlos Felipe,Sal D'Amato,29,28,1,10,0,-1.3666666666666665,0.0
2021-10-16,UFC Fight Night: Ladd vs. Dumont,Manon Fiorot vs. Mayra Bueno Silva,Tony Weeks,30,26,1,43,2,4.016666666666667,0.0
2021-10-16,UFC Fight Night: Ladd vs. Dumont,Manon Fiorot vs. Mayra Bueno Silva,Eric Colon,30,27,1,43,2,4.016666666666667,0.0
2021-10-16,UFC Fight Night: Ladd vs. Dumont,Manon Fiorot vs. Mayra Bueno Silva,Doug Crosby,30,27,1,43,2,4.016666666666667,0.0
2021-10-16,UFC Fight Night: Ladd vs. Dumont,Danny Roberts vs. Ramazan Emeev,Rick Winter,29,28,1,-6,-1,-0.3166666666666669,0.0
2021-10-16,UFC Fight Night: Ladd vs. Dumont,Danny Roberts vs. Ramazan Emeev,Sal D'Amato,28,29,0,-6,-1,-0.3166666666666669,0.0
2021-10-16,UFC Fight Night: Ladd vs. Dumont,Danny Roberts vs. Ramazan Emeev,Chris Lee,30,27,1,-6,-1,-0.3166666666666669,0.0
2021-10-16,UFC Fight Night: Ladd vs. Dumont,Loopy Godinez vs. Luana Carolina,Junichiro Kamijo,28,29,0,-30,2,6.75,0.0
2021-10-16,UFC Fight Night: Ladd vs. Dumont,Loopy Godinez vs. Luana Carolina,Eric Colon,28,29,0,-30,2,6.75,0.0
2021-10-16,UFC Fight Night: Ladd vs. Dumont,Loopy Godinez vs. Luana Carolina,Sal D'Amato,28,29,0,-30,2,6.75,0.0
2021-10-09,UFC Fight Night: Dern vs. Rodriguez,Mackenzie Dern vs. Marina Rodriguez,Mike Bell,46,49,0,-95,1,7.183333333333333,0.0
2021-10-09,UFC Fight Night: Dern vs. Rodriguez,Mackenzie Dern vs. Marina Rodriguez,Sal D'Amato,46,49,0,-95,1,7.183333333333333,0.0
2021-10-09,UFC Fight Night: Dern vs. Rodriguez,Mackenzie Dern vs. Marina Rodriguez,Junichiro Kamijo,46,49,0,-95,1,7.183333333333333,0.0
2021-10-09,UFC Fight Night: Dern vs. Rodriguez,Randy Brown vs. Jared Gooden,Rick Winter,30,27,1,34,0,-0.6333333333333334,0.0
2021-10-09,UFC Fight Night: Dern vs. Rodriguez,Randy Brown vs. Jared Gooden,Sal D'Amato,30,27,1,34,0,-0.6333333333333334,0.0
2021-10-09,UFC Fight Night: Dern vs. Rodriguez,Randy Brown vs. Jared Gooden,Dave Hagen,30,27,1,34,0,-0.6333333333333334,0.0
2021-10-09,UFC Fight Night: Dern vs. Rodriguez,Tim Elliott vs. Matheus Nicolau,Mike Bell,28,29,0,6,0,0.3333333333333335,0.0
2021-10-09,UFC Fight Night: Dern vs. Rodriguez,Tim Elliott vs. Matheus Nicolau,Junichiro Kamijo,28,29,0,6,0,0.3333333333333335,0.0
2021-10-09,UFC Fight Night: Dern vs. Rodriguez,Tim Elliott vs. Matheus Nicolau,Tony Weeks,28,29,0,6,0,0.3333333333333335,0.0
2021-10-09,UFC Fight Night: Dern vs. Rodriguez,Chris Gutierrez vs. Felipe Colares,Mike Bell,30,27,1,55,-1,-2.4833333333333334,0.0
2021-10-09,UFC Fight Night: Dern vs. Rodriguez,Chris Gutierrez vs. Felipe Colares,Sal D'Amato,30,27,1,55,-1,-2.4833333333333334,0.0
2021-10-09,UFC Fight Night: Dern vs. Rodriguez,Chris Gutierrez vs. Felipe Colares,Rick Winter,28,29,0,55,-1,-2.4833333333333334,0.0
2021-10-09,UFC Fight Night: Dern vs. Rodriguez,Charles Rosa vs. Damon Jackson,Dave Hagen,28,29,0,-7,-4,-9.1,0.0
2021-10-09,UFC Fight Night: Dern vs. Rodriguez,Charles Rosa vs. Damon Jackson,Mike Bell,27,29,0,-7,-4,-9.1,0.0
2021-10-09,UFC Fight Night: Dern vs. Rodriguez,Charles Rosa vs. Damon Jackson,Adalaide Byrd,27,30,0,-7,-4,-9.1,0.0
2021-10-02,UFC Fight Night: Santos vs. Walker,Thiago Santos vs. Johnny Walker,Derek Cleary,48,47,1,-4,0,0.0,0.0
2021-10-02,UFC Fight Night: Santos vs. Walker,Thiago Santos vs. Johnny Walker,Sal D'Amato,48,47,1,-4,0,0.0,0.0
2021-10-02,UFC Fight Night: Santos vs. Walker,Thiago Santos vs. Johnny Walker,Junichiro Kamijo,48,47,1,-4,0,0.0,0.0
2021-10-02,UFC Fight Night: Santos vs. Walker,Alex Oliveira vs. Niko Price,Derek Cleary,28,29,0,1,0,-1.5999999999999996,0.0
2021-10-02,UFC Fight Night: Santos vs. Walker,Alex Oliveira vs. Niko Price,Junichiro Kamijo,28,29,0,1,0,-1.5999999999999996,0.0
2021-10-02,UFC Fight Night: Santos vs. Walker,Alex Oliveira vs. Niko Price,Tony Weeks,28,29,0,1,0,-1.5999999999999996,0.0
2021-10-02,UFC Fight Night: Santos vs. Walker,Misha Cirkunov vs. Krzysztof Jotko,Sal D'Amato,28,29,0,0,4,3.3666666666666663,0.0
2021-10-02,UFC Fight Night: Santos vs. Walker,Misha Cirkunov vs. Krzysztof Jotko,Dave Hagen,29,28,1,0,4,3.3666666666666663,0.0
2021-10-02,UFC Fight Night: Santos vs. Walker,Misha Cirkunov vs. Krzysztof Jotko,Chris Lee,28,29,0,0,4,3.3666666666666663,0.0
2021-10-02,UFC Fight Night: Santos vs. Walker,Joe Solecki vs. Jared Gordon,Sal D'Amato,28,29,0,-13,3,1.9333333333333345,0.0
2021-10-02,UFC Fight Night: Santos vs. Walker,Joe Solecki vs. Jared Gordon,Derek Cleary,29,28,1,-13,3,1.9333333333333345,0.0
2021-10-02,UFC Fight Night: Santos vs. Walker,Joe Solecki vs. Jared Gordon,Dave Hagen,28,29,0,-13,3,1.9333333333333345,0.0
2021-10-02,UFC Fight Night: Santos vs. Walker,Bethe Correia vs. Karol Rosa,Sal D'Amato,27,30,0,-63,0,-2.833333333333333,0.0
2021-10-02,UFC Fight Night: Santos vs. Walker,Bethe Correia vs. Karol Rosa,Adalaide Byrd,27,30,0,-63,0,-2.833333333333333,0.0
2021-10-02,UFC Fight Night: Santos vs. Walker,Bethe Correia vs. Karol Rosa,Chris Lee,26,30,0,-63,0,-2.833333333333333,0.0
2021-09-25,UFC 266: Volkanovski vs. Ortega,Alexander Volkanovski vs. Brian Ortega,Mike Bell,49,46,1,126,-2,2.9499999999999997,0.0
2021-09-25,UFC 266: Volkanovski vs. Ortega,Alexander Volkanovski vs. Brian Ortega,Junichiro Kamijo,50,45,1,126,-2,2.9499999999999997,0.0
2021-09-25,UFC 266: Volkanovski vs. Ortega,Alexander Volkanovski vs. Brian Ortega,Sal D'Amato,50,44,1,126,-2,2.9499999999999997,0.0
2021-09-25,UFC 266: Volkanovski vs. Ortega,Curtis Blaydes vs. Jairzinho Rozenstruik,Eric Colon,30,27,1,14,3,6.316666666666666,0.0
2021-09-25,UFC 266: Volkanovski vs. Ortega,Curtis Blaydes vs. Jairzinho Rozenstruik,Chris Lee,30,27,1,14,3,6.316666666666666,0.0
2021-09-25,UFC 266: Volkanovski vs. Ortega,Curtis Blaydes vs. Jairzinho Rozenstruik,Tony Weeks,30,27,1,14,3,6.316666666666666,0.0
2021-09-25,UFC 266: Volkanovski vs. Ortega,Dan Hooker vs. Nasrat Haqparast,Mike Bell,30,27,1,46,3,7.016666666666667,0.0
2021-09-25,UFC 266: Volkanovski vs. Ortega,Dan Hooker vs. Nasrat Haqparast,Sal D'Amato,30,27,1,46,3,7.016666666666667,0.0
2021-09-25,UFC 266: Volkanovski vs. Ortega,Dan Hooker vs. Nasrat Haqparast,Adalaide Byrd,30,26,1,46,3,7.016666666666667,0.0
2021-09-25,UFC 266: Volkanovski vs. Ortega,Roxanne Modafferi vs. Taila Santos,Mike Bell,27,30,0,-37,-5,-5.0166666666666675,-1.0
2021-09-25,UFC 266: Volkanovski vs. Ortega,Roxanne Modafferi vs. Taila Santos,Eric Colon,27,30,0,-37,-5,-5.0166666666666675,-1.0
2021-09-25,UFC 266: Volkanovski vs. Ortega,Roxanne Modafferi vs. Taila Santos,Sal D'Amato,27,30,0,-37,-5,-5.0166666666666675,-1.0
2021-09-25,UFC 266: Volkanovski vs. Ortega,Cody Brundage vs. Nick Maximov,Sal D'Amato,28,29,0,14,-4,-7.433333333333333,0.0
2021-09-25,UFC 266: Volkanovski vs. Ortega,Cody Brundage vs. Nick Maximov,Dave Hagen,28,29,0,14,-4,-7.433333333333333,0.0
2021-09-25,UFC 266: Volkanovski vs. Ortega,Cody Brundage vs. Nick Maximov,Bryan Miner,28,29,0,14,-4,-7.433333333333333,0.0
2021-09-18,UFC Fight Night: Smith vs. Spann,Ion Cutelaba vs. Devin Clark,Sal D'Amato,30,26,1,41,7,6.833333333333334,1.0
2021-09-18,UFC Fight Night: Smith vs. Spann,Ion Cutelaba vs. Devin Clark,Junichiro Kamijo,29,26,1,41,7,6.833333333333334,1.0
2021-09-18,UFC Fight Night: Smith vs. Spann,Ion Cutelaba vs. Devin Clark,Tony Weeks,29,27,1,41,7,6.833333333333334,1.0
2021-09-18,UFC Fight Night: Smith vs. Spann,Ariane da Silva vs. Mandy Bohm,Adalaide Byrd,30,27,1,51,0,3.95,2.0
2021-09-18,UFC Fight Night: Smith vs. Spann,Ariane da Silva vs. Mandy Bohm,Junichiro Kamijo,30,27,1,51,0,3.95,2.0
2021-09-18,UFC Fight Night: Smith vs. Spann,Ariane da Silva vs. Mandy Bohm,Derek Cleary,30,27,1,51,0,3.95,2.0
2021-09-18,UFC Fight Night: Smith vs. Spann,Mike Rodriguez vs. Tafon Nchukwi,Chris Flores,27,30,0,-67,-3,-4.716666666666667,0.0
2021-09-18,UFC Fight Night: Smith vs. Spann,Mike Rodriguez vs. Tafon Nchukwi,Derek Cleary,27,30,0,-67,-3,-4.716666666666667,0.0
2021-09-18,UFC Fight Night: Smith vs. Spann,Mike Rodriguez vs. Tafon Nchukwi,Eric Colon,27,30,0,-67,-3,-4.716666666666667,0.0
2021-09-18,UFC Fight Night: Smith vs. Spann,Pannie Kianzad vs. Raquel Pennington,Adalaide Byrd,28,29,0,2,0,-0.7000000000000002,0.0
2021-09-18,UFC Fight Night: Smith vs. Spann,Pannie Kianzad vs. Raquel Pennington,Derek Cleary,28,29,0,2,0,-0.7000000000000002,0.0
2021-09-18,UFC Fight Night: Smith vs. Spann,Pannie Kianzad vs. Raquel Pennington,Sal D'Amato,28,29,0,2,0,-0.7000000000000002,0.0
2021-09-18,UFC Fight Night: Smith vs. Spann,Montel Jackson vs. JP Buys,Tony Weeks,30,27,1,17,3,8.716666666666665,4.0
2021-09-18,UFC Fight Night: Smith vs. Spann,Montel Jackson vs. JP Buys,Derek Cleary,30,27,1,17,3,8.716666666666665,4.0
2021-09-18,UFC Fight Night: Smith vs. Spann,Montel Jackson vs. JP Buys,Sal D'Amato,30,27,1,17,3,8.716666666666665,4.0
2021-09-18,UFC Fight Night: Smith vs. Spann,Erin Blanchfield vs. Sarah Alpar,Adalaide Byrd,30,25,1,79,3,9.716666666666667,0.0
2021-09-18,UFC Fight Night: Smith vs. Spann,Erin Blanchfield vs. Sarah Alpar,Junichiro Kamijo,30,25,1,79,3,9.716666666666667,0.0
2021-09-18,UFC Fight Night: Smith vs. Spann,Erin Blanchfield vs. Sarah Alpar,Derek Cleary,30,26,1,79,3,9.716666666666667,0.0
2021-09-04,UFC Fight Night: Brunson vs. Till,Alex Morono vs. David Zawada,Derek Cleary,30,27,1,4,-1,0.44999999999999984,0.0
2021-09-04,UFC Fight Night: Brunson vs. Till,Alex Morono vs. David Zawada,Sal D'Amato,30,27,1,4,-1,0.44999999999999984,0.0
2021-09-04,UFC Fight Night: Brunson vs. Till,Alex Morono vs. David Zawada,Bryan Miner,30,27,1,4,-1,0.44999999999999984,0.0
2021-09-04,UFC Fight Night: Brunson vs. Till,Molly McCann vs. Ji Yeon Kim,Derek Cleary,29,28,1,5,2,-1.8000000000000003,0.0
2021-09-04,UFC Fight Night: Brunson vs. Till,Molly McCann vs. Ji Yeon Kim,Sal D'Amato,29,28,1,5,2,-1.8000000000000003,0.0
2021-09-04,UFC Fight Night: Brunson vs. Till,Molly McCann vs. Ji Yeon Kim,Junichiro Kamijo,29,28,1,5,2,-1.8000000000000003,0.0
2021-09-04,UFC Fight Night: Brunson vs. Till,Jack Shore vs. Liudvik Sholinian,Sal D'Amato,30,27,1,73,2,3.033333333333333,0.0
2021-09-04,UFC Fight Night: Brunson vs. Till,Jack Shore vs. Liudvik Sholinian,Ron McCarthy,30,27,1,73,2,3.033333333333333,0.0
2021-09-04,UFC Fight Night: Brunson vs. Till,Jack Shore vs. Liudvik Sholinian,Bryan Miner,30,27,1,73,2,3.033333333333333,0.0
2021-09-04,UFC Fight Night: Brunson vs. Till,Dalcha Lungiambula vs. Marc-Andre Barriault,Derek Cleary,28,29,0,-33,2,0.01666666666666672,0.0
2021-09-04,UFC Fight Night: Brunson vs. Till,Dalcha Lungiambula vs. Marc-Andre Barriault,Sal D'Amato,28,29,0,-33,2,0.01666666666666672,0.0
2021-09-04,UFC Fight Night: Brunson vs. Till,Dalcha Lungiambula vs. Marc-Andre Barriault,Bryan Miner,27,30,0,-33,2,0.01666666666666672,0.0
2021-08-28,UFC Fight Night: Barboza vs. Chikadze,Ricky Turcios vs. Brady Hiestand,Mike Bell,29,28,1,34,-4,-5.133333333333334,1.0
2021-08-28,UFC Fight Night: Barboza vs. Chikadze,Ricky Turcios vs. Brady Hiestand,Derek Cleary,28,29,0,34,-4,-5.133333333333334,1.0
2021-08-28,UFC Fight Night: Barboza vs. Chikadze,Ricky Turcios vs. Brady Hiestand,Tony Weeks,29,28,1,34,-4,-5.133333333333334,1.0
2021-08-28,UFC Fight Night: Barboza vs. Chikadze,Kevin Lee vs. Daniel Rodriguez,Sal D'Amato,28,29,0,-64,3,2.816666666666667,0.0
2021-08-28,UFC Fight Night: Barboza vs. Chikadze,Kevin Lee vs. Daniel Rodriguez,Dave Hagen,28,29,0,-64,3,2.816666666666667,0.0
2021-08-28,UFC Fight Night: Barboza vs. Chikadze,Kevin Lee vs. Daniel Rodriguez,Ron McCarthy,28,29,0,-64,3,2.816666666666667,0.0
2021-08-28,UFC Fight Night: Barboza vs. Chikadze,Sam Alvey vs. Wellington Turman,Derek Cleary,27,28,0,-1,-2,-1.0000000000000004,0.0
2021-08-28,UFC Fight Night: Barboza vs. Chikadze,Sam Alvey vs. Wellington Turman,Adalaide Byrd,28,27,1,-1,-2,-1.0000000000000004,0.0
2021-08-28,UFC Fight Night: Barboza vs. Chikadze,Sam Alvey vs. Wellington Turman,Ron McCarthy,27,28,0,-1,-2,-1.0000000000000004,0.0
2021-08-28,UFC Fight Night: Barboza vs. Chikadze,JJ Aldrich vs. Vanessa Demopoulos,Derek Cleary,30,27,1,23,1,2.433333333333333,0.0
2021-08-28,UFC Fight Night: Barboza vs. Chikadze,JJ Aldrich vs. Vanessa Demopoulos,Dave Hagen,30,27,1,23,1,2.433333333333333,0.0
2021-08-28,UFC Fight Night: Barboza vs. Chikadze,JJ Aldrich vs. Vanessa Demopoulos,Ron McCarthy,30,27,1,23,1,2.433333333333333,0.0
2021-08-28,UFC Fight Night: Barboza vs. Chikadze,Mana Martinez vs. Guido Cannetti,Derek Cleary,29,28,1,13,2,0.65,0.0
2021-08-28,UFC Fight Night: Barboza vs. Chikadze,Mana Martinez vs. Guido Cannetti,Adalaide Byrd,28,29,0,13,2,0.65,0.0
2021-08-28,UFC Fight Night: Barboza vs. Chikadze,Mana Martinez vs. Guido Cannetti,Junichiro Kamijo,29,28,1,13,2,0.65,0.0
2021-08-21,UFC Fight Night: Cannonier vs. Gastelum,Jared Cannonier vs. Kelvin Gastelum,Mike Bell,48,47,1,-8,0,-2.4833333333333334,1.0
2021-08-21,UFC Fight Night: Cannonier vs. Gastelum,Jared Cannonier vs. Kelvin Gastelum,Sal D'Amato,48,47,1,-8,0,-2.4833333333333334,1.0
2021-08-21,UFC Fight Night: Cannonier vs. Gastelum,Jared Cannonier vs. Kelvin Gastelum,Junichiro Kamijo,48,47,1,-8,0,-2.4833333333333334,1.0
2021-08-21,UFC Fight Night: Cannonier vs. Gastelum,Clay Guida vs. Mark Madsen,Mike Bell,28,29,0,-26,0,-0.8999999999999999,0.0
2021-08-21,UFC Fight Night: Cannonier vs. Gastelum,Clay Guida vs. Mark Madsen,Sal D'Amato,29,28,1,-26,0,-0.8999999999999999,0.0
2021-08-21,UFC Fight Night: Cannonier vs. Gastelum,Clay Guida vs. Mark Madsen,Eric Colon,27,30,0,-26,0,-0.8999999999999999,0.0
2021-08-21,UFC Fight Night: Cannonier vs. Gastelum,Parker Porter vs. Chase Sherman,Rick Winter,30,27,1,32,1,2.3166666666666664,0.0
2021-08-21,UFC Fight Night: Cannonier vs. Gastelum,Parker Porter vs. Chase Sherman,Junichiro Kamijo,30,27,1,32,1,2.3166666666666664,0.0
2021-08-21,UFC Fight Night: Cannonier vs. Gastelum,Parker Porter vs. Chase Sherman,Tony Weeks,29,28,1,32,1,2.3166666666666664,0.0
2021-08-21,UFC Fight Night: Cannonier vs. Gastelum,Vinc Pichel vs. Austin Hubbard,Junichiro Kamijo,30,27,1,15,-4,0.25,0.0
2021-08-21,UFC Fight Night: Cannonier vs. Gastelum,Vinc Pichel vs. Austin Hubbard,Sal D'Amato,30,27,1,15,-4,0.25,0.0
2021-08-21,UFC Fight Night: Cannonier vs. Gastelum,Vinc Pichel vs. Austin Hubbard,Adalaide Byrd,30,27,1,15,-4,0.25,0.0
2021-08-21,UFC Fight Night: Cannonier vs. Gastelum,Austin Lingo vs. Luis Saldana,Mike Bell,29,28,1,-4,0,1.2,1.0
2021-08-21,UFC Fight Night: Cannonier vs. Gastelum,Austin Lingo vs. Luis Saldana,Jerin Valel,29,28,1,-4,0,1.2,1.0
2021-08-21,UFC Fight Night: Cannonier vs. Gastelum,Austin Lingo vs. Luis Saldana,Rick Winter,29,28,1,-4,0,1.2,1.0
2021-08-21,UFC Fight Night: Cannonier vs. Gastelum,Brian Kelleher vs. Domingo Pilarte,Sal D'Amato,30,27,1,25,3,11.333333333333332,0.0
2021-08-21,UFC Fight Night: Cannonier vs. Gastelum,Brian Kelleher vs. Domingo Pilarte,Junichiro Kamijo,30,27,1,25,3,11.333333333333332,0.0
2021-08-21,UFC Fight Night: Cannonier vs. Gastelum,Brian Kelleher vs. Domingo Pilarte,Tony Weeks,30,27,1,25,3,11.333333333333332,0.0
2021-08-07,UFC 265: Lewis vs. Gane,Jose Aldo vs. Pedro Munhoz,Chris Lee,30,27,1,39,0,-0.16666666666666666,0.0
2021-08-07,UFC 265: Lewis vs. Gane,Jose Aldo vs. Pedro Munhoz,Sal D'Amato,30,27,1,39,0,-0.16666666666666666,0.0
2021-08-07,UFC 265: Lewis vs. Gane,Jose Aldo vs. Pedro Munhoz,Doug Crosby,30,27,1,39,0,-0.16666666666666666,0.0
2021-08-07,UFC 265: Lewis vs. Gane,Tecia Pennington vs. Angela Hill,Jacob Montalvo,29,28,1,48,-1,-1.6666666666666667,0.0
2021-08-07,UFC 265: Lewis vs. Gane,Tecia Pennington vs. Angela Hill,Jeff Rexroad,30,27,1,48,-1,-1.6666666666666667,0.0
2021-08-07,UFC 265: Lewis vs. Gane,Tecia Pennington vs. Angela Hill,Doug Crosby,30,27,1,48,-1,-1.6666666666666667,0.0
2021-08-07,UFC 265: Lewis vs. Gane,Song Yadong vs. Casey Kenney,Chris Lee,30,27,1,38,-1,-0.09999999999999998,0.0
2021-08-07,UFC 265: Lewis vs. Gane,Song Yadong vs. Casey Kenney,Sal D'Amato,29,28,1,38,-1,-0.09999999999999998,0.0
2021-08-07,UFC 265: Lewis vs. Gane,Song Yadong vs. Casey Kenney,Kerry Hatley,28,29,0,38,-1,-0.09999999999999998,0.0
2021-08-07,UFC 265: Lewis vs. Gane,King Green vs. Rafael Fiziev,Joshua Ferraro,27,30,0,39,0,-0.13333333333333333,0.0
2021-08-07,UFC 265: Lewis vs. Gane,King Green vs. Rafael Fiziev,Chris Lee,28,29,0,39,0,-0.13333333333333333,0.0
2021-08-07,UFC 265: Lewis vs. Gane,King Green vs. Rafael Fiziev,Sal D'Amato,28,29,0,39,0,-0.13333333333333333,0.0
2021-08-07,UFC 265: Lewis vs. Gane,Vince Morales vs. Drako Rodriguez,Kerry Hatley,30,27,1,21,-2,-0.5666666666666668,0.0
2021-08-07,UFC 265: Lewis vs. Gane,Vince Morales vs. Drako Rodriguez,Danny De Alejandro,29,28,1,21,-2,-0.5666666666666668,0.0
2021-08-07,UFC 265: Lewis vs. Gane,Vince Morales vs. Drako Rodriguez,Doug Crosby,29,28,1,21,-2,-0.5666666666666668,0.0
2021-08-07,UFC 265: Lewis vs. Gane,Alonzo Menifield vs. Ed Herman,Robert Alexander,30,27,1,52,1,0.7833333333333333,0.0
2021-08-07,UFC 265: Lewis vs. Gane,Alonzo Menifield vs. Ed Herman,Patrick Patlan,30,27,1,52,1,0.7833333333333333,0.0
2021-08-07,UFC 265: Lewis vs. Gane,Alonzo Menifield vs. Ed Herman,Joshua Ferraro,30,27,1,52,1,0.7833333333333333,0.0
2021-07-31,UFC Fight Night: Hall vs. Strickland,Uriah Hall vs. Sean Strickland,Mike Bell,44,50,0,-79,-4,-7.033333333333333,0.0
2021-07-31,UFC Fight Night: Hall vs. Strickland,Uriah Hall vs. Sean Strickland,Junichiro Kamijo,45,50,0,-79,-4,-7.033333333333333,0.0
2021-07-31,UFC Fight Night: Hall vs. Strickland,Uriah Hall vs. Sean Strickland,Eric Colon,46,49,0,-79,-4,-7.033333333333333,0.0
2021-07-31,UFC Fight Night: Hall vs. Strickland,Bryan Barberena vs. Jason Witt,Mike Bell,27,29,0,15,-8,-4.85,-1.0
2021-07-31,UFC Fight Night: Hall vs. Strickland,Bryan Barberena vs. Jason Witt,Rick Winter,28,29,0,15,-8,-4.85,-1.0
2021-07-31,UFC Fight Night: Hall vs. Strickland,Chris Gruetzemacher vs. Rafa Garcia,Dave Hagen,29,28,1,28,-5,-6.383333333333334,0.0
2021-07-31,UFC Fight Night: Hall vs. Strickland,Chris Gruetzemacher vs. Rafa Garcia,Rick Winter,29,28,1,28,-5,-6.383333333333334,0.0
2021-07-31,UFC Fight Night: Hall vs. Strickland,Chris Gruetzemacher vs. Rafa Garcia,Ron McCarthy,29,28,1,28,-5,-6.383333333333334,0.0
2021-07-31,UFC Fight Night: Hall vs. Strickland,Jinh Yu Frey vs. Ashley Yoder,Mike Bell,30,27,1,-3,0,-0.65,0.0
2021-07-31,UFC Fight Night: Hall vs. Strickland,Jinh Yu Frey vs. Ashley Yoder,Ron McCarthy,30,27,1,-3,0,-0.65,0.0
2021-07-31,UFC Fight Night: Hall vs. Strickland,Jinh Yu Frey vs. Ashley Yoder,Dave Tirelli,30,27,1,-3,0,-0.65,0.0
2021-07-31,UFC Fight Night: Hall vs. Strickland,Ryan Benoit vs. Zarrukh Adashev,Eric Colon,27,30,0,-41,0,0.5666666666666667,1.0
2021-07-31,UFC Fight Night: Hall vs. Strickland,Ryan Benoit vs. Zarrukh Adashev,Tony Weeks,27,30,0,-41,0,0.5666666666666667,1.0
2021-07-31,UFC Fight Night: Hall vs. Strickland,Ryan Benoit vs. Zarrukh Adashev,Ron McCarthy,28,29,0,-41,0,0.5666666666666667,1.0
2021-07-24,UFC Fight Night: Sandhagen vs. Dillashaw,Cory Sandhagen vs. TJ Dillashaw,Derek Cleary,48,47,1,18,-2,-8.366666666666667,0.0
2021-07-24,UFC Fight Night: Sandhagen vs. Dillashaw,Cory Sandhagen vs. TJ Dillashaw,Sal D'Amato,47,48,0,18,-2,-8.366666666666667,0.0
2021-07-24,UFC Fight Night: Sandhagen vs. Dillashaw,Cory Sandhagen vs. TJ Dillashaw,Junichiro Kamijo,47,48,0,18,-2,-8.366666666666667,0.0
2021-07-24,UFC Fight Night: Sandhagen vs. Dillashaw,Kyler Phillips vs. Raulian Paiva,Eric Colon,28,29,0,23,2,-0.5,1.0
2021-07-24,UFC Fight Night: Sandhagen vs. Dillashaw,Kyler Phillips vs. Raulian Paiva,Chris Lee,28,29,0,23,2,-0.5,1.0
2021-07-24,UFC Fight Night: Sandhagen vs. Dillashaw,Miranda Maverick vs. Maycee Barber,Chris Lee,29,28,1,11,0,-1.083333333333333,0.0
2021-07-24,UFC Fight Night: Sandhagen vs. Dillashaw,Miranda Maverick vs. Maycee Barber,Dave Hagen,28,29,0,11,0,-1.083333333333333,0.0
2021-07-24,UFC Fight Night: Sandhagen vs. Dillashaw,Miranda Maverick vs. Maycee Barber,Sal D'Amato,28,29,0,11,0,-1.083333333333333,0.0
2021-07-24,UFC Fight Night: Sandhagen vs. Dillashaw,Punahele Soriano vs. Brendan Allen,Dave Hagen,27,30,0,-28,0,0.35,0.0
2021-07-24,UFC Fight Night: Sandhagen vs. Dillashaw,Punahele Soriano vs. Brendan Allen,Junichiro Kamijo,27,30,0,-28,0,0.35,0.0
2021-07-24,UFC Fight Night: Sandhagen vs. Dillashaw,Punahele Soriano vs. Brendan Allen,Chris Lee,28,29,0,-28,0,0.35,0.0
2021-07-24,UFC Fight Night: Sandhagen vs. Dillashaw,Diana Belbita vs. Hannah Goldy,Derek Cleary,30,27,1,25,-2,-5.216666666666667,1.0
2021-07-24,UFC Fight Night: Sandhagen vs. Dillashaw,Diana Belbita vs. Hannah Goldy,Jerin Valel,30,27,1,25,-2,-5.216666666666667,1.0
2021-07-24,UFC Fight Night: Sandhagen vs. Dillashaw,Diana Belbita vs. Hannah Goldy,Junichiro Kamijo,30,27,1,25,-2,-5.216666666666667,1.0
2021-07-17,UFC Fight Night: Makhachev vs. Moises,Khalid Taha vs. Sergey Morozov,Mike Bell,27,30,0,-17,-6,-8.566666666666666,0.0
2021-07-17,UFC Fight Night: Makhachev vs. Moises,Khalid Taha vs. Sergey Morozov,Dave Hagen,27,30,0,-17,-6,-8.566666666666666,0.0
2021-07-17,UFC Fight Night: Makhachev vs. Moises,Khalid Taha vs. Sergey Morozov,Bryan Miner,27,30,0,-17,-6,-8.566666666666666,0.0
2021-07-17,UFC Fight Night: Makhachev vs. Moises,Francisco Figueiredo vs. Malcolm Gordon,Sal D'Amato,27,30,0,-18,0,-1.7666666666666675,0.0
2021-07-17,UFC Fight Night: Makhachev vs. Moises,Francisco Figueiredo vs. Malcolm Gordon,Junichiro Kamijo,28,29,0,-18,0,-1.7666666666666675,0.0
2021-07-17,UFC Fight Night: Makhachev vs. Moises,Francisco Figueiredo vs. Malcolm Gordon,Tony Weeks,28,29,0,-18,0,-1.7666666666666675,0.0
2021-07-10,UFC 264: Poirier vs. McGregor 3,Gilbert Burns vs. Stephen Thompson,Ron McCarthy,29,28,1,10,3,7.216666666666667,0.0
2021-07-10,UFC 264: Poirier vs. McGregor 3,Gilbert Burns vs. Stephen Thompson,Sal D'Amato,29,28,1,10,3,7.216666666666667,0.0
2021-07-10,UFC 264: Poirier vs. McGregor 3,Gilbert Burns vs. Stephen Thompson,Mike Bell,29,28,1,10,3,7.216666666666667,0.0
2021-07-10,UFC 264: Poirier vs. McGregor 3,Carlos Condit vs. Max Griffin,Ron McCarthy,28,29,0,-30,-1,-1.1833333333333333,-1.0
2021-07-10,UFC 264: Poirier vs. McGregor 3,Carlos Condit vs. Max Griffin,Sal D'Amato,28,29,0,-30,-1,-1.1833333333333333,-1.0
2021-07-10,UFC 264: Poirier vs. McGregor 3,Carlos Condit vs. Max Griffin,Derek Cleary,27,30,0,-30,-1,-1.1833333333333333,-1.0
2021-07-10,UFC 264: Poirier vs. McGregor 3,Niko Price vs. Michel Pereira,Junichiro Kamijo,28,29,0,-16,-3,-0.583333333333333,0.0
2021-07-10,UFC 264: Poirier vs. McGregor 3,Niko Price vs. Michel Pereira,Adalaide Byrd,28,29,0,-16,-3,-0.583333333333333,0.0
2021-07-10,UFC 264: Poirier vs. McGregor 3,Niko Price vs. Michel Pereira,Mike Bell,28,29,0,-16,-3,-0.583333333333333,0.0
2021-07-10,UFC 264: Poirier vs. McGregor 3,Jennifer Maia vs. Jessica Eye,Adalaide Byrd,29,28,1,-2,-2,-0.8666666666666667,0.0
2021-07-10,UFC 264: Poirier vs. McGregor 3,Jennifer Maia vs. Jessica Eye,Derek Cleary,29,28,1,-2,-2,-0.8666666666666667,0.0
2021-07-10,UFC 264: Poirier vs. McGregor 3,Jennifer Maia vs. Jessica Eye,Sal D'Amato,30,27,1,-2,-2,-0.8666666666666667,0.0
2021-07-10,UFC 264: Poirier vs. McGregor 3,Omari Akhmedov vs. Brad Tavares,Eric Colon,28,29,0,-36,2,1.55,-1.0
2021-07-10,UFC 264: Poirier vs. McGregor 3,Omari Akhmedov vs. Brad Tavares,Mike Bell,28,29,0,-36,2,1.55,-1.0
2021-07-10,UFC 264: Poirier vs. McGregor 3,Omari Akhmedov vs. Brad Tavares,Ron McCarthy,29,28,1,-36,2,1.55,-1.0
2021-06-26,UFC Fight Night: Gane vs. Volkov,Ciryl Gane vs. Alexander Volkov,Junichiro Kamijo,50,45,1,20,0,0.31666666666666665,0.0
2021-06-26,UFC Fight Night: Gane vs. Volkov,Ciryl Gane vs. Alexander Volkov,Ron McCarthy,50,45,1,20,0,0.31666666666666665,0.0
2021-06-26,UFC Fight Night: Gane vs. Volkov,Ciryl Gane vs. Alexander Volkov,Sal D'Amato,49,46,1,20,0,0.31666666666666665,0.0
2021-06-26,UFC Fight Night: Gane vs. Volkov,Raoni Barcelos vs. Timur Valiev,Ron McCarthy,28,29,0,-8,0,0.6833333333333333,2.0
2021-06-26,UFC Fight Night: Gane vs. Volkov,Raoni Barcelos vs. Timur Valiev,Rick Winter,28,29,0,-8,0,0.6833333333333333,2.0
2021-06-26,UFC Fight Night: Gane vs. Volkov,Tim Means vs. Nicolas Dalby,Tony Weeks,29,28,1,-1,1,6.533333333333334,0.0
2021-06-26,UFC Fight Night: Gane vs. Volkov,Tim Means vs. Nicolas Dalby,Junichiro Kamijo,29,28,1,-1,1,6.533333333333334,0.0
2021-06-26,UFC Fight Night: Gane vs. Volkov,Tim Means vs. Nicolas Dalby,Mike Bell,29,28,1,-1,1,6.533333333333334,0.0
2021-06-26,UFC Fight Night: Gane vs. Volkov,Charles Rosa vs. Justin Jaynes,Adalaide Byrd,30,27,1,7,0,0.7333333333333338,0.0
2021-06-26,UFC Fight Night: Gane vs. Volkov,Charles Rosa vs. Justin Jaynes,Ron McCarthy,28,29,0,7,0,0.7333333333333338,0.0
2021-06-26,UFC Fight Night: Gane vs. Volkov,Charles Rosa vs. Justin Jaynes,Chris Lee,29,28,1,7,0,0.7333333333333338,0.0
2021-06-26,UFC Fight Night: Gane vs. Volkov,Yancy Medeiros vs. Damir Hadzovic,Junichiro Kamijo,28,29,0,-18,0,1.75,0.0
2021-06-26,UFC Fight Night: Gane vs. Volkov,Yancy Medeiros vs. Damir Hadzovic,Dave Hagen,28,29,0,-18,0,1.75,0.0
2021-06-26,UFC Fight Night: Gane vs. Volkov,Yancy Medeiros vs. Damir Hadzovic,Mike Bell,28,29,0,-18,0,1.75,0.0
2021-06-19,UFC Fight Night: Jung vs. Ige,Chan Sung Jung vs. Dan Ige,Sal D'Amato,48,47,1,12,3,8.283333333333333,0.0
2021-06-19,UFC Fight Night: Jung vs. Ige,Chan Sung Jung vs. Dan Ige,Derek Cleary,49,46,1,12,3,8.283333333333333,0.0
2021-06-19,UFC Fight Night: Jung vs. Ige,Chan Sung Jung vs. Dan Ige,Mike Bell,49,46,1,12,3,8.283333333333333,0.0
2021-06-19,UFC Fight Night: Jung vs. Ige,Aleksei Oleinik vs. Serghei Spivac,Tony Weeks,28,29,0,-12,1,-1.333333333333333,0.0
2021-06-19,UFC Fight Night: Jung vs. Ige,Aleksei Oleinik vs. Serghei Spivac,Junichiro Kamijo,28,29,0,-12,1,-1.333333333333333,0.0
2021-06-19,UFC Fight Night: Jung vs. Ige,Aleksei Oleinik vs. Serghei Spivac,Sal D'Amato,28,29,0,-12,1,-1.333333333333333,0.0
2021-06-19,UFC Fight Night: Jung vs. Ige,Marlon Vera vs. Davey Grant,Mike Bell,29,27,1,22,1,3.35,0.0
2021-06-19,UFC Fight Night: Jung vs. Ige,Marlon Vera vs. Davey Grant,Rick Winter,29,28,1,22,1,3.35,0.0
2021-06-19,UFC Fight Night: Jung vs. Ige,Marlon Vera vs. Davey Grant,Derek Cleary,30,26,1,22,1,3.35,0.0
2021-06-19,UFC Fight Night: Jung vs. Ige,Aleksa Camur vs. Nicolae Negumereanu,Tony Weeks,28,29,0,31,-1,-4.866666666666667,0.0
2021-06-19,UFC Fight Night: Jung vs. Ige,Aleksa Camur vs. Nicolae Negumereanu,Eric Colon,29,28,1,31,-1,-4.866666666666667,0.0
2021-06-19,UFC Fight Night: Jung vs. Ige,Aleksa Camur vs. Nicolae Negumereanu,Mike Bell,28,29,0,31,-1,-4.866666666666667,0.0
2021-06-19,UFC Fight Night: Jung vs. Ige,Khaos Williams vs. Matthew Semelsberger,Rick Winter,30,27,1,27,0,1.85,0.0
2021-06-19,UFC Fight Night: Jung vs. Ige,Khaos Williams vs. Matthew Semelsberger,Dave Hagen,29,28,1,27,0,1.85,0.0
2021-06-19,UFC Fight Night: Jung vs. Ige,Khaos Williams vs. Matthew Semelsberger,Mike Bell,29,28,1,27,0,1.85,0.0
2021-06-19,UFC Fight Night: Jung vs. Ige,Josh Parisian vs. Roque Martinez,Junichiro Kamijo,29,28,1,15,1,0.06666666666666643,0.0
2021-06-19,UFC Fight Night: Jung vs. Ige,Josh Parisian vs. Roque Martinez,Eric Colon,28,29,0,15,1,0.06666666666666643,0.0
2021-06-19,UFC Fight Night: Jung vs. Ige,Josh Parisian vs. Roque Martinez,Tony Weeks,29,28,1,15,1,0.06666666666666643,0.0
2021-06-12,UFC 263: Adesanya vs. Vettori 2,Israel Adesanya vs. Marvin Vettori,Derek Cleary,50,45,1,38,-4,-6.316666666666666,0.0
2021-06-12,UFC 263: Adesanya vs. Vettori 2,Israel Adesanya vs. Marvin Vettori,Sal D'Amato,50,45,1,38,-4,-6.316666666666666,0.0
2021-06-12,UFC 263: Adesanya vs. Vettori 2,Israel Adesanya vs. Marvin Vettori,Chris Flores,50,45,1,38,-4,-6.316666666666666,0.0
2021-06-12,UFC 263: Adesanya vs. Vettori 2,Leon Edwards vs. Nate Diaz,Junichiro Kamijo,49,46,1,1,4,3.099999999999999,0.0
2021-06-12,UFC 263: Adesanya vs. Vettori 2,Leon Edwards vs. Nate Diaz,Derek Cleary,49,46,1,1,4,3.099999999999999,0.0
2021-06-12,UFC 263: Adesanya vs. Vettori 2,Leon Edwards vs. Nate Diaz,Brad Frank,49,46,1,1,4,3.099999999999999,0.0
2021-06-12,UFC 263: Adesanya vs. Vettori 2,Demian Maia vs. Belal Muhammad,Chris Lee,28,29,0,-24,1,4.233333333333333,0.0
2021-06-12,UFC 263: Adesanya vs. Vettori 2,Demian Maia vs. Belal Muhammad,Chris Flores,28,29,0,-24,1,4.233333333333333,0.0
2021-06-12,UFC 263: Adesanya vs. Vettori 2,Demian Maia vs. Belal Muhammad,Sal D'Amato,27,30,0,-24,1,4.233333333333333,0.0
2021-06-12,UFC 263: Adesanya vs. Vettori 2,Drew Dober vs. Brad Riddell,Derek Cleary,28,29,0,-16,-4,-1.4166666666666667,0.0
2021-06-12,UFC 263: Adesanya vs. Vettori 2,Drew Dober vs. Brad Riddell,Sal D'Amato,28,29,0,-16,-4,-1.4166666666666667,0.0
2021-06-12,UFC 263: Adesanya vs. Vettori 2,Drew Dober vs. Brad Riddell,Brad Frank,28,29,0,-16,-4,-1.4166666666666667,0.0
2021-06-12,UFC 263: Adesanya vs. Vettori 2,Eryk Anders vs. Darren Stewart,Chris Lee,29,28,1,11,-2,6.066666666666666,0.0
2021-06-12,UFC 263: Adesanya vs. Vettori 2,Eryk Anders vs. Darren Stewart,Mike Bell,29,27,1,11,-2,6.066666666666666,0.0
2021-06-12,UFC 263: Adesanya vs. Vettori 2,Eryk Anders vs. Darren Stewart,Chris Flores,29,27,1,11,-2,6.066666666666666,0.0
2021-06-12,UFC 263: Adesanya vs. Vettori 2,Lauren Murphy vs. Joanne Wood,Junichiro Kamijo,29,28,1,-43,1,4.800000000000001,0.0
2021-06-12,UFC 263: Adesanya vs. Vettori 2,Lauren Murphy vs. Joanne Wood,Derek Cleary,28,29,0,-43,1,4.800000000000001,0.0
2021-06-12,UFC 263: Adesanya vs. Vettori 2,Lauren Murphy vs. Joanne Wood,Dennis O'Connell,29,28,1,-43,1,4.800000000000001,0.0
2021-06-12,UFC 263: Adesanya vs. Vettori 2,Movsar Evloev vs. Hakeem Dawodu,Sal D'Amato,29,27,1,3,9,8.649999999999999,0.0
2021-06-12,UFC 263: Adesanya vs. Vettori 2,Movsar Evloev vs. Hakeem Dawodu,Chris Lee,29,27,1,3,9,8.649999999999999,0.0
2021-06-12,UFC 263: Adesanya vs. Vettori 2,Movsar Evloev vs. Hakeem Dawodu,Brad Frank,29,27,1,3,9,8.649999999999999,0.0
2021-06-12,UFC 263: Adesanya vs. Vettori 2,Pannie Kianzad vs. Alexis Davis,Junichiro Kamijo,30,27,1,-8,-1,-0.016666666666666677,0.0
2021-06-12,UFC 263: Adesanya vs. Vettori 2,Pannie Kianzad vs. Alexis Davis,Chris Flores,30,27,1,-8,-1,-0.016666666666666677,0.0
2021-06-12,UFC 263: Adesanya vs. Vettori 2,Pannie Kianzad vs. Alexis Davis,Mike Bell,29,28,1,-8,-1,-0.016666666666666677,0.0
2021-06-12,UFC 263: Adesanya vs. Vettori 2,Chase Hooper vs. Steven Peterson,Chris Lee,27,30,0,-18,2,-5.033333333333333,0.0
2021-06-12,UFC 263: Adesanya vs. Vettori 2,Chase Hooper vs. Steven Peterson,Brad Frank,27,30,0,-18,2,-5.033333333333333,0.0
2021-06-12,UFC 263: Adesanya vs. Vettori 2,Chase Hooper vs. Steven Peterson,Mike Bell,28,29,0,-18,2,-5.033333333333333,0.0
2021-06-12,UFC 263: Adesanya vs. Vettori 2,Fares Ziam vs. Luigi Vendramini,Junichiro Kamijo,29,28,1,5,-1,-3.15,0.0
2021-06-12,UFC 263: Adesanya vs. Vettori 2,Fares Ziam vs. Luigi Vendramini,Chris Flores,29,28,1,5,-1,-3.15,0.0
2021-06-12,UFC 263: Adesanya vs. Vettori 2,Carlos Felipe vs. Jake Collier,Chris Lee,29,28,1,-36,0,0.03333333333333333,0.0
2021-06-12,UFC 263: Adesanya vs. Vettori 2,Carlos Felipe vs. Jake Collier,Sal D'Amato,28,29,0,-36,0,0.03333333333333333,0.0
2021-06-12,UFC 263: Adesanya vs. Vettori 2,Carlos Felipe vs. Jake Collier,Dennis O'Connell,29,28,1,-36,0,0.03333333333333333,0.0
2021-06-05,UFC Fight Night: Rozenstruik vs. Sakai,Roman Dolidze vs. Laureano Staropoli,Ron McCarthy,30,27,1,5,2,8.783333333333333,0.0
2021-06-05,UFC Fight Night: Rozenstruik vs. Sakai,Roman Dolidze vs. Laureano Staropoli,Bryan Miner,30,27,1,5,2,8.783333333333333,0.0
2021-06-05,UFC Fight Night: Rozenstruik vs. Sakai,Roman Dolidze vs. Laureano Staropoli,Junichiro Kamijo,30,27,1,5,2,8.783333333333333,0.0
2021-06-05,UFC Fight Night: Rozenstruik vs. Sakai,Santiago Ponzinibbio vs. Miguel Baeza,Mike Bell,29,28,1,17,0,0.0,0.0
2021-06-05,UFC Fight Night: Rozenstruik vs. Sakai,Santiago Ponzinibbio vs. Miguel Baeza,Sal D'Amato,29,28,1,17,0,0.0,0.0
2021-06-05,UFC Fight Night: Rozenstruik vs. Sakai,Santiago Ponzinibbio vs. Miguel Baeza,Dave Hagen,29,28,1,17,0,0.0,0.0
2021-06-05,UFC Fight Night: Rozenstruik vs. Sakai,Dusko Todorovic vs. Gregory Rodrigues,Rick Winter,27,30,0,-34,-3,0.016666666666666607,0.0
2021-06-05,UFC Fight Night: Rozenstruik vs. Sakai,Dusko Todorovic vs. Gregory Rodrigues,Tony Weeks,27,30,0,-34,-3,0.016666666666666607,0.0
2021-06-05,UFC Fight Night: Rozenstruik vs. Sakai,Dusko Todorovic vs. Gregory Rodrigues,Ron McCarthy,28,29,0,-34,-3,0.016666666666666607,0.0
2021-06-05,UFC Fight Night: Rozenstruik vs. Sakai,Tanner Boser vs. Ilir Latifi,Mike Bell,28,29,0,35,-2,-5.933333333333333,0.0
2021-06-05,UFC Fight Night: Rozenstruik vs. Sakai,Tanner Boser vs. Ilir Latifi,Tony Weeks,29,27,1,35,-2,-5.933333333333333,0.0
2021-06-05,UFC Fight Night: Rozenstruik vs. Sakai,Tanner Boser vs. Ilir Latifi,Junichiro Kamijo,28,29,0,35,-2,-5.933333333333333,0.0
2021-06-05,UFC Fight Night: Rozenstruik vs. Sakai,Francisco Trinaldo vs. Muslim Salikhov,Sal D'Amato,27,30,0,-23,-2,-1.4500000000000002,-1.0
2021-06-05,UFC Fight Night: Rozenstruik vs. Sakai,Francisco Trinaldo vs. Muslim Salikhov,Ron McCarthy,27,30,0,-23,-2,-1.4500000000000002,-1.0
2021-06-05,UFC Fight Night: Rozenstruik vs. Sakai,Francisco Trinaldo vs. Muslim Salikhov,Adalaide Byrd,27,30,0,-23,-2,-1.4500000000000002,-1.0
2021-06-05,UFC Fight Night: Rozenstruik vs. Sakai,Makwan Amirkhani vs. Kamuela Kirk,Dave Hagen,27,30,0,-8,5,5.2666666666666675,0.0
2021-06-05,UFC Fight Night: Rozenstruik vs. Sakai,Makwan Amirkhani vs. Kamuela Kirk,Mike Bell,28,29,0,-8,5,5.2666666666666675,0.0
2021-06-05,UFC Fight Night: Rozenstruik vs. Sakai,Makwan Amirkhani vs. Kamuela Kirk,Rick Winter,28,29,0,-8,5,5.2666666666666675,0.0
2021-06-05,UFC Fight Night: Rozenstruik vs. Sakai,Sean Woodson vs. Youssef Zalal,Ron McCarthy,28,29,0,-2,-2,-5.3,0.0
2021-06-05,UFC Fight Night: Rozenstruik vs. Sakai,Sean Woodson vs. Youssef Zalal,Junichiro Kamijo,29,28,1,-2,-2,-5.3,0.0
2021-06-05,UFC Fight Night: Rozenstruik vs. Sakai,Sean Woodson vs. Youssef Zalal,Tony Weeks,29,28,1,-2,-2,-5.3,0.0
2021-06-05,UFC Fight Night: Rozenstruik vs. Sakai,Claudio Puelles vs. Jordan Leavitt,Sal D'Amato,29,28,1,-1,2,7.916666666666668,0.0
2021-06-05,UFC Fight Night: Rozenstruik vs. Sakai,Claudio Puelles vs. Jordan Leavitt,Bryan Miner,29,28,1,-1,2,7.916666666666668,0.0
2021-06-05,UFC Fight Night: Rozenstruik vs. Sakai,Claudio Puelles vs. Jordan Leavitt,Adalaide Byrd,29,28,1,-1,2,7.916666666666668,0.0
2021-05-22,UFC Fight Night: Font vs. Garbrandt,Rob Font vs. Cody Garbrandt,Derek Cleary,48,47,1,113,-1,-1.8166666666666667,0.0
2021-05-22,UFC Fight Night: Font vs. Garbrandt,Rob Font vs. Cody Garbrandt,Sal D'Amato,50,45,1,113,-1,-1.8166666666666667,0.0
2021-05-22,UFC Fight Night: Font vs. Garbrandt,Rob Font vs. Cody Garbrandt,Junichiro Kamijo,50,45,1,113,-1,-1.8166666666666667,0.0
2021-05-22,UFC Fight Night: Font vs. Garbrandt,Justin Tafa vs. Jared Vanderaa,Mike Bell,27,30,0,-47,0,-0.2166666666666667,0.0
2021-05-22,UFC Fight Night: Font vs. Garbrandt,Justin Tafa vs. Jared Vanderaa,Tony Weeks,27,30,0,-47,0,-0.2166666666666667,0.0
2021-05-22,UFC Fight Night: Font vs. Garbrandt,Justin Tafa vs. Jared Vanderaa,Eric Colon,28,29,0,-47,0,-0.2166666666666667,0.0
2021-05-22,UFC Fight Night: Font vs. Garbrandt,Felicia Spencer vs. Norma Dumont,Sal D'Amato,27,30,0,-21,-1,1.6166666666666667,0.0
2021-05-22,UFC Fight Night: Font vs. Garbrandt,Felicia Spencer vs. Norma Dumont,Bryan Miner,29,28,1,-21,-1,1.6166666666666667,0.0
2021-05-22,UFC Fight Night: Font vs. Garbrandt,Felicia Spencer vs. Norma Dumont,Junichiro Kamijo,28,29,0,-21,-1,1.6166666666666667,0.0
2021-05-22,UFC Fight Night: Font vs. Garbrandt,Ricardo Ramos vs. Bill Algeo,Mike Bell,30,27,1,-23,8,2.75,0.0
2021-05-22,UFC Fight Night: Font vs. Garbrandt,Ricardo Ramos vs. Bill Algeo,Eric Colon,30,27,1,-23,8,2.75,0.0
2021-05-22,UFC Fight Night: Font vs. Garbrandt,Ricardo Ramos vs. Bill Algeo,Derek Cleary,29,28,1,-23,8,2.75,0.0
2021-05-22,UFC Fight Night: Font vs. Garbrandt,Jack Hermansson vs. Edmen Shahbazyan,Sal D'Amato,29,27,1,15,3,5.333333333333334,0.0
2021-05-22,UFC Fight Night: Font vs. Garbrandt,Jack Hermansson vs. Edmen Shahbazyan,Adalaide Byrd,29,27,1,15,3,5.333333333333334,0.0
2021-05-22,UFC Fight Night: Font vs. Garbrandt,Jack Hermansson vs. Edmen Shahbazyan,Junichiro Kamijo,29,27,1,15,3,5.333333333333334,0.0
2021-05-22,UFC Fight Night: Font vs. Garbrandt,Court McGee vs. Claudio Silva,Adalaide Byrd,30,26,1,16,2,6.250000000000001,0.0
2021-05-22,UFC Fight Night: Font vs. Garbrandt,Court McGee vs. Claudio Silva,Derek Cleary,30,26,1,16,2,6.250000000000001,0.0
2021-05-22,UFC Fight Night: Font vs. Garbrandt,Court McGee vs. Claudio Silva,Mike Bell,29,27,1,16,2,6.250000000000001,0.0
2021-05-22,UFC Fight Night: Font vs. Garbrandt,Josh Culibao vs. Shayilan Nuerdanbieke,Derek Cleary,29,28,1,36,-2,-6.033333333333333,0.0
2021-05-22,UFC Fight Night: Font vs. Garbrandt,Josh Culibao vs. Shayilan Nuerdanbieke,Dave Hagen,29,28,1,36,-2,-6.033333333333333,0.0
2021-05-22,UFC Fight Night: Font vs. Garbrandt,Josh Culibao vs. Shayilan Nuerdanbieke,Bryan Miner,29,28,1,36,-2,-6.033333333333333,0.0
2021-05-22,UFC Fight Night: Font vs. Garbrandt,Rafael Alves vs. Damir Ismagulov,Mike Bell,28,29,0,-26,-2,-7.4,1.0
2021-05-22,UFC Fight Night: Font vs. Garbrandt,Rafael Alves vs. Damir Ismagulov,Dave Hagen,28,29,0,-26,-2,-7.4,1.0
2021-05-22,UFC Fight Night: Font vs. Garbrandt,Rafael Alves vs. Damir Ismagulov,Junichiro Kamijo,28,29,0,-26,-2,-7.4,1.0
2021-05-15,UFC 262: Oliveira vs. Chandler,Tony Ferguson vs. Beneil Dariush,Chris Lee,27,30,0,-8,-3,-12.166666666666666,0.0
2021-05-15,UFC 262: Oliveira vs. Chandler,Tony Ferguson vs. Beneil Dariush,Sal D'Amato,27,30,0,-8,-3,-12.166666666666666,0.0
2021-05-15,UFC 262: Oliveira vs. Chandler,Tony Ferguson vs. Beneil Dariush,Marcos Rosales,27,30,0,-8,-3,-12.166666666666666,0.0
2021-05-15,UFC 262: Oliveira vs. Chandler,Katlyn Cerminara vs. Viviane Araujo,Chris Lee,29,28,1,38,-1,-3.05,0.0
2021-05-15,UFC 262: Oliveira vs. Chandler,Katlyn Cerminara vs. Viviane Araujo,Jeff Rexroad,29,28,1,38,-1,-3.05,0.0
2021-05-15,UFC 262: Oliveira vs. Chandler,Katlyn Cerminara vs. Viviane Araujo,Marcos Rosales,30,27,1,38,-1,-3.05,0.0
2021-05-15,UFC 262: Oliveira vs. Chandler,Lando Vannata vs. Mike Grundy,Chris Lee,29,28,1,48,-2,-2.2333333333333334,0.0
2021-05-15,UFC 262: Oliveira vs. Chandler,Lando Vannata vs. Mike Grundy,Marcos Rosales,30,27,1,48,-2,-2.2333333333333334,0.0
2021-05-15,UFC 262: Oliveira vs. Chandler,Lando Vannata vs. Mike Grundy,Patrick Patlan,27,30,0,48,-2,-2.2333333333333334,0.0
2021-05-15,UFC 262: Oliveira vs. Chandler,Kevin Aguilar vs. Tucker Lutz,Marcos Rosales,28,29,0,-18,-3,-2.216666666666667,0.0
2021-05-15,UFC 262: Oliveira vs. Chandler,Kevin Aguilar vs. Tucker Lutz,Danny De Alejandro,28,29,0,-18,-3,-2.216666666666667,0.0
2021-05-15,UFC 262: Oliveira vs. Chandler,Kevin Aguilar vs. Tucker Lutz,Joshua Ferraro,27,30,0,-18,-3,-2.216666666666667,0.0
2021-05-08,UFC Fight Night: Rodriguez vs. Waterson,Marina Rodriguez vs. Michelle Waterson-Gomez,Derek Cleary,48,47,1,37,-1,-3.0500000000000003,0.0
2021-05-08,UFC Fight Night: Rodriguez vs. Waterson,Marina Rodriguez vs. Michelle Waterson-Gomez,Sal D'Amato,49,46,1,37,-1,-3.0500000000000003,0.0
2021-05-08,UFC Fight Night: Rodriguez vs. Waterson,Marina Rodriguez vs. Michelle Waterson-Gomez,Ron McCarthy,49,46,1,37,-1,-3.0500000000000003,0.0
2021-05-08,UFC Fight Night: Rodriguez vs. Waterson,Neil Magny vs. Geoff Neal,Derek Cleary,29,28,1,20,1,-2.1166666666666667,0.0
2021-05-08,UFC Fight Night: Rodriguez vs. Waterson,Neil Magny vs. Geoff Neal,Sal D'Amato,29,28,1,20,1,-2.1166666666666667,0.0
2021-05-08,UFC Fight Night: Rodriguez vs. Waterson,Neil Magny vs. Geoff Neal,Ron McCarthy,30,27,1,20,1,-2.1166666666666667,0.0
2021-05-08,UFC Fight Night: Rodriguez vs. Waterson,Maurice Greene vs. Marcos Rogerio de Lima,Tony Weeks,26,30,0,-9,-3,-14.1,0.0
2021-05-08,UFC Fight Night: Rodriguez vs. Waterson,Maurice Greene vs. Marcos Rogerio de Lima,Junichiro Kamijo,26,30,0,-9,-3,-14.1,0.0
2021-05-08,UFC Fight Night: Rodriguez vs. Waterson,Maurice Greene vs. Marcos Rogerio de Lima,Chris Lee,27,30,0,-9,-3,-14.1,0.0
2021-05-08,UFC Fight Night: Rodriguez vs. Waterson,Phil Hawes vs. Kyle Daukaus,Tony Weeks,30,26,1,38,2,1.3499999999999996,0.0
2021-05-08,UFC Fight Night: Rodriguez vs. Waterson,Phil Hawes vs. Kyle Daukaus,Mike Bell,30,26,1,38,2,1.3499999999999996,0.0
2021-05-08,UFC Fight Night: Rodriguez vs. Waterson,Phil Hawes vs. Kyle Daukaus,Sal D'Amato,29,27,1,38,2,1.3499999999999996,0.0
2021-05-08,UFC Fight Night: Rodriguez vs. Waterson,Ludovit Klein vs. Michael Trizano,Derek Cleary,28,29,0,-11,4,3.466666666666667,0.0
2021-05-08,UFC Fight Night: Rodriguez vs. Waterson,Ludovit Klein vs. Michael Trizano,Adalaide Byrd,28,29,0,-11,4,3.466666666666667,0.0
2021-05-08,UFC Fight Night: Rodriguez vs. Waterson,Ludovit Klein vs. Michael Trizano,Junichiro Kamijo,27,30,0,-11,4,3.466666666666667,0.0
2021-05-08,UFC Fight Night: Rodriguez vs. Waterson,JunYong Park vs. Tafon Nchukwi,Ron McCarthy,30,25,1,13,1,3.25,0.0
2021-05-08,UFC Fight Night: Rodriguez vs. Waterson,JunYong Park vs. Tafon Nchukwi,Sal D'Amato,29,26,1,13,1,3.25,0.0
2021-05-01,UFC Fight Night: Reyes vs. Prochazka,Sean Strickland vs. Krzysztof Jotko,Sal D'Amato,30,27,1,47,0,0.0,0.0
2021-05-01,UFC Fight Night: Reyes vs. Prochazka,Sean Strickland vs. Krzysztof Jotko,Junichiro Kamijo,30,27,1,47,0,0.0,0.0
2021-05-01,UFC Fight Night: Reyes vs. Prochazka,Sean Strickland vs. Krzysztof Jotko,Adalaide Byrd,29,28,1,47,0,0.0,0.0
2021-05-01,UFC Fight Night: Reyes vs. Prochazka,Merab Dvalishvili vs. Cody Stamann,Mike Bell,30,27,1,23,4,-1.2500000000000002,0.0
2021-05-01,UFC Fight Night: Reyes vs. Prochazka,Merab Dvalishvili vs. Cody Stamann,Sal D'Amato,29,28,1,23,4,-1.2500000000000002,0.0
2021-05-01,UFC Fight Night: Reyes vs. Prochazka,Merab Dvalishvili vs. Cody Stamann,Rick Winter,29,28,1,23,4,-1.2500000000000002,0.0
2021-05-01,UFC Fight Night: Reyes vs. Prochazka,Kai Kamaka vs. TJ Brown,Adalaide Byrd,30,27,1,-21,-1,5.033333333333333,1.0
2021-05-01,UFC Fight Night: Reyes vs. Prochazka,Kai Kamaka vs. TJ Brown,Sal D'Amato,28,29,0,-21,-1,5.033333333333333,1.0
2021-05-01,UFC Fight Night: Reyes vs. Prochazka,Kai Kamaka vs. TJ Brown,Mike Bell,28,29,0,-21,-1,5.033333333333333,1.0
2021-05-01,UFC Fight Night: Reyes vs. Prochazka,Poliana Botelho vs. Luana Carolina,Dave Hagen,28,29,0,9,1,-0.8166666666666664,0.0
2021-05-01,UFC Fight Night: Reyes vs. Prochazka,Poliana Botelho vs. Luana Carolina,Sal D'Amato,29,28,1,9,1,-0.8166666666666664,0.0
2021-05-01,UFC Fight Night: Reyes vs. Prochazka,Poliana Botelho vs. Luana Carolina,Junichiro Kamijo,28,29,0,9,1,-0.8166666666666664,0.0
2021-05-01,UFC Fight Night: Reyes vs. Prochazka,Loma Lookboonmee vs. Sam Hughes,Mike Bell,29,28,1,35,4,-5.066666666666666,0.0
2021-05-01,UFC Fight Night: Reyes vs. Prochazka,Loma Lookboonmee vs. Sam Hughes,Dave Hagen,29,28,1,35,4,-5.066666666666666,0.0
2021-05-01,UFC Fight Night: Reyes vs. Prochazka,Loma Lookboonmee vs. Sam Hughes,Junichiro Kamijo,29,28,1,35,4,-5.066666666666666,0.0
2021-05-01,UFC Fight Night: Reyes vs. Prochazka,Andreas Michailidis vs. KB Bhullar,Rick Winter,30,27,1,3,1,1.7833333333333332,0.0
2021-05-01,UFC Fight Night: Reyes vs. Prochazka,Andreas Michailidis vs. KB Bhullar,Tony Weeks,30,27,1,3,1,1.7833333333333332,0.0
2021-05-01,UFC Fight Night: Reyes vs. Prochazka,Andreas Michailidis vs. KB Bhullar,Eric Colon,29,28,1,3,1,1.7833333333333332,0.0
2021-05-01,UFC Fight Night: Reyes vs. Prochazka,Luke Sanders vs. Felipe Colares,Mike Bell,28,29,0,40,0,0.016666666666666607,1.0
2021-05-01,UFC Fight Night: Reyes vs. Prochazka,Luke Sanders vs. Felipe Colares,Adalaide Byrd,28,29,0,40,0,0.016666666666666607,1.0
2021-05-01,UFC Fight Night: Reyes vs. Prochazka,Luke Sanders vs. Felipe Colares,Junichiro Kamijo,28,29,0,40,0,0.016666666666666607,1.0
2021-04-24,UFC 261: Usman vs. Masvidal 2,Dwight Grant vs. Stefan Sekulic,Howard Reichbach,29,28,1,16,-2,-1.6499999999999997,0.0
2021-04-24,UFC 261: Usman vs. Masvidal 2,Dwight Grant vs. Stefan Sekulic,Derek Cleary,28,29,0,16,-2,-1.6499999999999997,0.0
2021-04-24,UFC 261: Usman vs. Masvidal 2,Dwight Grant vs. Stefan Sekulic,Chris Lee,29,28,1,16,-2,-1.6499999999999997,0.0
2021-04-24,UFC 261: Usman vs. Masvidal 2,Pat Sabatini vs. Tristan Connelly,Chris Lee,30,27,1,7,0,8.633333333333333,1.0
2021-04-24,UFC 261: Usman vs. Masvidal 2,Pat Sabatini vs. Tristan Connelly,Troy Wincapaw,29,28,1,7,0,8.633333333333333,1.0
2021-04-24,UFC 261: Usman vs. Masvidal 2,Pat Sabatini vs. Tristan Connelly,Eric Colon,29,28,1,7,0,8.633333333333333,1.0
2021-04-24,UFC 261: Usman vs. Masvidal 2,Kazula Vargas vs. Rongzhu,Troy Wincapaw,30,26,1,54,-3,-1.5666666666666667,0.0
2021-04-24,UFC 261: Usman vs. Masvidal 2,Kazula Vargas vs. Rongzhu,Eric Colon,29,28,1,54,-3,-1.5666666666666667,0.0
2021-04-24,UFC 261: Usman vs. Masvidal 2,Kazula Vargas vs. Rongzhu,Howard Reichbach,29,28,1,54,-3,-1.5666666666666667,0.0
2021-04-24,UFC 261: Usman vs. Masvidal 2,Aoriqileng vs. Jeff Molina,Barry Luxenberg,28,29,0,-73,3,1.2833333333333332,-2.0
2021-04-24,UFC 261: Usman vs. Masvidal 2,Aoriqileng vs. Jeff Molina,Sal D'Amato,28,29,0,-73,3,1.2833333333333332,-2.0
2021-04-24,UFC 261: Usman vs. Masvidal 2,Aoriqileng vs. Jeff Molina,Tony Weeks,27,29,0,-73,3,1.2833333333333332,-2.0
2021-04-17,UFC Fight Night: Whittaker vs. Gastelum,Robert Whittaker vs. Kelvin Gastelum,Mike Bell,50,45,1,88,3,3.883333333333333,0.0
2021-04-17,UFC Fight Night: Whittaker vs. Gastelum,Robert Whittaker vs. Kelvin Gastelum,Derek Cleary,50,45,1,88,3,3.883333333333333,0.0
2021-04-17,UFC Fight Night: Whittaker vs. Gastelum,Robert Whittaker vs. Kelvin Gastelum,Sal D'Amato,50,45,1,88,3,3.883333333333333,0.0
2021-04-17,UFC Fight Night: Whittaker vs. Gastelum,Andrei Arlovski vs. Chase Sherman,Mike Bell,29,28,1,17,0,0.65,0.0
2021-04-17,UFC Fight Night: Whittaker vs. Gastelum,Andrei Arlovski vs. Chase Sherman,Derek Cleary,29,28,1,17,0,0.65,0.0
2021-04-17,UFC Fight Night: Whittaker vs. Gastelum,Andrei Arlovski vs. Chase Sherman,Tony Weeks,29,28,1,17,0,0.65,0.0
2021-04-17,UFC Fight Night: Whittaker vs. Gastelum,Abdul Razak Alhassan vs. Jacob Malkoun,Chris Lee,27,30,0,-6,-8,-11.65,0.0
2021-04-17,UFC Fight Night: Whittaker vs. Gastelum,Abdul Razak Alhassan vs. Jacob Malkoun,Adalaide Byrd,27,30,0,-6,-8,-11.65,0.0
2021-04-17,UFC Fight Night: Whittaker vs. Gastelum,Abdul Razak Alhassan vs. Jacob Malkoun,Junichiro Kamijo,27,30,0,-6,-8,-11.65,0.0
2021-04-17,UFC Fight Night: Whittaker vs. Gastelum,Tracy Cortez vs. Justine Kish,Derek Cleary,29,28,1,11,3,5.800000000000001,-1.0
2021-04-17,UFC Fight Night: Whittaker vs. Gastelum,Tracy Cortez vs. Justine Kish,Sal D'Amato,28,29,0,11,3,5.800000000000001,-1.0
2021-04-17,UFC Fight Night: Whittaker vs. Gastelum,Tracy Cortez vs. Justine Kish,Rick Winter,30,27,1,11,3,5.800000000000001,-1.0
2021-04-17,UFC Fight Night: Whittaker vs. Gastelum,Luis Pena vs. Alexander Munoz,Sal D'Amato,29,28,1,10,-4,-2.3000000000000003,0.0
2021-04-17,UFC Fight Night: Whittaker vs. Gastelum,Luis Pena vs. Alexander Munoz,Mike Bell,28,29,0,10,-4,-2.3000000000000003,0.0
2021-04-17,UFC Fight Night: Whittaker vs. Gastelum,Luis Pena vs. Alexander Munoz,Rick Winter,29,28,1,10,-4,-2.3000000000000003,0.0
2021-04-17,UFC Fight Night: Whittaker vs. Gastelum,Alexandr Romanov vs. Juan Espino,Groin Strike to RomanovDave Hagen,29,28,1,20,-2,2.7666666666666666,0.0
2021-04-17,UFC Fight Night: Whittaker vs. Gastelum,Alexandr Romanov vs. Juan Espino,Chris Lee,28,29,0,20,-2,2.7666666666666666,0.0
2021-04-17,UFC Fight Night: Whittaker vs. Gastelum,Alexandr Romanov vs. Juan Espino,Tony Weeks,29,28,1,20,-2,2.7666666666666666,0.0
2021-04-17,UFC Fight Night: Whittaker vs. Gastelum,Jessica Penne vs. Loopy Godinez,Rick Winter,28,29,0,-9,-2,0.33333333333333304,0.0
2021-04-17,UFC Fight Night: Whittaker vs. Gastelum,Jessica Penne vs. Loopy Godinez,Mike Bell,29,28,1,-9,-2,0.33333333333333304,0.0
2021-04-17,UFC Fight Night: Whittaker vs. Gastelum,Jessica Penne vs. Loopy Godinez,Derek Cleary,29,28,1,-9,-2,0.33333333333333304,0.0
2021-04-17,UFC Fight Night: Whittaker vs. Gastelum,Austin Hubbard vs. Dakota Bush,Derek Cleary,29,28,1,26,0,5.183333333333333,0.0
2021-04-17,UFC Fight Night: Whittaker vs. Gastelum,Austin Hubbard vs. Dakota Bush,Junichiro Kamijo,29,28,1,26,0,5.183333333333333,0.0
2021-04-17,UFC Fight Night: Whittaker vs. Gastelum,Austin Hubbard vs. Dakota Bush,Tony Weeks,29,28,1,26,0,5.183333333333333,0.0
2021-04-10,UFC Fight Night: Vettori vs. Holland,Marvin Vettori vs. Kevin Holland,Derek Cleary,50,44,1,-13,11,19.966666666666665,0.0
2021-04-10,UFC Fight Night: Vettori vs. Holland,Marvin Vettori vs. Kevin Holland,Sal D'Amato,50,44,1,-13,11,19.966666666666665,0.0
2021-04-10,UFC Fight Night: Vettori vs. Holland,Marvin Vettori vs. Kevin Holland,Junichiro Kamijo,50,44,1,-13,11,19.966666666666665,0.0
2021-04-10,UFC Fight Night: Vettori vs. Holland,Arnold Allen vs. Sodiq Yusuff,Mike Bell,29,28,1,-26,2,2.6000000000000005,1.0
2021-04-10,UFC Fight Night: Vettori vs. Holland,Arnold Allen vs. Sodiq Yusuff,Sal D'Amato,29,28,1,-26,2,2.6000000000000005,1.0
2021-04-10,UFC Fight Night: Vettori vs. Holland,Arnold Allen vs. Sodiq Yusuff,Rick Winter,29,28,1,-26,2,2.6000000000000005,1.0
2021-04-10,UFC Fight Night: Vettori vs. Holland,Mike Perry vs. Daniel Rodriguez,Derek Cleary,27,30,0,-68,2,2.8166666666666664,0.0
2021-04-10,UFC Fight Night: Vettori vs. Holland,Mike Perry vs. Daniel Rodriguez,Junichiro Kamijo,27,30,0,-68,2,2.8166666666666664,0.0
2021-04-10,UFC Fight Night: Vettori vs. Holland,Mike Perry vs. Daniel Rodriguez,Tony Weeks,26,30,0,-68,2,2.8166666666666664,0.0
2021-04-10,UFC Fight Night: Vettori vs. Holland,Jim Miller vs. Joe Solecki,Mike Bell,28,29,0,-8,-1,-7.333333333333333,0.0
2021-04-10,UFC Fight Night: Vettori vs. Holland,Jim Miller vs. Joe Solecki,Junichiro Kamijo,28,29,0,-8,-1,-7.333333333333333,0.0
2021-04-10,UFC Fight Night: Vettori vs. Holland,Jim Miller vs. Joe Solecki,Adalaide Byrd,27,30,0,-8,-1,-7.333333333333333,0.0
2021-04-10,UFC Fight Night: Vettori vs. Holland,John Makdessi vs. Ignacio Bahamondes,Sal D'Amato,29,28,1,12,0,-1.0166666666666666,0.0
2021-04-10,UFC Fight Night: Vettori vs. Holland,John Makdessi vs. Ignacio Bahamondes,Derek Cleary,28,29,0,12,0,-1.0166666666666666,0.0
2021-04-10,UFC Fight Night: Vettori vs. Holland,John Makdessi vs. Ignacio Bahamondes,Dave Hagen,30,27,1,12,0,-1.0166666666666666,0.0
2021-04-10,UFC Fight Night: Vettori vs. Holland,Hunter Azure vs. Jack Shore,Sal D'Amato,27,30,0,9,-6,-1.25,0.0
2021-04-10,UFC Fight Night: Vettori vs. Holland,Hunter Azure vs. Jack Shore,Dave Hagen,29,28,1,9,-6,-1.25,0.0
2021-04-10,UFC Fight Night: Vettori vs. Holland,Hunter Azure vs. Jack Shore,Mike Bell,27,30,0,9,-6,-1.25,0.0
2021-04-10,UFC Fight Night: Vettori vs. Holland,Luis Saldana vs. Jordan Griffin,Derek Cleary,29,28,1,3,-4,-4.0,0.0
2021-04-10,UFC Fight Night: Vettori vs. Holland,Luis Saldana vs. Jordan Griffin,Adalaide Byrd,29,28,1,3,-4,-4.0,0.0
2021-04-10,UFC Fight Night: Vettori vs. Holland,Luis Saldana vs. Jordan Griffin,Junichiro Kamijo,29,28,1,3,-4,-4.0,0.0
2021-04-10,UFC Fight Night: Vettori vs. Holland,Da Woon Jung vs. William Knight,Sal D'Amato,30,26,1,11,8,11.916666666666666,0.0
2021-04-10,UFC Fight Night: Vettori vs. Holland,Da Woon Jung vs. William Knight,Rick Winter,30,26,1,11,8,11.916666666666666,0.0
2021-04-10,UFC Fight Night: Vettori vs. Holland,Da Woon Jung vs. William Knight,Tony Weeks,30,27,1,11,8,11.916666666666666,0.0
2021-03-27,UFC 260: Miocic vs. Ngannou,Gillian Robertson vs. Miranda Maverick,Sal D'Amato,27,30,0,-44,-1,-1.1833333333333336,0.0
2021-03-27,UFC 260: Miocic vs. Ngannou,Gillian Robertson vs. Miranda Maverick,Mike Bell,27,30,0,-44,-1,-1.1833333333333336,0.0
2021-03-27,UFC 260: Miocic vs. Ngannou,Gillian Robertson vs. Miranda Maverick,Eric Colon,28,29,0,-44,-1,-1.1833333333333336,0.0
2021-03-27,UFC 260: Miocic vs. Ngannou,Jared Gooden vs. Abubakar Nurmagomedov,Dave Hagen,27,30,0,-17,-1,-4.3,0.0
2021-03-27,UFC 260: Miocic vs. Ngannou,Jared Gooden vs. Abubakar Nurmagomedov,Derek Cleary,27,30,0,-17,-1,-4.3,0.0
2021-03-27,UFC 260: Miocic vs. Ngannou,Jared Gooden vs. Abubakar Nurmagomedov,Mike Bell,27,30,0,-17,-1,-4.3,0.0
2021-03-27,UFC 260: Miocic vs. Ngannou,Modestas Bukauskas vs. Michal Oleksiejczuk,Eric Colon,29,28,1,2,0,-1.0833333333333333,0.0
2021-03-27,UFC 260: Miocic vs. Ngannou,Modestas Bukauskas vs. Michal Oleksiejczuk,Ron McCarthy,28,29,0,2,0,-1.0833333333333333,0.0
2021-03-27,UFC 260: Miocic vs. Ngannou,Modestas Bukauskas vs. Michal Oleksiejczuk,Tony Weeks,28,29,0,2,0,-1.0833333333333333,0.0
2021-03-27,UFC 260: Miocic vs. Ngannou,Shane Young vs. Omar Morales,Junichiro Kamijo,27,30,0,-23,-1,1.9833333333333334,0.0
2021-03-27,UFC 260: Miocic vs. Ngannou,Shane Young vs. Omar Morales,Dave Hagen,27,30,0,-23,-1,1.9833333333333334,0.0
2021-03-27,UFC 260: Miocic vs. Ngannou,Shane Young vs. Omar Morales,Sal D'Amato,27,30,0,-23,-1,1.9833333333333334,0.0
2021-03-20,UFC Fight Night: Brunson vs. Holland,Derek Brunson vs. Kevin Holland,Mike Bell,49,45,1,7,5,15.133333333333331,0.0
2021-03-20,UFC Fight Night: Brunson vs. Holland,Derek Brunson vs. Kevin Holland,Sal D'Amato,49,46,1,7,5,15.133333333333331,0.0
2021-03-20,UFC Fight Night: Brunson vs. Holland,Derek Brunson vs. Kevin Holland,Junichiro Kamijo,49,46,1,7,5,15.133333333333331,0.0
2021-03-20,UFC Fight Night: Brunson vs. Holland,Cheyanne Vlismas vs. Montserrat Conejo Ruiz,Mike Bell,28,29,0,16,-4,-8.816666666666666,0.0
2021-03-20,UFC Fight Night: Brunson vs. Holland,Cheyanne Vlismas vs. Montserrat Conejo Ruiz,Junichiro Kamijo,28,29,0,16,-4,-8.816666666666666,0.0
2021-03-20,UFC Fight Night: Brunson vs. Holland,Cheyanne Vlismas vs. Montserrat Conejo Ruiz,Bryan Miner,27,29,0,16,-4,-8.816666666666666,0.0
2021-03-20,UFC Fight Night: Brunson vs. Holland,Marion Reneau vs. Macy Chiasson,Mike Bell,28,29,0,-21,1,-1.5499999999999998,0.0
2021-03-20,UFC Fight Night: Brunson vs. Holland,Marion Reneau vs. Macy Chiasson,Sal D'Amato,28,29,0,-21,1,-1.5499999999999998,0.0
2021-03-20,UFC Fight Night: Brunson vs. Holland,Trevin Giles vs. Roman Dolidze,Eric Colon,29,28,1,-5,0,-3.0,0.0
2021-03-20,UFC Fight Night: Brunson vs. Holland,Trevin Giles vs. Roman Dolidze,Bryan Miner,29,28,1,-5,0,-3.0,0.0
2021-03-20,UFC Fight Night: Brunson vs. Holland,Trevin Giles vs. Roman Dolidze,Adalaide Byrd,29,28,1,-5,0,-3.0,0.0
2021-03-13,UFC Fight Night: Edwards vs. Muhammad,Manel Kape vs. Matheus Nicolau,Chris Lee,28,29,0,6,-2,-1.8833333333333333,0.0
2021-03-13,UFC Fight Night: Edwards vs. Muhammad,Manel Kape vs. Matheus Nicolau,Bryan Miner,28,29,0,6,-2,-1.8833333333333333,0.0
2021-03-13,UFC Fight Night: Edwards vs. Muhammad,Manel Kape vs. Matheus Nicolau,Dave Hagen,29,28,1,6,-2,-1.8833333333333333,0.0
2021-03-13,UFC Fight Night: Edwards vs. Muhammad,Angela Hill vs. Ashley Yoder,Mike Bell,30,27,1,43,-1,1.2166666666666672,0.0
2021-03-13,UFC Fight Night: Edwards vs. Muhammad,Angela Hill vs. Ashley Yoder,Sal D'Amato,30,27,1,43,-1,1.2166666666666672,0.0
2021-03-13,UFC Fight Night: Edwards vs. Muhammad,Angela Hill vs. Ashley Yoder,Rick Winter,30,27,1,43,-1,1.2166666666666672,0.0
2021-03-13,UFC Fight Night: Edwards vs. Muhammad,Nasrat Haqparast vs. Rafa Garcia,Chris Lee,30,27,1,47,0,-0.35,0.0
2021-03-13,UFC Fight Night: Edwards vs. Muhammad,Nasrat Haqparast vs. Rafa Garcia,Junichiro Kamijo,29,28,1,47,0,-0.35,0.0
2021-03-13,UFC Fight Night: Edwards vs. Muhammad,Nasrat Haqparast vs. Rafa Garcia,Tony Weeks,29,28,1,47,0,-0.35,0.0
2021-03-13,UFC Fight Night: Edwards vs. Muhammad,Cortney Casey vs. JJ Aldrich,Rick Winter,28,29,0,10,-4,-5.7,0.0
2021-03-13,UFC Fight Night: Edwards vs. Muhammad,Cortney Casey vs. JJ Aldrich,Mike Bell,28,29,0,10,-4,-5.7,0.0
2021-03-13,UFC Fight Night: Edwards vs. Muhammad,Cortney Casey vs. JJ Aldrich,Sal D'Amato,29,28,1,10,-4,-5.7,0.0
2021-03-13,UFC Fight Night: Edwards vs. Muhammad,Gloria de Paula vs. Jinh Yu Frey,Sal D'Amato,28,29,0,7,-2,-9.466666666666667,0.0
2021-03-13,UFC Fight Night: Edwards vs. Muhammad,Gloria de Paula vs. Jinh Yu Frey,Chris Lee,28,29,0,7,-2,-9.466666666666667,0.0
2021-03-13,UFC Fight Night: Edwards vs. Muhammad,Gloria de Paula vs. Jinh Yu Frey,Bryan Miner,28,29,0,7,-2,-9.466666666666667,0.0
2021-03-06,UFC 259: Blachowicz vs. Adesanya,Jan Blachowicz vs. Israel Adesanya,Sal D'Amato,49,46,1,29,3,7.083333333333333,0.0
2021-03-06,UFC 259: Blachowicz vs. Adesanya,Jan Blachowicz vs. Israel Adesanya,Derek Cleary,49,45,1,29,3,7.083333333333333,0.0
2021-03-06,UFC 259: Blachowicz vs. Adesanya,Jan Blachowicz vs. Israel Adesanya,Junichiro Kamijo,49,45,1,29,3,7.083333333333333,0.0
2021-03-06,UFC 259: Blachowicz vs. Adesanya,Thiago Santos vs. Aleksandar Rakic,Eric Colon,28,29,0,13,0,-2.533333333333333,0.0
2021-03-06,UFC 259: Blachowicz vs. Adesanya,Thiago Santos vs. Aleksandar Rakic,Dave Hagen,28,29,0,13,0,-2.533333333333333,0.0
2021-03-06,UFC 259: Blachowicz vs. Adesanya,Thiago Santos vs. Aleksandar Rakic,Ron McCarthy,27,30,0,13,0,-2.533333333333333,0.0
2021-03-06,UFC 259: Blachowicz vs. Adesanya,Dominick Cruz vs. Casey Kenney,Derek Cleary,29,28,1,15,2,1.6833333333333333,0.0
2021-03-06,UFC 259: Blachowicz vs. Adesanya,Dominick Cruz vs. Casey Kenney,Mike Bell,28,29,0,15,2,1.6833333333333333,0.0
2021-03-06,UFC 259: Blachowicz vs. Adesanya,Dominick Cruz vs. Casey Kenney,Sal D'Amato,30,27,1,15,2,1.6833333333333333,0.0
2021-03-06,UFC 259: Blachowicz vs. Adesanya,Song Yadong vs. Kyler Phillips,Eric Colon,28,29,0,8,-3,-0.5000000000000002,0.0
2021-03-06,UFC 259: Blachowicz vs. Adesanya,Song Yadong vs. Kyler Phillips,Chris Lee,28,29,0,8,-3,-0.5000000000000002,0.0
2021-03-06,UFC 259: Blachowicz vs. Adesanya,Song Yadong vs. Kyler Phillips,Ron McCarthy,28,29,0,8,-3,-0.5000000000000002,0.0
2021-03-06,UFC 259: Blachowicz vs. Adesanya,Joseph Benavidez vs. Askar Askarov,Derek Cleary,27,30,0,-12,-5,-5.0,0.0
2021-03-06,UFC 259: Blachowicz vs. Adesanya,Joseph Benavidez vs. Askar Askarov,Tony Weeks,27,30,0,-12,-5,-5.0,0.0
2021-03-06,UFC 259: Blachowicz vs. Adesanya,Joseph Benavidez vs. Askar Askarov,Sal D'Amato,26,30,0,-12,-5,-5.0,0.0
2021-03-06,UFC 259: Blachowicz vs. Adesanya,Tim Elliott vs. Jordan Espinosa,Mike Bell,30,27,1,12,4,13.316666666666666,0.0
2021-03-06,UFC 259: Blachowicz vs. Adesanya,Tim Elliott vs. Jordan Espinosa,Sal D'Amato,30,27,1,12,4,13.316666666666666,0.0
2021-03-06,UFC 259: Blachowicz vs. Adesanya,Tim Elliott vs. Jordan Espinosa,Chris Lee,30,25,1,12,4,13.316666666666666,0.0
2021-02-27,UFC Fight Night: Rozenstruik vs. Gane,Jairzinho Rozenstruik vs. Ciryl Gane,Derek Cleary,45,50,0,-60,-2,-4.483333333333333,0.0
2021-02-27,UFC Fight Night: Rozenstruik vs. Gane,Jairzinho Rozenstruik vs. Ciryl Gane,Sal D'Amato,45,50,0,-60,-2,-4.483333333333333,0.0
2021-02-27,UFC Fight Night: Rozenstruik vs. Gane,Jairzinho Rozenstruik vs. Ciryl Gane,Junichiro Kamijo,45,50,0,-60,-2,-4.483333333333333,0.0
2021-02-27,UFC Fight Night: Rozenstruik vs. Gane,Nikita Krylov vs. Magomed Ankalaev,Mike Bell,28,29,0,4,-2,-4.25,0.0
2021-02-27,UFC Fight Night: Rozenstruik vs. Gane,Nikita Krylov vs. Magomed Ankalaev,Chris Lee,28,29,0,4,-2,-4.25,0.0
2021-02-27,UFC Fight Night: Rozenstruik vs. Gane,Nikita Krylov vs. Magomed Ankalaev,Ron McCarthy,28,29,0,4,-2,-4.25,0.0
2021-02-27,UFC Fight Night: Rozenstruik vs. Gane,Pedro Munhoz vs. Jimmie Rivera,Ron McCarthy,30,27,1,29,-1,-0.016666666666666663,0.0
2021-02-27,UFC Fight Night: Rozenstruik vs. Gane,Pedro Munhoz vs. Jimmie Rivera,Junichiro Kamijo,30,27,1,29,-1,-0.016666666666666663,0.0
2021-02-27,UFC Fight Night: Rozenstruik vs. Gane,Pedro Munhoz vs. Jimmie Rivera,Mike Bell,29,28,1,29,-1,-0.016666666666666663,0.0
2021-02-27,UFC Fight Night: Rozenstruik vs. Gane,Alex Caceres vs. Kevin Croom,Eric Colon,30,26,1,32,0,-3.8,0.0
2021-02-27,UFC Fight Night: Rozenstruik vs. Gane,Alex Caceres vs. Kevin Croom,Chris Lee,30,26,1,32,0,-3.8,0.0
2021-02-27,UFC Fight Night: Rozenstruik vs. Gane,Alex Caceres vs. Kevin Croom,Tony Weeks,30,27,1,32,0,-3.8,0.0
2021-02-27,UFC Fight Night: Rozenstruik vs. Gane,Alexander Hernandez vs. Thiago Moises,Eric Colon,27,30,0,-3,0,0.0,0.0
2021-02-27,UFC Fight Night: Rozenstruik vs. Gane,Alexander Hernandez vs. Thiago Moises,Dave Hagen,27,30,0,-3,0,0.0,0.0
2021-02-27,UFC Fight Night: Rozenstruik vs. Gane,Alexander Hernandez vs. Thiago Moises,Ron McCarthy,28,29,0,-3,0,0.0,0.0
2021-02-27,UFC Fight Night: Rozenstruik vs. Gane,Alexis Davis vs. Sabina Mazo,Mike Bell,30,27,1,-15,3,8.833333333333332,0.0
2021-02-27,UFC Fight Night: Rozenstruik vs. Gane,Alexis Davis vs. Sabina Mazo,Tony Weeks,30,27,1,-15,3,8.833333333333332,0.0
2021-02-27,UFC Fight Night: Rozenstruik vs. Gane,Alexis Davis vs. Sabina Mazo,Derek Cleary,30,26,1,-15,3,8.833333333333332,0.0
2021-02-27,UFC Fight Night: Rozenstruik vs. Gane,Dustin Jacoby vs. Maxim Grishin,Mike Bell,29,28,1,-9,0,-0.46666666666666656,-2.0
2021-02-27,UFC Fight Night: Rozenstruik vs. Gane,Dustin Jacoby vs. Maxim Grishin,Sal D'Amato,29,28,1,-9,0,-0.46666666666666656,-2.0
2021-02-27,UFC Fight Night: Rozenstruik vs. Gane,Dustin Jacoby vs. Maxim Grishin,Tony Weeks,29,28,1,-9,0,-0.46666666666666656,-2.0
2021-02-20,UFC Fight Night: Blaydes vs. Lewis,Ketlen Vieira vs. Yana Santos,Eric Colon,28,29,0,-40,3,3.4833333333333334,0.0
2021-02-20,UFC Fight Night: Blaydes vs. Lewis,Ketlen Vieira vs. Yana Santos,Sal D'Amato,28,29,0,-40,3,3.4833333333333334,0.0
2021-02-20,UFC Fight Night: Blaydes vs. Lewis,Ketlen Vieira vs. Yana Santos,Junichiro Kamijo,28,29,0,-40,3,3.4833333333333334,0.0
2021-02-20,UFC Fight Night: Blaydes vs. Lewis,Charles Rosa vs. Darrick Minner,Mike Bell,26,30,0,-30,-4,-12.566666666666666,-1.0
2021-02-20,UFC Fight Night: Blaydes vs. Lewis,Charles Rosa vs. Darrick Minner,Rick Winter,27,30,0,-30,-4,-12.566666666666666,-1.0
2021-02-20,UFC Fight Night: Blaydes vs. Lewis,Charles Rosa vs. Darrick Minner,Chris Lee,27,29,0,-30,-4,-12.566666666666666,-1.0
2021-02-20,UFC Fight Night: Blaydes vs. Lewis,Phil Hawes vs. Nassourdine Imavov,Mike Bell,29,28,1,-26,4,10.983333333333333,0.0
2021-02-20,UFC Fight Night: Blaydes vs. Lewis,Phil Hawes vs. Nassourdine Imavov,Chris Lee,29,28,1,-26,4,10.983333333333333,0.0
2021-02-20,UFC Fight Night: Blaydes vs. Lewis,Jared Gordon vs. Danny Chavez,Eric Colon,30,27,1,43,1,5.95,0.0
2021-02-20,UFC Fight Night: Blaydes vs. Lewis,Jared Gordon vs. Danny Chavez,Junichiro Kamijo,30,27,1,43,1,5.95,0.0
2021-02-20,UFC Fight Night: Blaydes vs. Lewis,Jared Gordon vs. Danny Chavez,Chris Lee,29,28,1,43,1,5.95,0.0
2021-02-13,UFC 258: Usman vs. Burns,Maycee Barber vs. Alexa Grasso,Junichiro Kamijo,28,29,0,2,3,-1.9333333333333336,0.0
2021-02-13,UFC 258: Usman vs. Burns,Maycee Barber vs. Alexa Grasso,Sal D'Amato,28,29,0,2,3,-1.9333333333333336,0.0
2021-02-13,UFC 258: Usman vs. Burns,Maycee Barber vs. Alexa Grasso,Eric Colon,28,29,0,2,3,-1.9333333333333336,0.0
2021-02-13,UFC 258: Usman vs. Burns,Kelvin Gastelum vs. Ian Heinisch,Ron McCarthy,30,27,1,11,5,5.6499999999999995,0.0
2021-02-13,UFC 258: Usman vs. Burns,Kelvin Gastelum vs. Ian Heinisch,Bryan Miner,29,28,1,11,5,5.6499999999999995,0.0
2021-02-13,UFC 258: Usman vs. Burns,Kelvin Gastelum vs. Ian Heinisch,Derek Cleary,29,28,1,11,5,5.6499999999999995,0.0
2021-02-13,UFC 258: Usman vs. Burns,Ricky Simon vs. Brian Kelleher,Sal D'Amato,30,27,1,26,6,8.033333333333335,0.0
2021-02-13,UFC 258: Usman vs. Burns,Ricky Simon vs. Brian Kelleher,Tony Weeks,30,27,1,26,6,8.033333333333335,0.0
2021-02-13,UFC 258: Usman vs. Burns,Ricky Simon vs. Brian Kelleher,Ron McCarthy,30,27,1,26,6,8.033333333333335,0.0
2021-02-13,UFC 258: Usman vs. Burns,Belal Muhammad vs. Dhiego Lima,Jerin Valel,30,27,1,60,1,2.7,0.0
2021-02-13,UFC 258: Usman vs. Burns,Belal Muhammad vs. Dhiego Lima,Sal D'Amato,30,27,1,60,1,2.7,0.0
2021-02-13,UFC 258: Usman vs. Burns,Belal Muhammad vs. Dhiego Lima,Derek Cleary,30,27,1,60,1,2.7,0.0
2021-02-13,UFC 258: Usman vs. Burns,Andre Ewell vs. Chris Gutierrez,Junichiro Kamijo,26,30,0,-10,0,-1.0333333333333334,-1.0
2021-02-13,UFC 258: Usman vs. Burns,Andre Ewell vs. Chris Gutierrez,Ron McCarthy,28,29,0,-10,0,-1.0333333333333334,-1.0
2021-02-13,UFC 258: Usman vs. Burns,Andre Ewell vs. Chris Gutierrez,Sal D'Amato,27,30,0,-10,0,-1.0333333333333334,-1.0
2021-02-13,UFC 258: Usman vs. Burns,Gabe Green vs. Phil Rowe,Tony Weeks,30,27,1,28,0,-2.5,2.0
2021-02-13,UFC 258: Usman vs. Burns,Gabe Green vs. Phil Rowe,Dave Hagen,29,28,1,28,0,-2.5,2.0
2021-02-13,UFC 258: Usman vs. Burns,Gabe Green vs. Phil Rowe,Eric Colon,29,28,1,28,0,-2.5,2.0
2021-02-06,UFC Fight Night: Overeem vs. Volkov,Michael Johnson vs. Clay Guida,Chris Lee,27,30,0,9,-3,-3.833333333333333,0.0
2021-02-06,UFC Fight Night: Overeem vs. Volkov,Michael Johnson vs. Clay Guida,Junichiro Kamijo,27,30,0,9,-3,-3.833333333333333,0.0
2021-02-06,UFC Fight Night: Overeem vs. Volkov,Michael Johnson vs. Clay Guida,Tony Weeks,27,30,0,9,-3,-3.833333333333333,0.0
2021-02-06,UFC Fight Night: Overeem vs. Volkov,Alexandre Pantoja vs. Manel Kape,Chris Lee,29,28,1,25,-2,-0.01666666666666672,0.0
2021-02-06,UFC Fight Night: Overeem vs. Volkov,Alexandre Pantoja vs. Manel Kape,Rick Winter,29,28,1,25,-2,-0.01666666666666672,0.0
2021-02-06,UFC Fight Night: Overeem vs. Volkov,Alexandre Pantoja vs. Manel Kape,Jerin Valel,30,27,1,25,-2,-0.01666666666666672,0.0
2021-02-06,UFC Fight Night: Overeem vs. Volkov,Diego Ferreira vs. Beneil Dariush,Dave Hagen,28,29,0,-8,-5,-6.416666666666667,0.0
2021-02-06,UFC Fight Night: Overeem vs. Volkov,Diego Ferreira vs. Beneil Dariush,Jerin Valel,29,28,1,-8,-5,-6.416666666666667,0.0
2021-02-06,UFC Fight Night: Overeem vs. Volkov,Diego Ferreira vs. Beneil Dariush,Chris Lee,28,29,0,-8,-5,-6.416666666666667,0.0
2021-02-06,UFC Fight Night: Overeem vs. Volkov,Karol Rosa vs. Joselyne Edwards,Chris Lee,30,27,1,19,3,11.183333333333334,0.0
2021-02-06,UFC Fight Night: Overeem vs. Volkov,Karol Rosa vs. Joselyne Edwards,Adalaide Byrd,30,27,1,19,3,11.183333333333334,0.0
2021-02-06,UFC Fight Night: Overeem vs. Volkov,Karol Rosa vs. Joselyne Edwards,Junichiro Kamijo,30,27,1,19,3,11.183333333333334,0.0
2021-02-06,UFC Fight Night: Overeem vs. Volkov,Molly McCann vs. Lara Procopio,Sal D'Amato,27,29,0,1,-7,-10.883333333333333,0.0
2021-02-06,UFC Fight Night: Overeem vs. Volkov,Molly McCann vs. Lara Procopio,Chris Lee,28,29,0,1,-7,-10.883333333333333,0.0
2021-02-06,UFC Fight Night: Overeem vs. Volkov,Molly McCann vs. Lara Procopio,Jerin Valel,27,30,0,1,-7,-10.883333333333333,0.0
2021-02-06,UFC Fight Night: Overeem vs. Volkov,SeungWoo Choi vs. Youssef Zalal,Sal D'Amato,29,28,1,18,-1,-0.833333333333333,0.0
2021-02-06,UFC Fight Night: Overeem vs. Volkov,SeungWoo Choi vs. Youssef Zalal,Junichiro Kamijo,29,28,1,18,-1,-0.833333333333333,0.0
2021-02-06,UFC Fight Night: Overeem vs. Volkov,SeungWoo Choi vs. Youssef Zalal,Adalaide Byrd,30,27,1,18,-1,-0.833333333333333,0.0
2021-02-06,UFC Fight Night: Overeem vs. Volkov,Timur Valiev vs. Martin Day,Jerin Valel,30,25,1,47,4,11.066666666666666,0.0
2021-02-06,UFC Fight Night: Overeem vs. Volkov,Timur Valiev vs. Martin Day,Rick Winter,30,25,1,47,4,11.066666666666666,0.0
2021-02-06,UFC Fight Night: Overeem vs. Volkov,Timur Valiev vs. Martin Day,Tony Weeks,30,26,1,47,4,11.066666666666666,0.0
2021-01-23,UFC 257: Poirier vs. McGregor,Jessica Eye vs. Joanne Wood,Eric Colon,27,30,0,-71,0,4.733333333333333,0.0
2021-01-23,UFC 257: Poirier vs. McGregor,Jessica Eye vs. Joanne Wood,Anders Ohlsson,27,30,0,-71,0,4.733333333333333,0.0
2021-01-23,UFC 257: Poirier vs. McGregor,Jessica Eye vs. Joanne Wood,Ben Cartlidge,28,29,0,-71,0,4.733333333333333,0.0
2021-01-23,UFC 257: Poirier vs. McGregor,Arman Tsarukyan vs. Matt Frevola,Sal D'Amato,30,27,1,34,10,8.366666666666665,0.0
2021-01-23,UFC 257: Poirier vs. McGregor,Arman Tsarukyan vs. Matt Frevola,Clemens Werner,30,27,1,34,10,8.366666666666665,0.0
2021-01-23,UFC 257: Poirier vs. McGregor,Arman Tsarukyan vs. Matt Frevola,Eric Colon,30,26,1,34,10,8.366666666666665,0.0
2021-01-23,UFC 257: Poirier vs. McGregor,Brad Tavares vs. Antonio Carlos Junior,Ben Cartlidge,30,27,1,20,-1,-6.383333333333334,0.0
2021-01-23,UFC 257: Poirier vs. McGregor,Brad Tavares vs. Antonio Carlos Junior,Anders Ohlsson,30,27,1,20,-1,-6.383333333333334,0.0
2021-01-23,UFC 257: Poirier vs. McGregor,Brad Tavares vs. Antonio Carlos Junior,David Lethaby,29,28,1,20,-1,-6.383333333333334,0.0
2021-01-23,UFC 257: Poirier vs. McGregor,Khalil Rountree Jr. vs. Marcin Prachnio,Ben Cartlidge,28,29,0,-53,0,-0.08333333333333333,0.0
2021-01-23,UFC 257: Poirier vs. McGregor,Khalil Rountree Jr. vs. Marcin Prachnio,Eric Colon,28,29,0,-53,0,-0.08333333333333333,0.0
2021-01-23,UFC 257: Poirier vs. McGregor,Khalil Rountree Jr. vs. Marcin Prachnio,Anders Ohlsson,28,29,0,-53,0,-0.08333333333333333,0.0
2021-01-23,UFC 257: Poirier vs. McGregor,Nik Lentz vs. Movsar Evloev,Ben Cartlidge,28,29,0,-36,-1,-3.166666666666666,0.0
2021-01-23,UFC 257: Poirier vs. McGregor,Nik Lentz vs. Movsar Evloev,Eric Colon,29,28,1,-36,-1,-3.166666666666666,0.0
2021-01-23,UFC 257: Poirier vs. McGregor,Nik Lentz vs. Movsar Evloev,Paul Sutherland,28,29,0,-36,-1,-3.166666666666666,0.0
2021-01-23,UFC 257: Poirier vs. McGregor,Amir Albazi vs. Zhalgas Zhumagulov,Mike Bell,29,28,1,9,1,3.183333333333333,0.0
2021-01-23,UFC 257: Poirier vs. McGregor,Amir Albazi vs. Zhalgas Zhumagulov,Anders Ohlsson,29,28,1,9,1,3.183333333333333,0.0
2021-01-23,UFC 257: Poirier vs. McGregor,Amir Albazi vs. Zhalgas Zhumagulov,Clemens Werner,29,28,1,9,1,3.183333333333333,0.0
2021-01-20,UFC Fight Night: Chiesa vs. Magny,Michael Chiesa vs. Neil Magny,Mike Bell,49,46,1,12,3,13.100000000000001,0.0
2021-01-20,UFC Fight Night: Chiesa vs. Magny,Michael Chiesa vs. Neil Magny,Sal D'Amato,49,46,1,12,3,13.100000000000001,0.0
2021-01-20,UFC Fight Night: Chiesa vs. Magny,Michael Chiesa vs. Neil Magny,David Lethaby,49,46,1,12,3,13.100000000000001,0.0
2021-01-20,UFC Fight Night: Chiesa vs. Magny,Roxanne Modafferi vs. Viviane Araujo,Sal D'Amato,27,30,0,-40,-4,-2.45,0.0
2021-01-20,UFC Fight Night: Chiesa vs. Magny,Roxanne Modafferi vs. Viviane Araujo,David Lethaby,27,30,0,-40,-4,-2.45,0.0
2021-01-20,UFC Fight Night: Chiesa vs. Magny,Roxanne Modafferi vs. Viviane Araujo,Clemens Werner,26,30,0,-40,-4,-2.45,0.0
2021-01-20,UFC Fight Night: Chiesa vs. Magny,Matt Schnell vs. Tyson Nam,Mike Bell,29,28,1,27,0,0.0,0.0
2021-01-20,UFC Fight Night: Chiesa vs. Magny,Matt Schnell vs. Tyson Nam,Anders Ohlsson,29,28,1,27,0,0.0,0.0
2021-01-20,UFC Fight Night: Chiesa vs. Magny,Matt Schnell vs. Tyson Nam,Eric Colon,28,29,0,27,0,0.0,0.0
2021-01-20,UFC Fight Night: Chiesa vs. Magny,Lerone Murphy vs. Douglas Silva de Andrade,Ben Cartlidge,29,28,1,9,0,0.4999999999999998,0.0
2021-01-20,UFC Fight Night: Chiesa vs. Magny,Lerone Murphy vs. Douglas Silva de Andrade,David Lethaby,29,28,1,9,0,0.4999999999999998,0.0
2021-01-20,UFC Fight Night: Chiesa vs. Magny,Lerone Murphy vs. Douglas Silva de Andrade,Paul Sutherland,30,27,1,9,0,0.4999999999999998,0.0
2021-01-20,UFC Fight Night: Chiesa vs. Magny,Sumudaerji vs. Zarrukh Adashev,Eric Colon,29,28,1,22,0,-0.03333333333333333,0.0
2021-01-20,UFC Fight Night: Chiesa vs. Magny,Sumudaerji vs. Zarrukh Adashev,Sal D'Amato,29,28,1,22,0,-0.03333333333333333,0.0
2021-01-20,UFC Fight Night: Chiesa vs. Magny,Sumudaerji vs. Zarrukh Adashev,Clemens Werner,30,27,1,22,0,-0.03333333333333333,0.0
2021-01-20,UFC Fight Night: Chiesa vs. Magny,Dalcha Lungiambula vs. Markus Perez,Mike Bell,29,28,1,4,1,2.416666666666666,0.0
2021-01-20,UFC Fight Night: Chiesa vs. Magny,Dalcha Lungiambula vs. Markus Perez,Anders Ohlsson,29,28,1,4,1,2.416666666666666,0.0
2021-01-20,UFC Fight Night: Chiesa vs. Magny,Dalcha Lungiambula vs. Markus Perez,Paul Sutherland,29,28,1,4,1,2.416666666666666,0.0
2021-01-20,UFC Fight Night: Chiesa vs. Magny,Francisco Figueiredo vs. Jerome Rivera,Ben Cartlidge,29,28,1,-2,4,6.0,0.0
2021-01-20,UFC Fight Night: Chiesa vs. Magny,Francisco Figueiredo vs. Jerome Rivera,David Lethaby,29,28,1,-2,4,6.0,0.0
2021-01-20,UFC Fight Night: Chiesa vs. Magny,Francisco Figueiredo vs. Jerome Rivera,Clemens Werner,29,28,1,-2,4,6.0,0.0
2021-01-20,UFC Fight Night: Chiesa vs. Magny,Mike Davis vs. Mason Jones,Sal D'Amato,29,28,1,-9,2,-0.016666666666666607,0.0
2021-01-20,UFC Fight Night: Chiesa vs. Magny,Mike Davis vs. Mason Jones,Eric Colon,29,28,1,-9,2,-0.016666666666666607,0.0
2021-01-20,UFC Fight Night: Chiesa vs. Magny,Mike Davis vs. Mason Jones,Anders Ohlsson,29,28,1,-9,2,-0.016666666666666607,0.0
2021-01-16,UFC Fight Night: Holloway vs. Kattar,Max Holloway vs. Calvin Kattar,Mike Bell,50,43,1,312,0,0.3666666666666667,0.0
2021-01-16,UFC Fight Night: Holloway vs. Kattar,Max Holloway vs. Calvin Kattar,Ben Cartlidge,50,43,1,312,0,0.3666666666666667,0.0
2021-01-16,UFC Fight Night: Holloway vs. Kattar,Max Holloway vs. Calvin Kattar,David Lethaby,50,42,1,312,0,0.3666666666666667,0.0
2021-01-16,UFC Fight Night: Holloway vs. Kattar,Carlos Condit vs. Matt Brown,Anders Ohlsson,30,27,1,11,1,-1.2333333333333325,0.0
2021-01-16,UFC Fight Night: Holloway vs. Kattar,Carlos Condit vs. Matt Brown,Paul Sutherland,30,27,1,11,1,-1.2333333333333325,0.0
2021-01-16,UFC Fight Night: Holloway vs. Kattar,Carlos Condit vs. Matt Brown,Clemens Werner,30,27,1,11,1,-1.2333333333333325,0.0
2021-01-16,UFC Fight Night: Holloway vs. Kattar,Wu Yanan vs. Joselyne Edwards,Lukasz Bosacki,27,30,0,-30,1,2.6666666666666665,0.0
2021-01-16,UFC Fight Night: Holloway vs. Kattar,Wu Yanan vs. Joselyne Edwards,Anders Ohlsson,27,30,0,-30,1,2.6666666666666665,0.0
2021-01-16,UFC Fight Night: Holloway vs. Kattar,Wu Yanan vs. Joselyne Edwards,Ben Cartlidge,28,29,0,-30,1,2.6666666666666665,0.0
2021-01-16,UFC Fight Night: Holloway vs. Kattar,Carlos Felipe vs. Justin Tafa,Lukasz Bosacki,29,28,1,-9,0,-1.2,0.0
2021-01-16,UFC Fight Night: Holloway vs. Kattar,Carlos Felipe vs. Justin Tafa,Anders Ohlsson,28,29,0,-9,0,-1.2,0.0
2021-01-16,UFC Fight Night: Holloway vs. Kattar,Carlos Felipe vs. Justin Tafa,Paul Sutherland,29,28,1,-9,0,-1.2,0.0
2021-01-16,UFC Fight Night: Holloway vs. Kattar,David Zawada vs. Ramazan Emeev,Ben Cartlidge,28,29,0,-9,-3,-2.3666666666666667,0.0
2021-01-16,UFC Fight Night: Holloway vs. Kattar,David Zawada vs. Ramazan Emeev,Mike Bell,29,28,1,-9,-3,-2.3666666666666667,0.0
2021-01-16,UFC Fight Night: Holloway vs. Kattar,David Zawada vs. Ramazan Emeev,David Lethaby,28,29,0,-9,-3,-2.3666666666666667,0.0
2021-01-16,UFC Fight Night: Holloway vs. Kattar,Sarah Moras vs. Vanessa Melo,Lukasz Bosacki,27,30,0,-12,0,-0.06666666666666667,0.0
2021-01-16,UFC Fight Night: Holloway vs. Kattar,Sarah Moras vs. Vanessa Melo,Anders Ohlsson,28,29,0,-12,0,-0.06666666666666667,0.0
2021-01-16,UFC Fight Night: Holloway vs. Kattar,Sarah Moras vs. Vanessa Melo,Clemens Werner,28,29,0,-12,0,-0.06666666666666667,0.0
2021-01-16,UFC Fight Night: Holloway vs. Kattar,Jacob Kilburn vs. Austin Lingo,David Lethaby,26,30,0,-31,0,-2.6833333333333336,-1.0
2021-01-16,UFC Fight Night: Holloway vs. Kattar,Jacob Kilburn vs. Austin Lingo,Paul Sutherland,26,30,0,-31,0,-2.6833333333333336,-1.0
2021-01-16,UFC Fight Night: Holloway vs. Kattar,Jacob Kilburn vs. Austin Lingo,Ben Cartlidge,27,30,0,-31,0,-2.6833333333333336,-1.0
2020-12-19,UFC Fight Night: Thompson vs. Neal,Stephen Thompson vs. Geoff Neal,Derek Cleary,50,45,1,86,0,-3.7666666666666666,0.0
2020-12-19,UFC Fight Night: Thompson vs. Neal,Stephen Thompson vs. Geoff Neal,Sal D'Amato,50,45,1,86,0,-3.7666666666666666,0.0
2020-12-19,UFC Fight Night: Thompson vs. Neal,Stephen Thompson vs. Geoff Neal,Junichiro Kamijo,50,45,1,86,0,-3.7666666666666666,0.0
2020-12-19,UFC Fight Night: Thompson vs. Neal,Jose Aldo vs. Marlon Vera,Mike Bell,29,28,1,-2,0,2.099999999999999,0.0
2020-12-19,UFC Fight Night: Thompson vs. Neal,Jose Aldo vs. Marlon Vera,Eric Colon,29,28,1,-2,0,2.099999999999999,0.0
2020-12-19,UFC Fight Night: Thompson vs. Neal,Jose Aldo vs. Marlon Vera,Ron McCarthy,29,28,1,-2,0,2.099999999999999,0.0
2020-12-19,UFC Fight Night: Thompson vs. Neal,Michel Pereira vs. Khaos Williams,Mike Bell,29,28,1,-11,2,0.7500000000000001,0.0
2020-12-19,UFC Fight Night: Thompson vs. Neal,Michel Pereira vs. Khaos Williams,Eric Colon,29,28,1,-11,2,0.7500000000000001,0.0
2020-12-19,UFC Fight Night: Thompson vs. Neal,Michel Pereira vs. Khaos Williams,Tony Weeks,29,28,1,-11,2,0.7500000000000001,0.0
2020-12-19,UFC Fight Night: Thompson vs. Neal,Anthony Pettis vs. Alex Morono,Derek Cleary,29,28,1,19,-1,2.033333333333333,0.0
2020-12-19,UFC Fight Night: Thompson vs. Neal,Anthony Pettis vs. Alex Morono,Eric Colon,29,28,1,19,-1,2.033333333333333,0.0
2020-12-19,UFC Fight Night: Thompson vs. Neal,Anthony Pettis vs. Alex Morono,Ron McCarthy,29,28,1,19,-1,2.033333333333333,0.0
2020-12-19,UFC Fight Night: Thompson vs. Neal,Sijara Eubanks vs. Pannie Kianzad,Derek Cleary,28,29,0,-43,2,4.316666666666667,0.0
2020-12-19,UFC Fight Night: Thompson vs. Neal,Sijara Eubanks vs. Pannie Kianzad,Sal D'Amato,28,29,0,-43,2,4.316666666666667,0.0
2020-12-19,UFC Fight Night: Thompson vs. Neal,Sijara Eubanks vs. Pannie Kianzad,Junichiro Kamijo,28,29,0,-43,2,4.316666666666667,0.0
2020-12-19,UFC Fight Night: Thompson vs. Neal,Deron Winn vs. Antonio Arroyo,Derek Cleary,29,28,1,-25,12,9.016666666666667,0.0
2020-12-19,UFC Fight Night: Thompson vs. Neal,Deron Winn vs. Antonio Arroyo,Sal D'Amato,29,28,1,-25,12,9.016666666666667,0.0
2020-12-19,UFC Fight Night: Thompson vs. Neal,Deron Winn vs. Antonio Arroyo,Tony Weeks,29,28,1,-25,12,9.016666666666667,0.0
2020-12-19,UFC Fight Night: Thompson vs. Neal,Gillian Robertson vs. Taila Santos,Chris Lee,26,30,0,-18,-1,-11.766666666666666,0.0
2020-12-19,UFC Fight Night: Thompson vs. Neal,Gillian Robertson vs. Taila Santos,Derek Cleary,26,30,0,-18,-1,-11.766666666666666,0.0
2020-12-19,UFC Fight Night: Thompson vs. Neal,Gillian Robertson vs. Taila Santos,Dave Hagen,28,29,0,-18,-1,-11.766666666666666,0.0
2020-12-19,UFC Fight Night: Thompson vs. Neal,Tafon Nchukwi vs. Jamie Pickett,Eric Colon,30,25,1,80,-1,2.283333333333333,1.0
2020-12-19,UFC Fight Night: Thompson vs. Neal,Tafon Nchukwi vs. Jamie Pickett,Mike Bell,30,26,1,80,-1,2.283333333333333,1.0
2020-12-19,UFC Fight Night: Thompson vs. Neal,Tafon Nchukwi vs. Jamie Pickett,Chris Lee,30,26,1,80,-1,2.283333333333333,1.0
2020-12-19,UFC Fight Night: Thompson vs. Neal,Christos Giagos vs. Carlton Minus,Sal D'Amato,30,26,1,3,5,8.95,0.0
2020-12-19,UFC Fight Night: Thompson vs. Neal,Christos Giagos vs. Carlton Minus,Dave Hagen,29,27,1,3,5,8.95,0.0
2020-12-19,UFC Fight Night: Thompson vs. Neal,Christos Giagos vs. Carlton Minus,Junichiro Kamijo,29,28,1,3,5,8.95,0.0
2020-12-12,UFC 256: Figueiredo vs. Moreno,Tony Ferguson vs. Charles Oliveira,Mike Bell,26,30,0,-22,-3,-11.566666666666666,0.0
2020-12-12,UFC 256: Figueiredo vs. Moreno,Tony Ferguson vs. Charles Oliveira,Eric Colon,26,30,0,-22,-3,-11.566666666666666,0.0
2020-12-12,UFC 256: Figueiredo vs. Moreno,Tony Ferguson vs. Charles Oliveira,Ron McCarthy,26,30,0,-22,-3,-11.566666666666666,0.0
2020-12-12,UFC 256: Figueiredo vs. Moreno,Mackenzie Dern vs. Virna Jandiroba,Derek Cleary,29,28,1,19,-1,-0.16666666666666652,0.0
2020-12-12,UFC 256: Figueiredo vs. Moreno,Mackenzie Dern vs. Virna Jandiroba,Sal D'Amato,29,28,1,19,-1,-0.16666666666666652,0.0
2020-12-12,UFC 256: Figueiredo vs. Moreno,Mackenzie Dern vs. Virna Jandiroba,Junichiro Kamijo,29,28,1,19,-1,-0.16666666666666652,0.0
2020-12-12,UFC 256: Figueiredo vs. Moreno,Gavin Tucker vs. Billy Quarantillo,Dave Hagen,30,27,1,22,7,4.816666666666666,0.0
2020-12-12,UFC 256: Figueiredo vs. Moreno,Gavin Tucker vs. Billy Quarantillo,Chris Lee,30,27,1,22,7,4.816666666666666,0.0
2020-12-12,UFC 256: Figueiredo vs. Moreno,Gavin Tucker vs. Billy Quarantillo,Ron McCarthy,30,27,1,22,7,4.816666666666666,0.0
2020-12-05,UFC Fight Night: Hermansson vs. Vettori,Jack Hermansson vs. Marvin Vettori,Derek Cleary,46,49,0,-42,2,-5.316666666666666,-1.0
2020-12-05,UFC Fight Night: Hermansson vs. Vettori,Jack Hermansson vs. Marvin Vettori,Sal D'Amato,46,49,0,-42,2,-5.316666666666666,-1.0
2020-12-05,UFC Fight Night: Hermansson vs. Vettori,Jack Hermansson vs. Marvin Vettori,Junichiro Kamijo,45,49,0,-42,2,-5.316666666666666,-1.0
2020-12-05,UFC Fight Night: Hermansson vs. Vettori,Roman Dolidze vs. John Allan,Chris Lee,28,29,0,22,2,7.016666666666667,0.0
2020-12-05,UFC Fight Night: Hermansson vs. Vettori,Roman Dolidze vs. John Allan,Dave Hagen,30,27,1,22,2,7.016666666666667,0.0
2020-12-05,UFC Fight Night: Hermansson vs. Vettori,Roman Dolidze vs. John Allan,Mike Bell,29,28,1,22,2,7.016666666666667,0.0
2020-12-05,UFC Fight Night: Hermansson vs. Vettori,Gian Villante vs. Jake Collier,Sal D'Amato,27,30,0,-43,0,-0.03333333333333333,0.0
2020-12-05,UFC Fight Night: Hermansson vs. Vettori,Gian Villante vs. Jake Collier,Eric Colon,27,30,0,-43,0,-0.03333333333333333,0.0
2020-12-05,UFC Fight Night: Hermansson vs. Vettori,Gian Villante vs. Jake Collier,Adalaide Byrd,27,30,0,-43,0,-0.03333333333333333,0.0
2020-11-28,UFC Fight Night: Smith vs. Clark,Josh Parisian vs. Parker Porter,Eric Colon,26,30,0,-12,-2,-3.9833333333333334,0.0
2020-11-28,UFC Fight Night: Smith vs. Clark,Josh Parisian vs. Parker Porter,Anthony Maness,27,30,0,-12,-2,-3.9833333333333334,0.0
2020-11-28,UFC Fight Night: Smith vs. Clark,Josh Parisian vs. Parker Porter,Tony Weeks,28,29,0,-12,-2,-3.9833333333333334,0.0
2020-11-28,UFC Fight Night: Smith vs. Clark,Spike Carlyle vs. Bill Algeo,Mike Bell,27,30,0,-47,3,0.033333333333333215,0.0
2020-11-28,UFC Fight Night: Smith vs. Clark,Spike Carlyle vs. Bill Algeo,Sal D'Amato,27,30,0,-47,3,0.033333333333333215,0.0
2020-11-28,UFC Fight Night: Smith vs. Clark,Spike Carlyle vs. Bill Algeo,Tony Weeks,27,30,0,-47,3,0.033333333333333215,0.0
2020-11-28,UFC Fight Night: Smith vs. Clark,Ashlee Evans-Smith vs. Norma Dumont,Mike Bell,26,30,0,-52,-2,-3.85,-1.0
2020-11-28,UFC Fight Night: Smith vs. Clark,Ashlee Evans-Smith vs. Norma Dumont,Derek Cleary,26,30,0,-52,-2,-3.85,-1.0
2020-11-28,UFC Fight Night: Smith vs. Clark,Ashlee Evans-Smith vs. Norma Dumont,Dave Hagen,26,30,0,-52,-2,-3.85,-1.0
2020-11-21,UFC 255: Figueiredo vs. Perez,Valentina Shevchenko vs. Jennifer Maia,Sal D'Amato,49,46,1,26,4,1.7166666666666668,0.0
2020-11-21,UFC 255: Figueiredo vs. Perez,Valentina Shevchenko vs. Jennifer Maia,Mike Bell,49,46,1,26,4,1.7166666666666668,0.0
2020-11-21,UFC 255: Figueiredo vs. Perez,Valentina Shevchenko vs. Jennifer Maia,Junichiro Kamijo,49,46,1,26,4,1.7166666666666668,0.0
2020-11-21,UFC 255: Figueiredo vs. Perez,Mike Perry vs. Tim Means,Dave Hagen,27,30,0,-64,1,2.4833333333333334,0.0
2020-11-21,UFC 255: Figueiredo vs. Perez,Mike Perry vs. Tim Means,Chris Lee,28,29,0,-64,1,2.4833333333333334,0.0
2020-11-21,UFC 255: Figueiredo vs. Perez,Mike Perry vs. Tim Means,Mike Bell,28,29,0,-64,1,2.4833333333333334,0.0
2020-11-21,UFC 255: Figueiredo vs. Perez,Katlyn Cerminara vs. Cynthia Calvillo,Junichiro Kamijo,30,27,1,9,-1,0.03333333333333333,0.0
2020-11-21,UFC 255: Figueiredo vs. Perez,Katlyn Cerminara vs. Cynthia Calvillo,Sal D'Amato,30,27,1,9,-1,0.03333333333333333,0.0
2020-11-21,UFC 255: Figueiredo vs. Perez,Katlyn Cerminara vs. Cynthia Calvillo,Derek Cleary,30,27,1,9,-1,0.03333333333333333,0.0
2020-11-21,UFC 255: Figueiredo vs. Perez,Daniel Rodriguez vs. Nicolas Dalby,Tony Weeks,27,30,0,33,0,-0.7833333333333334,0.0
2020-11-21,UFC 255: Figueiredo vs. Perez,Daniel Rodriguez vs. Nicolas Dalby,Anthony Maness,28,29,0,33,0,-0.7833333333333334,0.0
2020-11-21,UFC 255: Figueiredo vs. Perez,Daniel Rodriguez vs. Nicolas Dalby,Derek Cleary,28,29,0,33,0,-0.7833333333333334,0.0
2020-11-21,UFC 255: Figueiredo vs. Perez,Alan Jouban vs. Jared Gooden,Dave Hagen,30,27,1,68,-1,-0.9333333333333333,0.0
2020-11-21,UFC 255: Figueiredo vs. Perez,Alan Jouban vs. Jared Gooden,Eric Colon,30,27,1,68,-1,-0.9333333333333333,0.0
2020-11-21,UFC 255: Figueiredo vs. Perez,Alan Jouban vs. Jared Gooden,Mike Bell,30,27,1,68,-1,-0.9333333333333333,0.0
2020-11-21,UFC 255: Figueiredo vs. Perez,Kyle Daukaus vs. Dustin Stoltzfus,Tony Weeks,30,27,1,32,2,6.650000000000001,0.0
2020-11-21,UFC 255: Figueiredo vs. Perez,Kyle Daukaus vs. Dustin Stoltzfus,Junichiro Kamijo,30,27,1,32,2,6.650000000000001,0.0
2020-11-21,UFC 255: Figueiredo vs. Perez,Kyle Daukaus vs. Dustin Stoltzfus,Mike Bell,30,26,1,32,2,6.650000000000001,0.0
2020-11-14,UFC Fight Night: Felder vs. Dos Anjos,Paul Felder vs. Rafael Dos Anjos,Chris Lee,48,47,1,6,-5,-12.583333333333334,0.0
2020-11-14,UFC Fight Night: Felder vs. Dos Anjos,Paul Felder vs. Rafael Dos Anjos,Sal D'Amato,45,50,0,6,-5,-12.583333333333334,0.0
2020-11-14,UFC Fight Night: Felder vs. Dos Anjos,Paul Felder vs. Rafael Dos Anjos,Derek Cleary,45,50,0,6,-5,-12.583333333333334,0.0
2020-11-14,UFC Fight Night: Felder vs. Dos Anjos,Ashley Yoder vs. Miranda Granger,Ron McCarthy,30,26,1,-7,2,5.05,0.0
2020-11-14,UFC Fight Night: Felder vs. Dos Anjos,Ashley Yoder vs. Miranda Granger,Chris Lee,29,27,1,-7,2,5.05,0.0
2020-11-14,UFC Fight Night: Felder vs. Dos Anjos,Ashley Yoder vs. Miranda Granger,Derek Cleary,29,27,1,-7,2,5.05,0.0
2020-11-14,UFC Fight Night: Felder vs. Dos Anjos,Kay Hansen vs. Cory McKenna,Chris Lee,28,29,0,10,2,2.2833333333333337,0.0
2020-11-14,UFC Fight Night: Felder vs. Dos Anjos,Kay Hansen vs. Cory McKenna,Sal D'Amato,28,29,0,10,2,2.2833333333333337,0.0
2020-11-14,UFC Fight Night: Felder vs. Dos Anjos,Kay Hansen vs. Cory McKenna,Derek Cleary,28,29,0,10,2,2.2833333333333337,0.0
2020-11-14,UFC Fight Night: Felder vs. Dos Anjos,Randa Markos vs. Kanako Murata,Junichiro Kamijo,27,30,0,0,-4,-9.35,0.0
2020-11-14,UFC Fight Night: Felder vs. Dos Anjos,Randa Markos vs. Kanako Murata,Sal D'Amato,27,30,0,0,-4,-9.35,0.0
2020-11-14,UFC Fight Night: Felder vs. Dos Anjos,Randa Markos vs. Kanako Murata,Mike Bell,27,30,0,0,-4,-9.35,0.0
2020-11-14,UFC Fight Night: Felder vs. Dos Anjos,Geraldo de Freitas vs. Tony Gravely,Dave Hagen,27,30,0,27,-6,-9.883333333333333,0.0
2020-11-14,UFC Fight Night: Felder vs. Dos Anjos,Geraldo de Freitas vs. Tony Gravely,Sal D'Amato,29,28,1,27,-6,-9.883333333333333,0.0
2020-11-14,UFC Fight Night: Felder vs. Dos Anjos,Geraldo de Freitas vs. Tony Gravely,Mike Bell,28,29,0,27,-6,-9.883333333333333,0.0
2020-11-14,UFC Fight Night: Felder vs. Dos Anjos,Alex Morono vs. Rhys McKee,Rick Winter,30,27,1,52,3,2.3666666666666663,0.0
2020-11-14,UFC Fight Night: Felder vs. Dos Anjos,Alex Morono vs. Rhys McKee,Junichiro Kamijo,30,27,1,52,3,2.3666666666666663,0.0
2020-11-14,UFC Fight Night: Felder vs. Dos Anjos,Alex Morono vs. Rhys McKee,Mike Bell,30,27,1,52,3,2.3666666666666663,0.0
2020-11-14,UFC Fight Night: Felder vs. Dos Anjos,Don'Tale Mayes vs. Roque Martinez,Rick Winter,30,27,1,1,0,-0.4166666666666665,0.0
2020-11-14,UFC Fight Night: Felder vs. Dos Anjos,Don'Tale Mayes vs. Roque Martinez,Dave Hagen,30,27,1,1,0,-0.4166666666666665,0.0
2020-11-14,UFC Fight Night: Felder vs. Dos Anjos,Don'Tale Mayes vs. Roque Martinez,Junichiro Kamijo,29,28,1,1,0,-0.4166666666666665,0.0
2020-11-07,UFC Fight Night: Santos vs. Teixeira,Andrei Arlovski vs. Tanner Boser,Eric Colon,29,28,1,-34,0,0.0,0.0
2020-11-07,UFC Fight Night: Santos vs. Teixeira,Andrei Arlovski vs. Tanner Boser,Chris Lee,29,28,1,-34,0,0.0,0.0
2020-11-07,UFC Fight Night: Santos vs. Teixeira,Andrei Arlovski vs. Tanner Boser,Ron McCarthy,29,28,1,-34,0,0.0,0.0
2020-11-07,UFC Fight Night: Santos vs. Teixeira,Raoni Barcelos vs. Khalid Taha,Dave Hagen,30,27,1,71,2,1.8,0.0
2020-11-07,UFC Fight Night: Santos vs. Teixeira,Raoni Barcelos vs. Khalid Taha,Chris Lee,30,27,1,71,2,1.8,0.0
2020-11-07,UFC Fight Night: Santos vs. Teixeira,Raoni Barcelos vs. Khalid Taha,Ron McCarthy,30,27,1,71,2,1.8,0.0
2020-11-07,UFC Fight Night: Santos vs. Teixeira,Claudia Gadelha vs. Yan Xiaonan,Mike Bell,28,29,0,-38,2,6.449999999999999,0.0
2020-11-07,UFC Fight Night: Santos vs. Teixeira,Claudia Gadelha vs. Yan Xiaonan,Derek Cleary,28,29,0,-38,2,6.449999999999999,0.0
2020-11-07,UFC Fight Night: Santos vs. Teixeira,Claudia Gadelha vs. Yan Xiaonan,Sal D'Amato,28,29,0,-38,2,6.449999999999999,0.0
2020-10-31,UFC Fight Night: Hall vs. Silva,Bryce Mitchell vs. Andre Fili,Chris Lee,29,28,1,19,7,9.633333333333333,0.0
2020-10-31,UFC Fight Night: Hall vs. Silva,Bryce Mitchell vs. Andre Fili,Dave Hagen,30,27,1,19,7,9.633333333333333,0.0
2020-10-31,UFC Fight Night: Hall vs. Silva,Bryce Mitchell vs. Andre Fili,Sal D'Amato,30,27,1,19,7,9.633333333333333,0.0
2020-10-31,UFC Fight Night: Hall vs. Silva,King Green vs. Thiago Moises,Dave Hagen,28,29,0,43,0,-0.6666666666666667,0.0
2020-10-31,UFC Fight Night: Hall vs. Silva,King Green vs. Thiago Moises,Sal D'Amato,28,29,0,43,0,-0.6666666666666667,0.0
2020-10-31,UFC Fight Night: Hall vs. Silva,King Green vs. Thiago Moises,Derek Cleary,28,29,0,43,0,-0.6666666666666667,0.0
2020-10-31,UFC Fight Night: Hall vs. Silva,Sean Strickland vs. Jack Marshman,Sal D'Amato,30,27,1,58,0,0.0,0.0
2020-10-31,UFC Fight Night: Hall vs. Silva,Sean Strickland vs. Jack Marshman,Derek Cleary,30,27,1,58,0,0.0,0.0
2020-10-31,UFC Fight Night: Hall vs. Silva,Sean Strickland vs. Jack Marshman,Adalaide Byrd,30,27,1,58,0,0.0,0.0
2020-10-24,UFC 254: Khabib vs. Gaethje,Robert Whittaker vs. Jared Cannonier,Derek Cleary,29,28,1,16,0,1.666666666666667,1.0
2020-10-24,UFC 254: Khabib vs. Gaethje,Robert Whittaker vs. Jared Cannonier,Sal D'Amato,29,28,1,16,0,1.666666666666667,1.0
2020-10-24,UFC 254: Khabib vs. Gaethje,Robert Whittaker vs. Jared Cannonier,David Lethaby,29,28,1,16,0,1.666666666666667,1.0
2020-10-24,UFC 254: Khabib vs. Gaethje,Nathaniel Wood vs. Casey Kenney,Ben Cartlidge,28,29,0,13,-2,-1.5000000000000002,0.0
2020-10-24,UFC 254: Khabib vs. Gaethje,Nathaniel Wood vs. Casey Kenney,Derek Cleary,28,29,0,13,-2,-1.5000000000000002,0.0
2020-10-24,UFC 254: Khabib vs. Gaethje,Nathaniel Wood vs. Casey Kenney,David Lethaby,27,30,0,13,-2,-1.5000000000000002,0.0
2020-10-17,UFC Fight Night: Ortega vs. The Korean Zombie,Brian Ortega vs. Chan Sung Jung,Ben Cartlidge,50,45,1,65,3,0.95,2.0
2020-10-17,UFC Fight Night: Ortega vs. The Korean Zombie,Brian Ortega vs. Chan Sung Jung,David Lethaby,50,45,1,65,3,0.95,2.0
2020-10-17,UFC Fight Night: Ortega vs. The Korean Zombie,Brian Ortega vs. Chan Sung Jung,Clemens Werner,50,45,1,65,3,0.95,2.0
2020-10-17,UFC Fight Night: Ortega vs. The Korean Zombie,Claudio Silva vs. James Krause,Ben Cartlidge,27,30,0,-30,2,0.7333333333333334,0.0
2020-10-17,UFC Fight Night: Ortega vs. The Korean Zombie,Claudio Silva vs. James Krause,Darryl Ransom,27,30,0,-30,2,0.7333333333333334,0.0
2020-10-17,UFC Fight Night: Ortega vs. The Korean Zombie,Claudio Silva vs. James Krause,Clemens Werner,27,30,0,-30,2,0.7333333333333334,0.0
2020-10-17,UFC Fight Night: Ortega vs. The Korean Zombie,Thomas Almeida vs. Jonathan Martinez,Ben Cartlidge,27,30,0,-9,0,0.03333333333333333,0.0
2020-10-17,UFC Fight Night: Ortega vs. The Korean Zombie,Thomas Almeida vs. Jonathan Martinez,Darryl Ransom,27,30,0,-9,0,0.03333333333333333,0.0
2020-10-17,UFC Fight Night: Ortega vs. The Korean Zombie,Thomas Almeida vs. Jonathan Martinez,Victor Wolf,27,30,0,-9,0,0.03333333333333333,0.0
2020-10-17,UFC Fight Night: Ortega vs. The Korean Zombie,Mateusz Gamrot vs. Guram Kutateladze,Darryl Ransom,28,29,0,15,5,3.466666666666667,-1.0
2020-10-17,UFC Fight Night: Ortega vs. The Korean Zombie,Mateusz Gamrot vs. Guram Kutateladze,David Lethaby,29,28,1,15,5,3.466666666666667,-1.0
2020-10-17,UFC Fight Night: Ortega vs. The Korean Zombie,Mateusz Gamrot vs. Guram Kutateladze,Victor Wolf,28,29,0,15,5,3.466666666666667,-1.0
2020-10-17,UFC Fight Night: Ortega vs. The Korean Zombie,Gillian Robertson vs. Poliana Botelho,Victor Wolf,29,28,1,35,3,8.3,0.0
2020-10-17,UFC Fight Night: Ortega vs. The Korean Zombie,Gillian Robertson vs. Poliana Botelho,Clemens Werner,29,27,1,35,3,8.3,0.0
2020-10-17,UFC Fight Night: Ortega vs. The Korean Zombie,Gillian Robertson vs. Poliana Botelho,Ben Cartlidge,29,27,1,35,3,8.3,0.0
2020-10-17,UFC Fight Night: Ortega vs. The Korean Zombie,JunYong Park vs. John Phillips,Ben Cartlidge,30,25,1,5,4,13.183333333333334,0.0
2020-10-17,UFC Fight Night: Ortega vs. The Korean Zombie,JunYong Park vs. John Phillips,David Lethaby,30,25,1,5,4,13.183333333333334,0.0
2020-10-17,UFC Fight Night: Ortega vs. The Korean Zombie,JunYong Park vs. John Phillips,Victor Wolf,30,25,1,5,4,13.183333333333334,0.0
2020-10-17,UFC Fight Night: Ortega vs. The Korean Zombie,Jamie Mullarkey vs. Fares Ziam,Ben Cartlidge,28,29,0,-27,4,5.733333333333333,0.0
2020-10-17,UFC Fight Night: Ortega vs. The Korean Zombie,Jamie Mullarkey vs. Fares Ziam,Darryl Ransom,28,29,0,-27,4,5.733333333333333,0.0
2020-10-17,UFC Fight Night: Ortega vs. The Korean Zombie,Jamie Mullarkey vs. Fares Ziam,Clemens Werner,28,29,0,-27,4,5.733333333333333,0.0
2020-10-10,UFC Fight Night: Moraes vs. Sandhagen,Edson Barboza vs. Makwan Amirkhani,Darryl Ransom,30,26,1,21,-3,-1.5833333333333333,2.0
2020-10-10,UFC Fight Night: Moraes vs. Sandhagen,Edson Barboza vs. Makwan Amirkhani,Vito Paolillo,30,27,1,21,-3,-1.5833333333333333,2.0
2020-10-10,UFC Fight Night: Moraes vs. Sandhagen,Edson Barboza vs. Makwan Amirkhani,Victor Wolf,29,28,1,21,-3,-1.5833333333333333,2.0
2020-10-10,UFC Fight Night: Moraes vs. Sandhagen,Ben Rothwell vs. Marcin Tybura,Mike Bell,27,29,0,-5,-1,-2.8166666666666664,0.0
2020-10-10,UFC Fight Night: Moraes vs. Sandhagen,Ben Rothwell vs. Marcin Tybura,Anders Ohlsson,27,29,0,-5,-1,-2.8166666666666664,0.0
2020-10-10,UFC Fight Night: Moraes vs. Sandhagen,Ben Rothwell vs. Marcin Tybura,Victor Wolf,27,29,0,-5,-1,-2.8166666666666664,0.0
2020-10-10,UFC Fight Night: Moraes vs. Sandhagen,Youssef Zalal vs. Ilia Topuria,Mike Bell,28,29,0,4,-5,-5.183333333333334,0.0
2020-10-10,UFC Fight Night: Moraes vs. Sandhagen,Youssef Zalal vs. Ilia Topuria,Anders Ohlsson,28,29,0,4,-5,-5.183333333333334,0.0
2020-10-10,UFC Fight Night: Moraes vs. Sandhagen,Youssef Zalal vs. Ilia Topuria,Vito Paolillo,28,29,0,4,-5,-5.183333333333334,0.0
2020-10-10,UFC Fight Night: Moraes vs. Sandhagen,Ali AlQaisi vs. Tony Kelley,Darryl Ransom,27,30,0,6,5,4.066666666666666,0.0
2020-10-10,UFC Fight Night: Moraes vs. Sandhagen,Ali AlQaisi vs. Tony Kelley,Anders Ohlsson,28,29,0,6,5,4.066666666666666,0.0
2020-10-10,UFC Fight Night: Moraes vs. Sandhagen,Ali AlQaisi vs. Tony Kelley,Clemens Werner,28,29,0,6,5,4.066666666666666,0.0
2020-10-10,UFC Fight Night: Moraes vs. Sandhagen,Giga Chikadze vs. Omar Morales,Mike Bell,30,27,1,31,0,-0.5833333333333334,1.0
2020-10-10,UFC Fight Night: Moraes vs. Sandhagen,Giga Chikadze vs. Omar Morales,Vito Paolillo,30,27,1,31,0,-0.5833333333333334,1.0
2020-10-10,UFC Fight Night: Moraes vs. Sandhagen,Giga Chikadze vs. Omar Morales,Victor Wolf,30,27,1,31,0,-0.5833333333333334,1.0
2020-10-10,UFC Fight Night: Moraes vs. Sandhagen,Tracy Cortez vs. Stephanie Egger,Vito Paolillo,30,27,1,10,2,7.85,0.0
2020-10-10,UFC Fight Night: Moraes vs. Sandhagen,Tracy Cortez vs. Stephanie Egger,Darryl Ransom,30,27,1,10,2,7.85,0.0
2020-10-10,UFC Fight Night: Moraes vs. Sandhagen,Tracy Cortez vs. Stephanie Egger,Clemens Werner,30,27,1,10,2,7.85,0.0
2020-10-10,UFC Fight Night: Moraes vs. Sandhagen,Bruno Silva vs. Tagir Ulanbekov,Anders Ohlsson,27,30,0,1,-1,-1.4333333333333336,0.0
2020-10-10,UFC Fight Night: Moraes vs. Sandhagen,Bruno Silva vs. Tagir Ulanbekov,Mike Bell,28,29,0,1,-1,-1.4333333333333336,0.0
2020-10-10,UFC Fight Night: Moraes vs. Sandhagen,Bruno Silva vs. Tagir Ulanbekov,Victor Wolf,28,29,0,1,-1,-1.4333333333333336,0.0
2020-10-03,UFC Fight Night: Holm vs. Aldana,Holly Holm vs. Irene Aldana,Mike Bell,50,44,1,85,5,5.216666666666667,0.0
2020-10-03,UFC Fight Night: Holm vs. Aldana,Holly Holm vs. Irene Aldana,Dave Tirelli,50,45,1,85,5,5.216666666666667,0.0
2020-10-03,UFC Fight Night: Holm vs. Aldana,Holly Holm vs. Irene Aldana,Clemens Werner,50,45,1,85,5,5.216666666666667,0.0
2020-10-03,UFC Fight Night: Holm vs. Aldana,Yorgan De Castro vs. Carlos Felipe,Lukasz Bosacki,27,30,0,-30,0,1.75,0.0
2020-10-03,UFC Fight Night: Holm vs. Aldana,Yorgan De Castro vs. Carlos Felipe,Anders Ohlsson,27,30,0,-30,0,1.75,0.0
2020-10-03,UFC Fight Night: Holm vs. Aldana,Yorgan De Castro vs. Carlos Felipe,Ahmed Korchi,28,29,0,-30,0,1.75,0.0
2020-10-03,UFC Fight Night: Holm vs. Aldana,Carlos Condit vs. Court McGee,Anders Ohlsson,30,27,1,4,0,0.03333333333333333,1.0
2020-10-03,UFC Fight Night: Holm vs. Aldana,Carlos Condit vs. Court McGee,Dave Tirelli,30,27,1,4,0,0.03333333333333333,1.0
2020-10-03,UFC Fight Night: Holm vs. Aldana,Carlos Condit vs. Court McGee,Clemens Werner,30,27,1,4,0,0.03333333333333333,1.0
2020-10-03,UFC Fight Night: Holm vs. Aldana,Jordan Williams vs. Nassourdine Imavov,Ahmed Korchi,27,29,0,-38,-1,-2.4500000000000006,0.0
2020-10-03,UFC Fight Night: Holm vs. Aldana,Jordan Williams vs. Nassourdine Imavov,Dave Tirelli,27,29,0,-38,-1,-2.4500000000000006,0.0
2020-10-03,UFC Fight Night: Holm vs. Aldana,Jordan Williams vs. Nassourdine Imavov,Anders Ohlsson,28,29,0,-38,-1,-2.4500000000000006,0.0
2020-10-03,UFC Fight Night: Holm vs. Aldana,Loma Lookboonmee vs. Jinh Yu Frey,Mike Bell,30,27,1,54,-1,-1.1833333333333331,0.0
2020-10-03,UFC Fight Night: Holm vs. Aldana,Loma Lookboonmee vs. Jinh Yu Frey,Lukasz Bosacki,30,27,1,54,-1,-1.1833333333333331,0.0
2020-10-03,UFC Fight Night: Holm vs. Aldana,Loma Lookboonmee vs. Jinh Yu Frey,Clemens Werner,29,28,1,54,-1,-1.1833333333333331,0.0
2020-10-03,UFC Fight Night: Holm vs. Aldana,Casey Kenney vs. Alatengheili,Lukasz Bosacki,30,25,1,63,0,0.0,0.0
2020-10-03,UFC Fight Night: Holm vs. Aldana,Casey Kenney vs. Alatengheili,Clemens Werner,30,26,1,63,0,0.0,0.0
2020-10-03,UFC Fight Night: Holm vs. Aldana,Casey Kenney vs. Alatengheili,Dave Tirelli,30,27,1,63,0,0.0,0.0
2020-09-26,UFC 253: Adesanya vs. Costa,Ketlen Vieira vs. Sijara Eubanks,Mike Bell,29,28,1,-1,2,1.8000000000000003,0.0
2020-09-26,UFC 253: Adesanya vs. Costa,Ketlen Vieira vs. Sijara Eubanks,Anders Ohlsson,29,28,1,-1,2,1.8000000000000003,0.0
2020-09-26,UFC 253: Adesanya vs. Costa,Ketlen Vieira vs. Sijara Eubanks,Dave Tirelli,29,28,1,-1,2,1.8000000000000003,0.0
2020-09-26,UFC 253: Adesanya vs. Costa,Hakeem Dawodu vs. Zubaira Tukhugov,Ahmed Korchi,29,28,1,34,-1,-2.05,0.0
2020-09-26,UFC 253: Adesanya vs. Costa,Hakeem Dawodu vs. Zubaira Tukhugov,Anders Ohlsson,30,27,1,34,-1,-2.05,0.0
2020-09-26,UFC 253: Adesanya vs. Costa,Hakeem Dawodu vs. Zubaira Tukhugov,Dave Tirelli,28,29,0,34,-1,-2.05,0.0
2020-09-26,UFC 253: Adesanya vs. Costa,Brad Riddell vs. Alex Da Silva,Mike Bell,29,28,1,13,-2,-3.8833333333333333,0.0
2020-09-26,UFC 253: Adesanya vs. Costa,Brad Riddell vs. Alex Da Silva,Ahmed Korchi,29,28,1,13,-2,-3.8833333333333333,0.0
2020-09-26,UFC 253: Adesanya vs. Costa,Brad Riddell vs. Alex Da Silva,Clemens Werner,29,28,1,13,-2,-3.8833333333333333,0.0
2020-09-26,UFC 253: Adesanya vs. Costa,Diego Sanchez vs. Jake Matthews,Anders Ohlsson,26,30,0,-47,-1,-4.866666666666667,-1.0
2020-09-26,UFC 253: Adesanya vs. Costa,Diego Sanchez vs. Jake Matthews,Dave Tirelli,26,30,0,-47,-1,-4.866666666666667,-1.0
2020-09-26,UFC 253: Adesanya vs. Costa,Diego Sanchez vs. Jake Matthews,Clemens Werner,26,30,0,-47,-1,-4.866666666666667,-1.0
2020-09-26,UFC 253: Adesanya vs. Costa,William Knight vs. Aleksa Camur,Mike Bell,29,28,1,21,3,1.2166666666666668,0.0
2020-09-26,UFC 253: Adesanya vs. Costa,William Knight vs. Aleksa Camur,Ahmed Korchi,30,27,1,21,3,1.2166666666666668,0.0
2020-09-26,UFC 253: Adesanya vs. Costa,William Knight vs. Aleksa Camur,Dave Tirelli,30,27,1,21,3,1.2166666666666668,0.0
2020-09-26,UFC 253: Adesanya vs. Costa,Khadis Ibragimov vs. Danilo Marques,Ahmed Korchi,28,29,0,3,-4,-5.766666666666667,0.0
2020-09-26,UFC 253: Adesanya vs. Costa,Khadis Ibragimov vs. Danilo Marques,Anders Ohlsson,28,29,0,3,-4,-5.766666666666667,0.0
2020-09-26,UFC 253: Adesanya vs. Costa,Khadis Ibragimov vs. Danilo Marques,Dave Tirelli,27,30,0,3,-4,-5.766666666666667,0.0
2020-09-19,UFC Fight Night: Covington vs. Woodley,Kevin Holland vs. Darren Stewart,Sal D'Amato,29,28,1,17,-3,-0.5666666666666664,0.0
2020-09-19,UFC Fight Night: Covington vs. Woodley,Kevin Holland vs. Darren Stewart,Ron McCarthy,28,29,0,17,-3,-0.5666666666666664,0.0
2020-09-19,UFC Fight Night: Covington vs. Woodley,Kevin Holland vs. Darren Stewart,Eric Colon,29,28,1,17,-3,-0.5666666666666664,0.0
2020-09-19,UFC Fight Night: Covington vs. Woodley,Jordan Espinosa vs. David Dvorak,Junichiro Kamijo,27,30,0,-18,0,-0.06666666666666667,0.0
2020-09-19,UFC Fight Night: Covington vs. Woodley,Jordan Espinosa vs. David Dvorak,Eric Colon,27,30,0,-18,0,-0.06666666666666667,0.0
2020-09-19,UFC Fight Night: Covington vs. Woodley,Jordan Espinosa vs. David Dvorak,Derek Cleary,27,30,0,-18,0,-0.06666666666666667,0.0
2020-09-19,UFC Fight Night: Covington vs. Woodley,Andre Ewell vs. Irwin Rivera,Mike Bell,29,28,1,42,-1,0.5,0.0
2020-09-19,UFC Fight Night: Covington vs. Woodley,Andre Ewell vs. Irwin Rivera,Dave Hagen,29,28,1,42,-1,0.5,0.0
2020-09-19,UFC Fight Night: Covington vs. Woodley,Andre Ewell vs. Irwin Rivera,Junichiro Kamijo,28,29,0,42,-1,0.5,0.0
2020-09-12,UFC Fight Night: Waterson vs. Hill,Michelle Waterson-Gomez vs. Angela Hill,Chris Lee,47,48,0,-3,1,1.8833333333333333,0.0
2020-09-12,UFC Fight Night: Waterson vs. Hill,Michelle Waterson-Gomez vs. Angela Hill,Sal D'Amato,49,46,1,-3,1,1.8833333333333333,0.0
2020-09-12,UFC Fight Night: Waterson vs. Hill,Michelle Waterson-Gomez vs. Angela Hill,Derek Cleary,48,47,1,-3,1,1.8833333333333333,0.0
2020-09-12,UFC Fight Night: Waterson vs. Hill,Roxanne Modafferi vs. Andrea Lee,Chris Lee,29,28,1,-37,1,3.1999999999999997,0.0
2020-09-12,UFC Fight Night: Waterson vs. Hill,Roxanne Modafferi vs. Andrea Lee,Sal D'Amato,29,28,1,-37,1,3.1999999999999997,0.0
2020-09-12,UFC Fight Night: Waterson vs. Hill,Roxanne Modafferi vs. Andrea Lee,Derek Cleary,29,28,1,-37,1,3.1999999999999997,0.0
2020-09-12,UFC Fight Night: Waterson vs. Hill,King Green vs. Alan Patrick,Sal D'Amato,30,27,1,42,3,5.8,0.0
2020-09-12,UFC Fight Night: Waterson vs. Hill,King Green vs. Alan Patrick,Derek Cleary,30,27,1,42,3,5.8,0.0
2020-09-12,UFC Fight Night: Waterson vs. Hill,King Green vs. Alan Patrick,Mike Bell,30,27,1,42,3,5.8,0.0
2020-09-12,UFC Fight Night: Waterson vs. Hill,Julia Avila vs. Sijara Eubanks,Ron McCarthy,27,29,0,-19,-2,-8.299999999999999,0.0
2020-09-12,UFC Fight Night: Waterson vs. Hill,Julia Avila vs. Sijara Eubanks,Sal D'Amato,27,29,0,-19,-2,-8.299999999999999,0.0
2020-09-12,UFC Fight Night: Waterson vs. Hill,Julia Avila vs. Sijara Eubanks,Mike Bell,27,29,0,-19,-2,-8.299999999999999,0.0
2020-09-12,UFC Fight Night: Waterson vs. Hill,Bryan Barberena vs. Anthony Ivy,Rick Winter,30,27,1,27,-5,-3.8833333333333337,0.0
2020-09-12,UFC Fight Night: Waterson vs. Hill,Bryan Barberena vs. Anthony Ivy,Junichiro Kamijo,30,27,1,27,-5,-3.8833333333333337,0.0
2020-09-12,UFC Fight Night: Waterson vs. Hill,Bryan Barberena vs. Anthony Ivy,Dave Hagen,29,28,1,27,-5,-3.8833333333333337,0.0
2020-09-05,UFC Fight Night: Overeem vs. Sakai,Viviane Araujo vs. Montana De La Rosa,Ron McCarthy,30,27,1,-3,-1,-0.39999999999999997,0.0
2020-09-05,UFC Fight Night: Overeem vs. Sakai,Viviane Araujo vs. Montana De La Rosa,Rick Winter,30,27,1,-3,-1,-0.39999999999999997,0.0
2020-09-05,UFC Fight Night: Overeem vs. Sakai,Viviane Araujo vs. Montana De La Rosa,Derek Cleary,29,28,1,-3,-1,-0.39999999999999997,0.0
2020-09-05,UFC Fight Night: Overeem vs. Sakai,Cole Smith vs. Hunter Azure,Mike Bell,28,29,0,-11,-3,-4.816666666666666,-1.0
2020-09-05,UFC Fight Night: Overeem vs. Sakai,Cole Smith vs. Hunter Azure,Eric Colon,28,29,0,-11,-3,-4.816666666666666,-1.0
2020-09-05,UFC Fight Night: Overeem vs. Sakai,Cole Smith vs. Hunter Azure,Dave Hagen,28,29,0,-11,-3,-4.816666666666666,-1.0
2020-08-29,UFC Fight Night: Smith vs. Rakic,Anthony Smith vs. Aleksandar Rakic,Eric Colon,26,30,0,-35,0,-11.633333333333335,-1.0
2020-08-29,UFC Fight Night: Smith vs. Rakic,Anthony Smith vs. Aleksandar Rakic,Sal D'Amato,27,30,0,-35,0,-11.633333333333335,-1.0
2020-08-29,UFC Fight Night: Smith vs. Rakic,Anthony Smith vs. Aleksandar Rakic,Chris Lee,27,30,0,-35,0,-11.633333333333335,-1.0
2020-08-29,UFC Fight Night: Smith vs. Rakic,Robbie Lawler vs. Neil Magny,Mike Bell,27,30,0,-36,-4,-6.683333333333333,0.0
2020-08-29,UFC Fight Night: Smith vs. Rakic,Robbie Lawler vs. Neil Magny,Derek Cleary,27,30,0,-36,-4,-6.683333333333333,0.0
2020-08-29,UFC Fight Night: Smith vs. Rakic,Robbie Lawler vs. Neil Magny,Ron McCarthy,27,30,0,-36,-4,-6.683333333333333,0.0
2020-08-29,UFC Fight Night: Smith vs. Rakic,Ji Yeon Kim vs. Alexa Grasso,Eric Colon,27,30,0,-20,-1,-1.35,0.0
2020-08-29,UFC Fight Night: Smith vs. Rakic,Ji Yeon Kim vs. Alexa Grasso,Sal D'Amato,27,30,0,-20,-1,-1.35,0.0
2020-08-29,UFC Fight Night: Smith vs. Rakic,Ji Yeon Kim vs. Alexa Grasso,Junichiro Kamijo,27,30,0,-20,-1,-1.35,0.0
2020-08-29,UFC Fight Night: Smith vs. Rakic,Ricardo Lamas vs. Bill Algeo,Mike Bell,29,27,1,15,4,4.9,0.0
2020-08-29,UFC Fight Night: Smith vs. Rakic,Ricardo Lamas vs. Bill Algeo,Dave Hagen,29,27,1,15,4,4.9,0.0
2020-08-29,UFC Fight Night: Smith vs. Rakic,Ricardo Lamas vs. Bill Algeo,Ron McCarthy,29,27,1,15,4,4.9,0.0
2020-08-29,UFC Fight Night: Smith vs. Rakic,Maki Pitolo vs. Impa Kasanganay,Sal D'Amato,27,30,0,-14,0,0.016666666666666663,0.0
2020-08-29,UFC Fight Night: Smith vs. Rakic,Maki Pitolo vs. Impa Kasanganay,Dave Hagen,27,30,0,-14,0,0.016666666666666663,0.0
2020-08-29,UFC Fight Night: Smith vs. Rakic,Maki Pitolo vs. Impa Kasanganay,Ron McCarthy,27,30,0,-14,0,0.016666666666666663,0.0
2020-08-29,UFC Fight Night: Smith vs. Rakic,Alessio Di Chirico vs. Zak Cummings,Derek Cleary,28,29,0,-1,0,0.0,-1.0
2020-08-29,UFC Fight Night: Smith vs. Rakic,Alessio Di Chirico vs. Zak Cummings,Chris Lee,28,29,0,-1,0,0.0,-1.0
2020-08-29,UFC Fight Night: Smith vs. Rakic,Alessio Di Chirico vs. Zak Cummings,Junichiro Kamijo,27,30,0,-1,0,0.0,-1.0
2020-08-22,UFC Fight Night: Munhoz vs. Edgar,Pedro Munhoz vs. Frankie Edgar,Derek Cleary,47,48,0,31,-2,-0.30000000000000004,0.0
2020-08-22,UFC Fight Night: Munhoz vs. Edgar,Pedro Munhoz vs. Frankie Edgar,Sal D'Amato,49,46,1,31,-2,-0.30000000000000004,0.0
2020-08-22,UFC Fight Night: Munhoz vs. Edgar,Pedro Munhoz vs. Frankie Edgar,Eric Colon,47,48,0,31,-2,-0.30000000000000004,0.0
2020-08-22,UFC Fight Night: Munhoz vs. Edgar,Amanda Lemos vs. Mizuki,Mike Bell,30,27,1,26,2,-4.516666666666666,1.0
2020-08-22,UFC Fight Night: Munhoz vs. Edgar,Amanda Lemos vs. Mizuki,Dave Hagen,30,27,1,26,2,-4.516666666666666,1.0
2020-08-22,UFC Fight Night: Munhoz vs. Edgar,Amanda Lemos vs. Mizuki,Adalaide Byrd,30,27,1,26,2,-4.516666666666666,1.0
2020-08-22,UFC Fight Night: Munhoz vs. Edgar,Carlton Minus vs. Matthew Semelsberger,Mike Bell,26,30,0,-41,-2,-2.7666666666666666,-1.0
2020-08-22,UFC Fight Night: Munhoz vs. Edgar,Carlton Minus vs. Matthew Semelsberger,Ron McCarthy,27,30,0,-41,-2,-2.7666666666666666,-1.0
2020-08-22,UFC Fight Night: Munhoz vs. Edgar,Carlton Minus vs. Matthew Semelsberger,Anthony Maness,28,29,0,-41,-2,-2.7666666666666666,-1.0
2020-08-15,UFC 252: Miocic vs. Cormier 3,Stipe Miocic vs. Daniel Cormier,Derek Cleary,49,46,1,10,-1,4.983333333333334,1.0
2020-08-15,UFC 252: Miocic vs. Cormier 3,Stipe Miocic vs. Daniel Cormier,Sal D'Amato,49,46,1,10,-1,4.983333333333334,1.0
2020-08-15,UFC 252: Miocic vs. Cormier 3,Stipe Miocic vs. Daniel Cormier,Junichiro Kamijo,48,47,1,10,-1,4.983333333333334,1.0
2020-08-15,UFC 252: Miocic vs. Cormier 3,John Dodson vs. Merab Dvalishvili,Derek Cleary,27,30,0,-23,-2,-3.6666666666666665,0.0
2020-08-15,UFC 252: Miocic vs. Cormier 3,John Dodson vs. Merab Dvalishvili,Sal D'Amato,27,30,0,-23,-2,-3.6666666666666665,0.0
2020-08-15,UFC 252: Miocic vs. Cormier 3,John Dodson vs. Merab Dvalishvili,Rick Winter,27,30,0,-23,-2,-3.6666666666666665,0.0
2020-08-15,UFC 252: Miocic vs. Cormier 3,Jim Miller vs. Vinc Pichel,Sal D'Amato,28,29,0,-27,-1,-1.4000000000000004,0.0
2020-08-15,UFC 252: Miocic vs. Cormier 3,Jim Miller vs. Vinc Pichel,Dave Hagen,28,29,0,-27,-1,-1.4000000000000004,0.0
2020-08-15,UFC 252: Miocic vs. Cormier 3,Jim Miller vs. Vinc Pichel,Eric Colon,27,29,0,-27,-1,-1.4000000000000004,0.0
2020-08-15,UFC 252: Miocic vs. Cormier 3,TJ Brown vs. Danny Chavez,Eric Colon,28,29,0,-6,-4,-1.033333333333333,0.0
2020-08-15,UFC 252: Miocic vs. Cormier 3,TJ Brown vs. Danny Chavez,Sal D'Amato,28,29,0,-6,-4,-1.033333333333333,0.0
2020-08-15,UFC 252: Miocic vs. Cormier 3,TJ Brown vs. Danny Chavez,Junichiro Kamijo,28,29,0,-6,-4,-1.033333333333333,0.0
2020-08-15,UFC 252: Miocic vs. Cormier 3,Ashley Yoder vs. Livinha Souza,Mike Bell,28,29,0,-14,-1,1.1166666666666671,0.0
2020-08-15,UFC 252: Miocic vs. Cormier 3,Ashley Yoder vs. Livinha Souza,Junichiro Kamijo,28,29,0,-14,-1,1.1166666666666671,0.0
2020-08-15,UFC 252: Miocic vs. Cormier 3,Ashley Yoder vs. Livinha Souza,Dave Hagen,27,30,0,-14,-1,1.1166666666666671,0.0
2020-08-15,UFC 252: Miocic vs. Cormier 3,Kai Kamaka vs. Tony Kelley,Mike Bell,29,28,1,0,5,5.15,0.0
2020-08-15,UFC 252: Miocic vs. Cormier 3,Kai Kamaka vs. Tony Kelley,Derek Cleary,29,28,1,0,5,5.15,0.0
2020-08-15,UFC 252: Miocic vs. Cormier 3,Kai Kamaka vs. Tony Kelley,Tony Weeks,29,28,1,0,5,5.15,0.0
2020-08-08,UFC Fight Night: Lewis vs. Oleinik,Omari Akhmedov vs. Chris Weidman,Mike Bell,27,29,0,4,-1,-6.716666666666667,0.0
2020-08-08,UFC Fight Night: Lewis vs. Oleinik,Omari Akhmedov vs. Chris Weidman,Ron McCarthy,27,29,0,4,-1,-6.716666666666667,0.0
2020-08-08,UFC Fight Night: Lewis vs. Oleinik,Omari Akhmedov vs. Chris Weidman,Eric Colon,28,29,0,4,-1,-6.716666666666667,0.0
2020-08-08,UFC Fight Night: Lewis vs. Oleinik,Yana Santos vs. Julija Stoliarenko,Derek Cleary,30,26,1,37,1,12.916666666666666,0.0
2020-08-08,UFC Fight Night: Lewis vs. Oleinik,Yana Santos vs. Julija Stoliarenko,Eric Colon,30,27,1,37,1,12.916666666666666,0.0
2020-08-08,UFC Fight Night: Lewis vs. Oleinik,Yana Santos vs. Julija Stoliarenko,Ron McCarthy,30,27,1,37,1,12.916666666666666,0.0
2020-08-08,UFC Fight Night: Lewis vs. Oleinik,Tim Means vs. Laureano Staropoli,Junichiro Kamijo,30,27,1,14,2,6.050000000000001,1.0
2020-08-08,UFC Fight Night: Lewis vs. Oleinik,Tim Means vs. Laureano Staropoli,Ron McCarthy,29,28,1,14,2,6.050000000000001,1.0
2020-08-08,UFC Fight Night: Lewis vs. Oleinik,Tim Means vs. Laureano Staropoli,Derek Cleary,29,28,1,14,2,6.050000000000001,1.0
2020-08-08,UFC Fight Night: Lewis vs. Oleinik,Nasrat Haqparast vs. Alexander Munoz,Derek Cleary,30,27,1,67,-1,-0.8666666666666667,0.0
2020-08-08,UFC Fight Night: Lewis vs. Oleinik,Nasrat Haqparast vs. Alexander Munoz,Dave Hagen,30,27,1,67,-1,-0.8666666666666667,0.0
2020-08-08,UFC Fight Night: Lewis vs. Oleinik,Nasrat Haqparast vs. Alexander Munoz,Chris Lee,30,27,1,67,-1,-0.8666666666666667,0.0
2020-08-08,UFC Fight Night: Lewis vs. Oleinik,Youssef Zalal vs. Peter Barrett,Mike Bell,30,26,1,31,3,5.333333333333334,1.0
2020-08-08,UFC Fight Night: Lewis vs. Oleinik,Youssef Zalal vs. Peter Barrett,Ron McCarthy,30,26,1,31,3,5.333333333333334,1.0
2020-08-08,UFC Fight Night: Lewis vs. Oleinik,Youssef Zalal vs. Peter Barrett,Tony Weeks,30,27,1,31,3,5.333333333333334,1.0
2020-08-08,UFC Fight Night: Lewis vs. Oleinik,Irwin Rivera vs. Ali AlQaisi,Eric Colon,29,28,1,-8,0,-0.8833333333333335,0.0
2020-08-08,UFC Fight Night: Lewis vs. Oleinik,Irwin Rivera vs. Ali AlQaisi,Dave Hagen,28,29,0,-8,0,-0.8833333333333335,0.0
2020-08-08,UFC Fight Night: Lewis vs. Oleinik,Irwin Rivera vs. Ali AlQaisi,Junichiro Kamijo,29,28,1,-8,0,-0.8833333333333335,0.0
2020-08-01,UFC Fight Night: Brunson vs. Shahbazyan,Lando Vannata vs. King Green,Junichiro Kamijo,26,30,0,-61,-2,-2.633333333333333,-1.0
2020-08-01,UFC Fight Night: Brunson vs. Shahbazyan,Lando Vannata vs. King Green,Mike Bell,27,30,0,-61,-2,-2.633333333333333,-1.0
2020-08-01,UFC Fight Night: Brunson vs. Shahbazyan,Lando Vannata vs. King Green,Derek Cleary,27,30,0,-61,-2,-2.633333333333333,-1.0
2020-08-01,UFC Fight Night: Brunson vs. Shahbazyan,Johnny Munoz vs. Nate Maness,Mike Bell,27,29,0,28,1,8.216666666666665,0.0
2020-08-01,UFC Fight Night: Brunson vs. Shahbazyan,Johnny Munoz vs. Nate Maness,Dave Hagen,27,29,0,28,1,8.216666666666665,0.0
2020-08-01,UFC Fight Night: Brunson vs. Shahbazyan,Johnny Munoz vs. Nate Maness,Chris Lee,27,29,0,28,1,8.216666666666665,0.0
2020-08-01,UFC Fight Night: Brunson vs. Shahbazyan,Jamall Emmers vs. Vince Cachero,Tony Weeks,30,27,1,27,5,5.316666666666666,0.0
2020-08-01,UFC Fight Night: Brunson vs. Shahbazyan,Jamall Emmers vs. Vince Cachero,Eric Colon,30,27,1,27,5,5.316666666666666,0.0
2020-08-01,UFC Fight Night: Brunson vs. Shahbazyan,Jamall Emmers vs. Vince Cachero,Ron McCarthy,30,27,1,27,5,5.316666666666666,0.0
2020-07-25,UFC Fight Night: Whittaker vs. Till,Robert Whittaker vs. Darren Till,Ben Cartlidge,48,47,1,28,2,1.9,1.0
2020-07-25,UFC Fight Night: Whittaker vs. Till,Robert Whittaker vs. Darren Till,Anders Ohlsson,48,47,1,28,2,1.9,1.0
2020-07-25,UFC Fight Night: Whittaker vs. Till,Robert Whittaker vs. Darren Till,Clemens Werner,48,47,1,28,2,1.9,1.0
2020-07-25,UFC Fight Night: Whittaker vs. Till,Mauricio Rua vs. Rogerio Nogueira,Ben Cartlidge,29,28,1,8,2,1.6,0.0
2020-07-25,UFC Fight Night: Whittaker vs. Till,Mauricio Rua vs. Rogerio Nogueira,Mark Collett,28,29,0,8,2,1.6,0.0
2020-07-25,UFC Fight Night: Whittaker vs. Till,Mauricio Rua vs. Rogerio Nogueira,David Lethaby,29,28,1,8,2,1.6,0.0
2020-07-25,UFC Fight Night: Whittaker vs. Till,Carla Esparza vs. Marina Rodriguez,Ben Cartlidge,29,28,1,-7,5,7.833333333333334,0.0
2020-07-25,UFC Fight Night: Whittaker vs. Till,Carla Esparza vs. Marina Rodriguez,Anders Ohlsson,28,29,0,-7,5,7.833333333333334,0.0
2020-07-25,UFC Fight Night: Whittaker vs. Till,Carla Esparza vs. Marina Rodriguez,Clemens Werner,30,27,1,-7,5,7.833333333333334,0.0
2020-07-25,UFC Fight Night: Whittaker vs. Till,Alex Oliveira vs. Peter Sobotta,Ben Cartlidge,30,27,1,16,0,-0.3500000000000001,1.0
2020-07-25,UFC Fight Night: Whittaker vs. Till,Alex Oliveira vs. Peter Sobotta,Anders Ohlsson,30,27,1,16,0,-0.3500000000000001,1.0
2020-07-25,UFC Fight Night: Whittaker vs. Till,Alex Oliveira vs. Peter Sobotta,Vito Paolillo,30,27,1,16,0,-0.3500000000000001,1.0
2020-07-25,UFC Fight Night: Whittaker vs. Till,Movsar Evloev vs. Mike Grundy,Lukasz Bosacki,30,27,1,59,-6,-1.783333333333333,0.0
2020-07-25,UFC Fight Night: Whittaker vs. Till,Movsar Evloev vs. Mike Grundy,Vito Paolillo,30,27,1,59,-6,-1.783333333333333,0.0
2020-07-25,UFC Fight Night: Whittaker vs. Till,Movsar Evloev vs. Mike Grundy,David Lethaby,29,28,1,59,-6,-1.783333333333333,0.0
2020-07-25,UFC Fight Night: Whittaker vs. Till,Bethe Correia vs. Pannie Kianzad,Lukasz Bosacki,27,30,0,-47,1,1.9333333333333333,0.0
2020-07-25,UFC Fight Night: Whittaker vs. Till,Bethe Correia vs. Pannie Kianzad,Clemens Werner,27,30,0,-47,1,1.9333333333333333,0.0
2020-07-25,UFC Fight Night: Whittaker vs. Till,Bethe Correia vs. Pannie Kianzad,David Lethaby,28,29,0,-47,1,1.9333333333333333,0.0
2020-07-25,UFC Fight Night: Whittaker vs. Till,Ramazan Emeev vs. Niklas Stolze,Ben Cartlidge,30,27,1,-1,3,6.483333333333334,0.0
2020-07-25,UFC Fight Night: Whittaker vs. Till,Ramazan Emeev vs. Niklas Stolze,Anders Ohlsson,30,27,1,-1,3,6.483333333333334,0.0
2020-07-25,UFC Fight Night: Whittaker vs. Till,Ramazan Emeev vs. Niklas Stolze,Vito Paolillo,29,28,1,-1,3,6.483333333333334,0.0
2020-07-25,UFC Fight Night: Whittaker vs. Till,Nathaniel Wood vs. John Castaneda,Lukasz Bosacki,30,27,1,76,1,0.6333333333333333,0.0
2020-07-25,UFC Fight Night: Whittaker vs. Till,Nathaniel Wood vs. John Castaneda,Mark Collett,30,27,1,76,1,0.6333333333333333,0.0
2020-07-25,UFC Fight Night: Whittaker vs. Till,Nathaniel Wood vs. John Castaneda,David Lethaby,30,27,1,76,1,0.6333333333333333,0.0
2020-07-18,UFC Fight Night: Figueiredo vs. Benavidez 2,Marc Diakiese vs. Rafael Fiziev,David Lethaby,27,30,0,-10,-1,-2.45,0.0
2020-07-18,UFC Fight Night: Figueiredo vs. Benavidez 2,Marc Diakiese vs. Rafael Fiziev,Lukasz Bosacki,28,29,0,-10,-1,-2.45,0.0
2020-07-18,UFC Fight Night: Figueiredo vs. Benavidez 2,Marc Diakiese vs. Rafael Fiziev,Anders Ohlsson,28,29,0,-10,-1,-2.45,0.0
2020-07-18,UFC Fight Night: Figueiredo vs. Benavidez 2,Alexandre Pantoja vs. Askar Askarov,Lukasz Bosacki,28,29,0,-9,-1,-2.9000000000000004,0.0
2020-07-18,UFC Fight Night: Figueiredo vs. Benavidez 2,Alexandre Pantoja vs. Askar Askarov,David Lethaby,28,29,0,-9,-1,-2.9000000000000004,0.0
2020-07-18,UFC Fight Night: Figueiredo vs. Benavidez 2,Alexandre Pantoja vs. Askar Askarov,Clemens Werner,28,29,0,-9,-1,-2.9000000000000004,0.0
2020-07-18,UFC Fight Night: Figueiredo vs. Benavidez 2,Grant Dawson vs. Nad Narimani,Anders Ohlsson,30,26,1,22,2,8.033333333333331,0.0
2020-07-18,UFC Fight Night: Figueiredo vs. Benavidez 2,Grant Dawson vs. Nad Narimani,Clemens Werner,30,27,1,22,2,8.033333333333331,0.0
2020-07-18,UFC Fight Night: Figueiredo vs. Benavidez 2,Grant Dawson vs. Nad Narimani,David Lethaby,29,27,1,22,2,8.033333333333331,0.0
2020-07-18,UFC Fight Night: Figueiredo vs. Benavidez 2,Brett Johns vs. Montel Jackson,Ben Cartlidge,29,28,1,-15,6,6.016666666666666,-1.0
2020-07-18,UFC Fight Night: Figueiredo vs. Benavidez 2,Brett Johns vs. Montel Jackson,Anders Ohlsson,29,28,1,-15,6,6.016666666666666,-1.0
2020-07-18,UFC Fight Night: Figueiredo vs. Benavidez 2,Brett Johns vs. Montel Jackson,Clemens Werner,29,28,1,-15,6,6.016666666666666,-1.0
2020-07-18,UFC Fight Night: Figueiredo vs. Benavidez 2,Davi Ramos vs. Arman Tsarukyan,David Lethaby,27,30,0,-58,-1,-2.833333333333334,0.0
2020-07-18,UFC Fight Night: Figueiredo vs. Benavidez 2,Davi Ramos vs. Arman Tsarukyan,Clemens Werner,27,30,0,-58,-1,-2.833333333333334,0.0
2020-07-18,UFC Fight Night: Figueiredo vs. Benavidez 2,Davi Ramos vs. Arman Tsarukyan,Lukasz Bosacki,28,29,0,-58,-1,-2.833333333333334,0.0
2020-07-18,UFC Fight Night: Figueiredo vs. Benavidez 2,Carlos Felipe vs. Serghei Spivac,Ben Cartlidge,27,29,0,-29,-3,-4.866666666666666,0.0
2020-07-18,UFC Fight Night: Figueiredo vs. Benavidez 2,Carlos Felipe vs. Serghei Spivac,Vito Paolillo,27,29,0,-29,-3,-4.866666666666666,0.0
2020-07-15,UFC Fight Night: Kattar vs. Ige,Calvin Kattar vs. Dan Ige,Ben Cartlidge,49,46,1,21,1,1.05,0.0
2020-07-15,UFC Fight Night: Kattar vs. Ige,Calvin Kattar vs. Dan Ige,Mark Collett,49,46,1,21,1,1.05,0.0
2020-07-15,UFC Fight Night: Kattar vs. Ige,Calvin Kattar vs. Dan Ige,David Lethaby,48,47,1,21,1,1.05,0.0
2020-07-15,UFC Fight Night: Kattar vs. Ige,Tim Elliott vs. Ryan Benoit,Ben Cartlidge,29,28,1,12,0,2.3333333333333335,0.0
2020-07-15,UFC Fight Night: Kattar vs. Ige,Tim Elliott vs. Ryan Benoit,David Lethaby,29,28,1,12,0,2.3333333333333335,0.0
2020-07-15,UFC Fight Night: Kattar vs. Ige,Tim Elliott vs. Ryan Benoit,Clemens Werner,29,28,1,12,0,2.3333333333333335,0.0
2020-07-15,UFC Fight Night: Kattar vs. Ige,Jimmie Rivera vs. Cody Stamann,Anders Ohlsson,30,27,1,22,1,-2.4333333333333327,0.0
2020-07-15,UFC Fight Night: Kattar vs. Ige,Jimmie Rivera vs. Cody Stamann,Vito Paolillo,30,27,1,22,1,-2.4333333333333327,0.0
2020-07-15,UFC Fight Night: Kattar vs. Ige,Jimmie Rivera vs. Cody Stamann,Mark Collett,29,28,1,22,1,-2.4333333333333327,0.0
2020-07-15,UFC Fight Night: Kattar vs. Ige,Molly McCann vs. Taila Santos,David Lethaby,27,30,0,-9,-5,-6.949999999999999,0.0
2020-07-15,UFC Fight Night: Kattar vs. Ige,Molly McCann vs. Taila Santos,Anders Ohlsson,27,30,0,-9,-5,-6.949999999999999,0.0
2020-07-15,UFC Fight Night: Kattar vs. Ige,Molly McCann vs. Taila Santos,Lukasz Bosacki,26,30,0,-9,-5,-6.949999999999999,0.0
2020-07-15,UFC Fight Night: Kattar vs. Ige,Abdul Razak Alhassan vs. Mounir Lazzez,Ben Cartlidge,27,30,0,-31,-3,-3.3500000000000005,0.0
2020-07-15,UFC Fight Night: Kattar vs. Ige,Abdul Razak Alhassan vs. Mounir Lazzez,Clemens Werner,27,30,0,-31,-3,-3.3500000000000005,0.0
2020-07-15,UFC Fight Night: Kattar vs. Ige,Abdul Razak Alhassan vs. Mounir Lazzez,Vito Paolillo,28,29,0,-31,-3,-3.3500000000000005,0.0
2020-07-15,UFC Fight Night: Kattar vs. Ige,Jared Gordon vs. Chris Fishgold,Lukasz Bosacki,30,26,1,24,3,9.65,0.0
2020-07-15,UFC Fight Night: Kattar vs. Ige,Jared Gordon vs. Chris Fishgold,Ben Cartlidge,30,26,1,24,3,9.65,0.0
2020-07-15,UFC Fight Night: Kattar vs. Ige,Jared Gordon vs. Chris Fishgold,Anders Ohlsson,30,26,1,24,3,9.65,0.0
2020-07-11,UFC 251: Usman vs. Masvidal,Kamaru Usman vs. Jorge Masvidal,Ben Cartlidge,50,45,1,28,5,16.633333333333333,0.0
2020-07-11,UFC 251: Usman vs. Masvidal,Kamaru Usman vs. Jorge Masvidal,Mark Collett,50,45,1,28,5,16.633333333333333,0.0
2020-07-11,UFC 251: Usman vs. Masvidal,Kamaru Usman vs. Jorge Masvidal,David Lethaby,49,46,1,28,5,16.633333333333333,0.0
2020-07-11,UFC 251: Usman vs. Masvidal,Alexander Volkanovski vs. Max Holloway,Mark Collett,48,47,1,35,3,1.4333333333333333,0.0
2020-07-11,UFC 251: Usman vs. Masvidal,Alexander Volkanovski vs. Max Holloway,David Lethaby,47,48,0,35,3,1.4333333333333333,0.0
2020-07-11,UFC 251: Usman vs. Masvidal,Alexander Volkanovski vs. Max Holloway,Clemens Werner,48,47,1,35,3,1.4333333333333333,0.0
2020-07-11,UFC 251: Usman vs. Masvidal,Jessica Andrade vs. Rose Namajunas,Anders Ohlsson,28,29,0,-11,1,0.48333333333333334,0.0
2020-07-11,UFC 251: Usman vs. Masvidal,Jessica Andrade vs. Rose Namajunas,Mark Collett,29,28,1,-11,1,0.48333333333333334,0.0
2020-07-11,UFC 251: Usman vs. Masvidal,Jessica Andrade vs. Rose Namajunas,Vito Paolillo,28,29,0,-11,1,0.48333333333333334,0.0
2020-07-11,UFC 251: Usman vs. Masvidal,Elizeu Zaleski dos Santos vs. Muslim Salikhov,Lukasz Bosacki,27,30,0,6,0,0.85,0.0
2020-07-11,UFC 251: Usman vs. Masvidal,Elizeu Zaleski dos Santos vs. Muslim Salikhov,David Lethaby,29,28,1,6,0,0.85,0.0
2020-07-11,UFC 251: Usman vs. Masvidal,Elizeu Zaleski dos Santos vs. Muslim Salikhov,Clemens Werner,28,29,0,6,0,0.85,0.0
2020-07-11,UFC 251: Usman vs. Masvidal,Leonardo Santos vs. Roman Bogatov,Lukasz Bosacki,29,26,1,16,0,-4.550000000000001,0.0
2020-07-11,UFC 251: Usman vs. Masvidal,Leonardo Santos vs. Roman Bogatov,Ben Cartlidge,29,26,1,16,0,-4.550000000000001,0.0
2020-07-11,UFC 251: Usman vs. Masvidal,Leonardo Santos vs. Roman Bogatov,Clemens Werner,29,26,1,16,0,-4.550000000000001,0.0
2020-07-11,UFC 251: Usman vs. Masvidal,Marcin Tybura vs. Maxim Grishin,Mark Collett,30,27,1,6,3,9.15,0.0
2020-07-11,UFC 251: Usman vs. Masvidal,Marcin Tybura vs. Maxim Grishin,David Lethaby,30,26,1,6,3,9.15,0.0
2020-07-11,UFC 251: Usman vs. Masvidal,Marcin Tybura vs. Maxim Grishin,Anders Ohlsson,30,27,1,6,3,9.15,0.0
2020-07-11,UFC 251: Usman vs. Masvidal,Raulian Paiva vs. Zhalgas Zhumagulov,Lukasz Bosacki,29,28,1,-14,-2,0.23333333333333334,0.0
2020-07-11,UFC 251: Usman vs. Masvidal,Raulian Paiva vs. Zhalgas Zhumagulov,Ben Cartlidge,29,28,1,-14,-2,0.23333333333333334,0.0
2020-07-11,UFC 251: Usman vs. Masvidal,Raulian Paiva vs. Zhalgas Zhumagulov,Vito Paolillo,29,28,1,-14,-2,0.23333333333333334,0.0
2020-07-11,UFC 251: Usman vs. Masvidal,Karol Rosa vs. Vanessa Melo,David Lethaby,30,26,1,75,2,5.733333333333333,0.0
2020-07-11,UFC 251: Usman vs. Masvidal,Karol Rosa vs. Vanessa Melo,Anders Ohlsson,29,27,1,75,2,5.733333333333333,0.0
2020-07-11,UFC 251: Usman vs. Masvidal,Karol Rosa vs. Vanessa Melo,Clemens Werner,30,26,1,75,2,5.733333333333333,0.0
2020-06-27,UFC Fight Night: Poirier vs. Hooker,Dustin Poirier vs. Dan Hooker,Sal D'Amato,48,47,1,-2,-3,-3.2166666666666663,0.0
2020-06-27,UFC Fight Night: Poirier vs. Hooker,Dustin Poirier vs. Dan Hooker,Derek Cleary,48,47,1,-2,-3,-3.2166666666666663,0.0
2020-06-27,UFC Fight Night: Poirier vs. Hooker,Dustin Poirier vs. Dan Hooker,Eric Colon,48,46,1,-2,-3,-3.2166666666666663,0.0
2020-06-27,UFC Fight Night: Poirier vs. Hooker,Mike Perry vs. Mickey Gall,Mike Bell,29,28,1,21,1,4.883333333333334,1.0
2020-06-27,UFC Fight Night: Poirier vs. Hooker,Mike Perry vs. Mickey Gall,Sal D'Amato,29,28,1,21,1,4.883333333333334,1.0
2020-06-27,UFC Fight Night: Poirier vs. Hooker,Mike Perry vs. Mickey Gall,Dave Hagen,29,28,1,21,1,4.883333333333334,1.0
2020-06-27,UFC Fight Night: Poirier vs. Hooker,Brendan Allen vs. Kyle Daukaus,Sal D'Amato,29,28,1,7,-3,-2.1166666666666654,1.0
2020-06-27,UFC Fight Night: Poirier vs. Hooker,Brendan Allen vs. Kyle Daukaus,Mike Bell,29,27,1,7,-3,-2.1166666666666654,1.0
2020-06-27,UFC Fight Night: Poirier vs. Hooker,Brendan Allen vs. Kyle Daukaus,Dave Hagen,30,27,1,7,-3,-2.1166666666666654,1.0
2020-06-27,UFC Fight Night: Poirier vs. Hooker,Jordan Griffin vs. Youssef Zalal,Adalaide Byrd,28,29,0,-31,2,1.1833333333333336,0.0
2020-06-27,UFC Fight Night: Poirier vs. Hooker,Jordan Griffin vs. Youssef Zalal,Mike Bell,28,29,0,-31,2,1.1833333333333336,0.0
2020-06-27,UFC Fight Night: Poirier vs. Hooker,Jordan Griffin vs. Youssef Zalal,Dave Hagen,28,29,0,-31,2,1.1833333333333336,0.0
2020-06-20,UFC Fight Night: Blaydes vs. Volkov,Curtis Blaydes vs. Alexander Volkov,Eric Colon,49,46,1,38,13,19.1,0.0
2020-06-20,UFC Fight Night: Blaydes vs. Volkov,Curtis Blaydes vs. Alexander Volkov,Sal D'Amato,48,47,1,38,13,19.1,0.0
2020-06-20,UFC Fight Night: Blaydes vs. Volkov,Curtis Blaydes vs. Alexander Volkov,Chris Lee,48,46,1,38,13,19.1,0.0
2020-06-20,UFC Fight Night: Blaydes vs. Volkov,Josh Emmett vs. Shane Burgos,Mike Bell,29,27,1,-1,1,1.4,2.0
2020-06-20,UFC Fight Night: Blaydes vs. Volkov,Josh Emmett vs. Shane Burgos,Derek Cleary,29,28,1,-1,1,1.4,2.0
2020-06-20,UFC Fight Night: Blaydes vs. Volkov,Josh Emmett vs. Shane Burgos,Ron McCarthy,29,28,1,-1,1,1.4,2.0
2020-06-20,UFC Fight Night: Blaydes vs. Volkov,Raquel Pennington vs. Marion Reneau,Mike Bell,29,28,1,61,-1,1.6833333333333336,0.0
2020-06-20,UFC Fight Night: Blaydes vs. Volkov,Raquel Pennington vs. Marion Reneau,Eric Colon,30,27,1,61,-1,1.6833333333333336,0.0
2020-06-20,UFC Fight Night: Blaydes vs. Volkov,Raquel Pennington vs. Marion Reneau,Sal D'Amato,29,28,1,61,-1,1.6833333333333336,0.0
2020-06-20,UFC Fight Night: Blaydes vs. Volkov,Belal Muhammad vs. Lyman Good,Derek Cleary,29,28,1,1,2,1.6166666666666667,0.0
2020-06-20,UFC Fight Night: Blaydes vs. Volkov,Belal Muhammad vs. Lyman Good,Chris Lee,29,28,1,1,2,1.6166666666666667,0.0
2020-06-20,UFC Fight Night: Blaydes vs. Volkov,Belal Muhammad vs. Lyman Good,Ron McCarthy,29,28,1,1,2,1.6166666666666667,0.0
2020-06-20,UFC Fight Night: Blaydes vs. Volkov,Clay Guida vs. King Green,Derek Cleary,28,29,0,-62,1,3.3499999999999996,0.0
2020-06-20,UFC Fight Night: Blaydes vs. Volkov,Clay Guida vs. King Green,Ron McCarthy,28,29,0,-62,1,3.3499999999999996,0.0
2020-06-20,UFC Fight Night: Blaydes vs. Volkov,Clay Guida vs. King Green,Chris Lee,27,30,0,-62,1,3.3499999999999996,0.0
2020-06-20,UFC Fight Night: Blaydes vs. Volkov,Tecia Pennington vs. Brianna Fortino,Mike Bell,30,27,1,40,-2,-2.4166666666666665,0.0
2020-06-20,UFC Fight Night: Blaydes vs. Volkov,Tecia Pennington vs. Brianna Fortino,Sal D'Amato,30,27,1,40,-2,-2.4166666666666665,0.0
2020-06-20,UFC Fight Night: Blaydes vs. Volkov,Tecia Pennington vs. Brianna Fortino,Rick Winter,30,27,1,40,-2,-2.4166666666666665,0.0
2020-06-20,UFC Fight Night: Blaydes vs. Volkov,Roxanne Modafferi vs. Lauren Murphy,Derek Cleary,27,30,0,-28,-2,3.2500000000000004,0.0
2020-06-20,UFC Fight Night: Blaydes vs. Volkov,Roxanne Modafferi vs. Lauren Murphy,Rick Winter,27,30,0,-28,-2,3.2500000000000004,0.0
2020-06-20,UFC Fight Night: Blaydes vs. Volkov,Roxanne Modafferi vs. Lauren Murphy,Chris Lee,28,29,0,-28,-2,3.2500000000000004,0.0
2020-06-13,UFC Fight Night: Eye vs. Calvillo,Jessica Eye vs. Cynthia Calvillo,Sal D'Amato,46,49,0,-43,-4,-7.766666666666667,0.0
2020-06-13,UFC Fight Night: Eye vs. Calvillo,Jessica Eye vs. Cynthia Calvillo,Derek Cleary,46,49,0,-43,-4,-7.766666666666667,0.0
2020-06-13,UFC Fight Night: Eye vs. Calvillo,Jessica Eye vs. Cynthia Calvillo,Eric Colon,47,48,0,-43,-4,-7.766666666666667,0.0
2020-06-13,UFC Fight Night: Eye vs. Calvillo,Charles Rosa vs. Kevin Aguilar,Eric Colon,29,28,1,16,0,-0.06666666666666667,0.0
2020-06-13,UFC Fight Night: Eye vs. Calvillo,Charles Rosa vs. Kevin Aguilar,Sal D'Amato,29,28,1,16,0,-0.06666666666666667,0.0
2020-06-13,UFC Fight Night: Eye vs. Calvillo,Charles Rosa vs. Kevin Aguilar,Dave Hagen,28,29,0,16,0,-0.06666666666666667,0.0
2020-06-13,UFC Fight Night: Eye vs. Calvillo,Andre Fili vs. Charles Jourdain,Eric Colon,29,28,1,-18,5,1.5333333333333332,-1.0
2020-06-13,UFC Fight Night: Eye vs. Calvillo,Andre Fili vs. Charles Jourdain,Derek Cleary,29,28,1,-18,5,1.5333333333333332,-1.0
2020-06-13,UFC Fight Night: Eye vs. Calvillo,Andre Fili vs. Charles Jourdain,Ron McCarthy,28,29,0,-18,5,1.5333333333333332,-1.0
2020-06-13,UFC Fight Night: Eye vs. Calvillo,Jordan Espinosa vs. Mark De La Rosa,Mike Bell,30,27,1,89,2,-1.4499999999999997,0.0
2020-06-13,UFC Fight Night: Eye vs. Calvillo,Jordan Espinosa vs. Mark De La Rosa,Tony Weeks,30,27,1,89,2,-1.4499999999999997,0.0
2020-06-13,UFC Fight Night: Eye vs. Calvillo,Jordan Espinosa vs. Mark De La Rosa,Sal D'Amato,30,26,1,89,2,-1.4499999999999997,0.0
2020-06-13,UFC Fight Night: Eye vs. Calvillo,Merab Dvalishvili vs. Gustavo Lopez,Sal D'Amato,30,26,1,59,13,9.216666666666667,0.0
2020-06-13,UFC Fight Night: Eye vs. Calvillo,Merab Dvalishvili vs. Gustavo Lopez,Adalaide Byrd,30,26,1,59,13,9.216666666666667,0.0
2020-06-13,UFC Fight Night: Eye vs. Calvillo,Merab Dvalishvili vs. Gustavo Lopez,Mike Bell,30,25,1,59,13,9.216666666666667,0.0
2020-06-06,UFC 250: Nunes vs. Spencer,Amanda Nunes vs. Felicia Spencer,Derek Cleary,50,44,1,82,6,7.866666666666667,0.0
2020-06-06,UFC 250: Nunes vs. Spencer,Amanda Nunes vs. Felicia Spencer,Chris Lee,50,44,1,82,6,7.866666666666667,0.0
2020-06-06,UFC 250: Nunes vs. Spencer,Amanda Nunes vs. Felicia Spencer,Sal D'Amato,50,45,1,82,6,7.866666666666667,0.0
2020-06-06,UFC 250: Nunes vs. Spencer,Neil Magny vs. Anthony Rocco Martin,Rick Winter,30,27,1,27,-1,-2.6333333333333337,0.0
2020-06-06,UFC 250: Nunes vs. Spencer,Neil Magny vs. Anthony Rocco Martin,Dave Hagen,30,27,1,27,-1,-2.6333333333333337,0.0
2020-06-06,UFC 250: Nunes vs. Spencer,Neil Magny vs. Anthony Rocco Martin,Eric Colon,29,28,1,27,-1,-2.6333333333333337,0.0
2020-06-06,UFC 250: Nunes vs. Spencer,Alex Caceres vs. Chase Hooper,Derek Cleary,30,27,1,50,1,-0.41666666666666696,1.0
2020-06-06,UFC 250: Nunes vs. Spencer,Alex Caceres vs. Chase Hooper,Mike Bell,30,27,1,50,1,-0.41666666666666696,1.0
2020-06-06,UFC 250: Nunes vs. Spencer,Alex Caceres vs. Chase Hooper,Rick Winter,30,27,1,50,1,-0.41666666666666696,1.0
2020-06-06,UFC 250: Nunes vs. Spencer,Cody Stamann vs. Brian Kelleher,Eric Colon,30,27,1,32,1,1.0666666666666667,0.0
2020-06-06,UFC 250: Nunes vs. Spencer,Cody Stamann vs. Brian Kelleher,Dave Hagen,30,27,1,32,1,1.0666666666666667,0.0
2020-06-06,UFC 250: Nunes vs. Spencer,Cody Stamann vs. Brian Kelleher,Tony Weeks,30,27,1,32,1,1.0666666666666667,0.0
2020-06-06,UFC 250: Nunes vs. Spencer,Alonzo Menifield vs. Devin Clark,Dave Hagen,27,30,0,-40,-1,6.066666666666666,0.0
2020-06-06,UFC 250: Nunes vs. Spencer,Alonzo Menifield vs. Devin Clark,Mike Bell,28,29,0,-40,-1,6.066666666666666,0.0
2020-06-06,UFC 250: Nunes vs. Spencer,Alonzo Menifield vs. Devin Clark,Junichiro Kamijo,28,29,0,-40,-1,6.066666666666666,0.0
2020-05-30,UFC Fight Night: Woodley vs. Burns,Tyron Woodley vs. Gilbert Burns,Eric Colon,45,50,0,-55,-2,-5.183333333333334,0.0
2020-05-30,UFC Fight Night: Woodley vs. Burns,Tyron Woodley vs. Gilbert Burns,Derek Cleary,44,50,0,-55,-2,-5.183333333333334,0.0
2020-05-30,UFC Fight Night: Woodley vs. Burns,Tyron Woodley vs. Gilbert Burns,Sal D'Amato,44,50,0,-55,-2,-5.183333333333334,0.0
2020-05-30,UFC Fight Night: Woodley vs. Burns,Blagoy Ivanov vs. Augusto Sakai,Mike Bell,30,27,1,-12,1,-0.6333333333333335,0.0
2020-05-30,UFC Fight Night: Woodley vs. Burns,Blagoy Ivanov vs. Augusto Sakai,Junichiro Kamijo,28,29,0,-12,1,-0.6333333333333335,0.0
2020-05-30,UFC Fight Night: Woodley vs. Burns,Blagoy Ivanov vs. Augusto Sakai,Ron McCarthy,28,29,0,-12,1,-0.6333333333333335,0.0
2020-05-30,UFC Fight Night: Woodley vs. Burns,Billy Quarantillo vs. Spike Carlyle,Sal D'Amato,29,28,1,12,-1,-4.283333333333332,0.0
2020-05-30,UFC Fight Night: Woodley vs. Burns,Billy Quarantillo vs. Spike Carlyle,Eric Colon,29,28,1,12,-1,-4.283333333333332,0.0
2020-05-30,UFC Fight Night: Woodley vs. Burns,Billy Quarantillo vs. Spike Carlyle,Dave Hagen,29,28,1,12,-1,-4.283333333333332,0.0
2020-05-30,UFC Fight Night: Woodley vs. Burns,Katlyn Cerminara vs. Antonina Shevchenko,Derek Cleary,30,25,1,48,3,10.6,0.0
2020-05-30,UFC Fight Night: Woodley vs. Burns,Katlyn Cerminara vs. Antonina Shevchenko,Eric Colon,30,25,1,48,3,10.6,0.0
2020-05-30,UFC Fight Night: Woodley vs. Burns,Katlyn Cerminara vs. Antonina Shevchenko,Dave Hagen,30,25,1,48,3,10.6,0.0
2020-05-30,UFC Fight Night: Woodley vs. Burns,Daniel Rodriguez vs. Gabe Green,Adalaide Byrd,30,27,1,48,1,0.26666666666666666,0.0
2020-05-30,UFC Fight Night: Woodley vs. Burns,Daniel Rodriguez vs. Gabe Green,Sal D'Amato,30,27,1,48,1,0.26666666666666666,0.0
2020-05-30,UFC Fight Night: Woodley vs. Burns,Daniel Rodriguez vs. Gabe Green,Ron McCarthy,30,27,1,48,1,0.26666666666666666,0.0
2020-05-16,UFC Fight Night: Overeem vs. Harris,Claudia Gadelha vs. Angela Hill,Chris Lee,29,28,1,-6,1,2.1666666666666665,-1.0
2020-05-16,UFC Fight Night: Overeem vs. Harris,Claudia Gadelha vs. Angela Hill,Dave Tirelli,29,28,1,-6,1,2.1666666666666665,-1.0
2020-05-16,UFC Fight Night: Overeem vs. Harris,Claudia Gadelha vs. Angela Hill,Sal D'Amato,28,29,0,-6,1,2.1666666666666665,-1.0
2020-05-16,UFC Fight Night: Overeem vs. Harris,Dan Ige vs. Edson Barboza,Derek Cleary,29,28,1,-1,1,0.18333333333333335,-1.0
2020-05-16,UFC Fight Night: Overeem vs. Harris,Dan Ige vs. Edson Barboza,Sal D'Amato,29,28,1,-1,1,0.18333333333333335,-1.0
2020-05-16,UFC Fight Night: Overeem vs. Harris,Dan Ige vs. Edson Barboza,Troy Wincapaw,28,29,0,-1,1,0.18333333333333335,-1.0
2020-05-16,UFC Fight Night: Overeem vs. Harris,Eryk Anders vs. Krzysztof Jotko,Troy Wincapaw,27,30,0,-25,0,5.083333333333333,0.0
2020-05-16,UFC Fight Night: Overeem vs. Harris,Eryk Anders vs. Krzysztof Jotko,Derek Cleary,28,29,0,-25,0,5.083333333333333,0.0
2020-05-16,UFC Fight Night: Overeem vs. Harris,Eryk Anders vs. Krzysztof Jotko,Sal D'Amato,28,29,0,-25,0,5.083333333333333,0.0
2020-05-16,UFC Fight Night: Overeem vs. Harris,Song Yadong vs. Marlon Vera,Sal D'Amato,29,28,1,9,-2,-2.25,0.0
2020-05-16,UFC Fight Night: Overeem vs. Harris,Song Yadong vs. Marlon Vera,Howard Reichbach,29,28,1,9,-2,-2.25,0.0
2020-05-16,UFC Fight Night: Overeem vs. Harris,Song Yadong vs. Marlon Vera,Dave Tirelli,29,28,1,9,-2,-2.25,0.0
2020-05-16,UFC Fight Night: Overeem vs. Harris,Giga Chikadze vs. Irwin Rivera,Troy Wincapaw,30,26,1,27,1,0.05,1.0
2020-05-16,UFC Fight Night: Overeem vs. Harris,Giga Chikadze vs. Irwin Rivera,Derek Cleary,30,27,1,27,1,0.05,1.0
2020-05-16,UFC Fight Night: Overeem vs. Harris,Giga Chikadze vs. Irwin Rivera,Dave Tirelli,30,27,1,27,1,0.05,1.0
2020-05-16,UFC Fight Night: Overeem vs. Harris,Darren Elkins vs. Nate Landwehr,Dave Tirelli,28,29,0,3,1,0.9166666666666665,0.0
2020-05-16,UFC Fight Night: Overeem vs. Harris,Darren Elkins vs. Nate Landwehr,Chris Lee,27,30,0,3,1,0.9166666666666665,0.0
2020-05-16,UFC Fight Night: Overeem vs. Harris,Darren Elkins vs. Nate Landwehr,Sal D'Amato,27,30,0,3,1,0.9166666666666665,0.0
2020-05-13,UFC Fight Night: Smith vs. Teixeira,Ben Rothwell vs. Ovince Saint Preux,Derek Cleary,29,28,1,14,1,5.45,-1.0
2020-05-13,UFC Fight Night: Smith vs. Teixeira,Ben Rothwell vs. Ovince Saint Preux,Dave Tirelli,29,28,1,14,1,5.45,-1.0
2020-05-13,UFC Fight Night: Smith vs. Teixeira,Ben Rothwell vs. Ovince Saint Preux,Sal D'Amato,28,29,0,14,1,5.45,-1.0
2020-05-13,UFC Fight Night: Smith vs. Teixeira,Ricky Simon vs. Ray Borg,Sal D'Amato,29,28,1,20,7,4.883333333333333,0.0
2020-05-13,UFC Fight Night: Smith vs. Teixeira,Ricky Simon vs. Ray Borg,Dave Tirelli,28,29,0,20,7,4.883333333333333,0.0
2020-05-13,UFC Fight Night: Smith vs. Teixeira,Ricky Simon vs. Ray Borg,Derek Cleary,29,28,1,20,7,4.883333333333333,0.0
2020-05-13,UFC Fight Night: Smith vs. Teixeira,Andrei Arlovski vs. Philipe Lins,Sal D'Amato,30,27,1,9,0,-0.11666666666666667,0.0
2020-05-13,UFC Fight Night: Smith vs. Teixeira,Andrei Arlovski vs. Philipe Lins,Howard Reichbach,30,27,1,9,0,-0.11666666666666667,0.0
2020-05-13,UFC Fight Night: Smith vs. Teixeira,Andrei Arlovski vs. Philipe Lins,Dave Tirelli,29,28,1,9,0,-0.11666666666666667,0.0
2020-05-13,UFC Fight Night: Smith vs. Teixeira,Sijara Eubanks vs. Sarah Moras,Chris Lee,30,27,1,41,2,4.233333333333333,0.0
2020-05-13,UFC Fight Night: Smith vs. Teixeira,Sijara Eubanks vs. Sarah Moras,Dave Tirelli,30,27,1,41,2,4.233333333333333,0.0
2020-05-13,UFC Fight Night: Smith vs. Teixeira,Sijara Eubanks vs. Sarah Moras,Barry Luxenberg,30,26,1,41,2,4.233333333333333,0.0
2020-05-13,UFC Fight Night: Smith vs. Teixeira,Gabriel Benitez vs. Omar Morales,Howard Reichbach,27,30,0,-13,0,0.0,0.0
2020-05-13,UFC Fight Night: Smith vs. Teixeira,Gabriel Benitez vs. Omar Morales,Sal D'Amato,28,29,0,-13,0,0.0,0.0
2020-05-13,UFC Fight Night: Smith vs. Teixeira,Gabriel Benitez vs. Omar Morales,Derek Cleary,28,29,0,-13,0,0.0,0.0
2020-05-09,UFC 249: Ferguson vs. Gaethje,Greg Hardy vs. Yorgan De Castro,Derek Cleary,30,27,1,31,0,0.8833333333333333,0.0
2020-05-09,UFC 249: Ferguson vs. Gaethje,Greg Hardy vs. Yorgan De Castro,Chris Lee,30,27,1,31,0,0.8833333333333333,0.0
2020-05-09,UFC 249: Ferguson vs. Gaethje,Greg Hardy vs. Yorgan De Castro,Howard Reichbach,30,27,1,31,0,0.8833333333333333,0.0
2020-05-09,UFC 249: Ferguson vs. Gaethje,Anthony Pettis vs. Donald Cerrone,Dave Tirelli,29,28,1,1,-2,-1.7666666666666666,0.0
2020-05-09,UFC 249: Ferguson vs. Gaethje,Anthony Pettis vs. Donald Cerrone,Troy Wincapaw,29,28,1,1,-2,-1.7666666666666666,0.0
2020-05-09,UFC 249: Ferguson vs. Gaethje,Anthony Pettis vs. Donald Cerrone,Sal D'Amato,29,28,1,1,-2,-1.7666666666666666,0.0
2020-05-09,UFC 249: Ferguson vs. Gaethje,Aleksei Oleinik vs. Fabricio Werdum,Derek Cleary,28,29,0,41,-3,-0.03333333333333366,0.0
2020-05-09,UFC 249: Ferguson vs. Gaethje,Aleksei Oleinik vs. Fabricio Werdum,Barry Luxenberg,29,28,1,41,-3,-0.03333333333333366,0.0
2020-05-09,UFC 249: Ferguson vs. Gaethje,Aleksei Oleinik vs. Fabricio Werdum,Chris Lee,29,28,1,41,-3,-0.03333333333333366,0.0
2020-05-09,UFC 249: Ferguson vs. Gaethje,Carla Esparza vs. Michelle Waterson-Gomez,Dave Tirelli,27,30,0,1,1,0.7666666666666667,0.0
2020-05-09,UFC 249: Ferguson vs. Gaethje,Carla Esparza vs. Michelle Waterson-Gomez,Sal D'Amato,29,28,1,1,1,0.7666666666666667,0.0
2020-05-09,UFC 249: Ferguson vs. Gaethje,Carla Esparza vs. Michelle Waterson-Gomez,Howard Reichbach,30,27,1,1,1,0.7666666666666667,0.0
2020-05-09,UFC 249: Ferguson vs. Gaethje,Bryce Mitchell vs. Charles Rosa,Barry Luxenberg,30,25,1,35,3,12.850000000000001,0.0
2020-05-09,UFC 249: Ferguson vs. Gaethje,Bryce Mitchell vs. Charles Rosa,Troy Wincapaw,30,25,1,35,3,12.850000000000001,0.0
2020-05-09,UFC 249: Ferguson vs. Gaethje,Bryce Mitchell vs. Charles Rosa,Derek Cleary,30,24,1,35,3,12.850000000000001,0.0
2020-05-09,UFC 249: Ferguson vs. Gaethje,Ryan Spann vs. Sam Alvey,Sal D'Amato,29,28,1,-6,2,2.533333333333333,0.0
2020-05-09,UFC 249: Ferguson vs. Gaethje,Ryan Spann vs. Sam Alvey,Dave Tirelli,29,28,1,-6,2,2.533333333333333,0.0
2020-05-09,UFC 249: Ferguson vs. Gaethje,Ryan Spann vs. Sam Alvey,Chris Lee,28,29,0,-6,2,2.533333333333333,0.0
2020-03-14,UFC Fight Night: Lee vs. Oliveira,Johnny Walker vs. Nikita Krylov,Joseph Terrell,27,30,0,-8,-3,-8.883333333333333,0.0
2020-03-14,UFC Fight Night: Lee vs. Oliveira,Johnny Walker vs. Nikita Krylov,Sal D'Amato,28,29,0,-8,-3,-8.883333333333333,0.0
2020-03-14,UFC Fight Night: Lee vs. Oliveira,Johnny Walker vs. Nikita Krylov,Mike Bell,28,29,0,-8,-3,-8.883333333333333,0.0
2020-03-14,UFC Fight Night: Lee vs. Oliveira,Francisco Trinaldo vs. John Makdessi,Sal D'Amato,30,27,1,-12,0,0.0,0.0
2020-03-14,UFC Fight Night: Lee vs. Oliveira,Francisco Trinaldo vs. John Makdessi,Joseph Terrell,30,27,1,-12,0,0.0,0.0
2020-03-14,UFC Fight Night: Lee vs. Oliveira,Francisco Trinaldo vs. John Makdessi,Mike Bell,29,28,1,-12,0,0.0,0.0
2020-03-14,UFC Fight Night: Lee vs. Oliveira,Jussier Formiga vs. Brandon Moreno,Guilherme Bravo,27,30,0,-18,1,0.43333333333333357,0.0
2020-03-14,UFC Fight Night: Lee vs. Oliveira,Jussier Formiga vs. Brandon Moreno,Sal D'Amato,28,29,0,-18,1,0.43333333333333357,0.0
2020-03-14,UFC Fight Night: Lee vs. Oliveira,Jussier Formiga vs. Brandon Moreno,Hallison Pontes,28,29,0,-18,1,0.43333333333333357,0.0
2020-03-14,UFC Fight Night: Lee vs. Oliveira,Amanda Ribas vs. Randa Markos,Mike Bell,30,26,1,49,0,6.4,0.0
2020-03-14,UFC Fight Night: Lee vs. Oliveira,Amanda Ribas vs. Randa Markos,Hallison Pontes,30,25,1,49,0,6.4,0.0
2020-03-14,UFC Fight Night: Lee vs. Oliveira,Amanda Ribas vs. Randa Markos,Joseph Terrell,30,25,1,49,0,6.4,0.0
2020-03-14,UFC Fight Night: Lee vs. Oliveira,Elizeu Zaleski dos Santos vs. Aleksei Kunchenko,Sal D'Amato,29,28,1,5,2,2.1166666666666667,0.0
2020-03-14,UFC Fight Night: Lee vs. Oliveira,Elizeu Zaleski dos Santos vs. Aleksei Kunchenko,Joseph Terrell,29,28,1,5,2,2.1166666666666667,0.0
2020-03-14,UFC Fight Night: Lee vs. Oliveira,Elizeu Zaleski dos Santos vs. Aleksei Kunchenko,Guilherme Bravo,29,28,1,5,2,2.1166666666666667,0.0
2020-03-14,UFC Fight Night: Lee vs. Oliveira,Mayra Bueno Silva vs. Maryna Moroz,Sal D'Amato,28,29,0,-51,-2,-3.716666666666667,0.0
2020-03-14,UFC Fight Night: Lee vs. Oliveira,Mayra Bueno Silva vs. Maryna Moroz,Joseph Terrell,28,29,0,-51,-2,-3.716666666666667,0.0
2020-03-14,UFC Fight Night: Lee vs. Oliveira,Mayra Bueno Silva vs. Maryna Moroz,Mike Bell,28,29,0,-51,-2,-3.716666666666667,0.0
2020-03-14,UFC Fight Night: Lee vs. Oliveira,Bruno Silva vs. David Dvorak,Mike Bell,28,29,0,-22,3,0.33333333333333326,0.0
2020-03-14,UFC Fight Night: Lee vs. Oliveira,Bruno Silva vs. David Dvorak,Hallison Pontes,28,29,0,-22,3,0.33333333333333326,0.0
2020-03-14,UFC Fight Night: Lee vs. Oliveira,Bruno Silva vs. David Dvorak,Guilherme Bravo,28,29,0,-22,3,0.33333333333333326,0.0
2020-03-14,UFC Fight Night: Lee vs. Oliveira,Veronica Hardy vs. Bea Malecki,Sal D'Amato,28,29,0,-37,0,-3.183333333333333,0.0
2020-03-14,UFC Fight Night: Lee vs. Oliveira,Veronica Hardy vs. Bea Malecki,Joseph Terrell,28,29,0,-37,0,-3.183333333333333,0.0
2020-03-14,UFC Fight Night: Lee vs. Oliveira,Veronica Hardy vs. Bea Malecki,Hallison Pontes,28,29,0,-37,0,-3.183333333333333,0.0
2020-03-07,UFC 248: Adesanya vs. Romero,Israel Adesanya vs. Yoel Romero,Chris Lee,49,46,1,8,0,0.0,0.0
2020-03-07,UFC 248: Adesanya vs. Romero,Israel Adesanya vs. Yoel Romero,Sal D'Amato,48,47,1,8,0,0.0,0.0
2020-03-07,UFC 248: Adesanya vs. Romero,Israel Adesanya vs. Yoel Romero,Ron McCarthy,48,47,1,8,0,0.0,0.0
2020-03-07,UFC 248: Adesanya vs. Romero,Zhang Weili vs. Joanna Jedrzejczyk,Mike Bell,48,47,1,-21,1,0.19999999999999996,0.0
2020-03-07,UFC 248: Adesanya vs. Romero,Zhang Weili vs. Joanna Jedrzejczyk,Eric Colon,47,48,0,-21,1,0.19999999999999996,0.0
2020-03-07,UFC 248: Adesanya vs. Romero,Zhang Weili vs. Joanna Jedrzejczyk,Derek Cleary,48,47,1,-21,1,0.19999999999999996,0.0
2020-03-07,UFC 248: Adesanya vs. Romero,Neil Magny vs. Li Jingliang,Derek Cleary,30,27,1,58,2,1.4333333333333331,0.0
2020-03-07,UFC 248: Adesanya vs. Romero,Neil Magny vs. Li Jingliang,Eric Colon,30,27,1,58,2,1.4333333333333331,0.0
2020-03-07,UFC 248: Adesanya vs. Romero,Neil Magny vs. Li Jingliang,Junichiro Kamijo,30,27,1,58,2,1.4333333333333331,0.0
2020-03-07,UFC 248: Adesanya vs. Romero,Alex Oliveira vs. Max Griffin,Chris Lee,29,28,1,17,-1,-2.0666666666666673,0.0
2020-03-07,UFC 248: Adesanya vs. Romero,Alex Oliveira vs. Max Griffin,Sal D'Amato,28,29,0,17,-1,-2.0666666666666673,0.0
2020-03-07,UFC 248: Adesanya vs. Romero,Alex Oliveira vs. Max Griffin,Dave Hagen,29,28,1,17,-1,-2.0666666666666673,0.0
2020-03-07,UFC 248: Adesanya vs. Romero,Mark Madsen vs. Austin Hubbard,Eric Colon,29,28,1,-26,8,8.016666666666667,0.0
2020-03-07,UFC 248: Adesanya vs. Romero,Mark Madsen vs. Austin Hubbard,Dave Hagen,29,28,1,-26,8,8.016666666666667,0.0
2020-03-07,UFC 248: Adesanya vs. Romero,Mark Madsen vs. Austin Hubbard,Ron McCarthy,29,28,1,-26,8,8.016666666666667,0.0
2020-03-07,UFC 248: Adesanya vs. Romero,Giga Chikadze vs. Jamall Emmers,Tony Weeks,28,29,0,-16,-2,-1.7333333333333332,0.0
2020-03-07,UFC 248: Adesanya vs. Romero,Giga Chikadze vs. Jamall Emmers,Junichiro Kamijo,29,28,1,-16,-2,-1.7333333333333332,0.0
2020-03-07,UFC 248: Adesanya vs. Romero,Giga Chikadze vs. Jamall Emmers,Eric Colon,29,28,1,-16,-2,-1.7333333333333332,0.0
2020-02-29,UFC Fight Night: Benavidez vs. Figueiredo,Gabriel Silva vs. Kyler Phillips,Sal D'Amato,27,30,0,-58,0,-3.4000000000000004,0.0
2020-02-29,UFC Fight Night: Benavidez vs. Figueiredo,Gabriel Silva vs. Kyler Phillips,Lisa Cuellar,27,30,0,-58,0,-3.4000000000000004,0.0
2020-02-29,UFC Fight Night: Benavidez vs. Figueiredo,Gabriel Silva vs. Kyler Phillips,Brian Costello,27,30,0,-58,0,-3.4000000000000004,0.0
2020-02-29,UFC Fight Night: Benavidez vs. Figueiredo,Marcin Tybura vs. Serghei Spivac,Brian Costello,30,27,1,17,2,8.383333333333333,0.0
2020-02-29,UFC Fight Night: Benavidez vs. Figueiredo,Marcin Tybura vs. Serghei Spivac,Sal D'Amato,30,27,1,17,2,8.383333333333333,0.0
2020-02-29,UFC Fight Night: Benavidez vs. Figueiredo,Marcin Tybura vs. Serghei Spivac,Lisa Cuellar,29,28,1,17,2,8.383333333333333,0.0
2020-02-29,UFC Fight Night: Benavidez vs. Figueiredo,Luis Pena vs. Steve Garcia,Chris Lee,30,27,1,6,-1,13.8,0.0
2020-02-29,UFC Fight Night: Benavidez vs. Figueiredo,Luis Pena vs. Steve Garcia,Lisa Cuellar,30,27,1,6,-1,13.8,0.0
2020-02-29,UFC Fight Night: Benavidez vs. Figueiredo,Luis Pena vs. Steve Garcia,Brian Costello,30,27,1,6,-1,13.8,0.0
2020-02-29,UFC Fight Night: Benavidez vs. Figueiredo,Sean Brady vs. Ismail Naurdiev,Brian Costello,29,28,1,10,4,7.633333333333334,0.0
2020-02-29,UFC Fight Night: Benavidez vs. Figueiredo,Sean Brady vs. Ismail Naurdiev,Chris Lee,29,27,1,10,4,7.633333333333334,0.0
2020-02-29,UFC Fight Night: Benavidez vs. Figueiredo,Sean Brady vs. Ismail Naurdiev,Lisa Cuellar,30,27,1,10,4,7.633333333333334,0.0
2020-02-22,UFC Fight Night: Felder vs. Hooker,Paul Felder vs. Dan Hooker,Barry Foley,48,47,1,-12,-1,-5.033333333333333,0.0
2020-02-22,UFC Fight Night: Felder vs. Hooker,Paul Felder vs. Dan Hooker,Howard Hughes,47,48,0,-12,-1,-5.033333333333333,0.0
2020-02-22,UFC Fight Night: Felder vs. Hooker,Paul Felder vs. Dan Hooker,David Lethaby,47,48,0,-12,-1,-5.033333333333333,0.0
2020-02-22,UFC Fight Night: Felder vs. Hooker,Karolina Kowalkiewicz vs. Yan Xiaonan,Luke Hill,26,30,0,-55,-5,-3.3499999999999996,0.0
2020-02-22,UFC Fight Night: Felder vs. Hooker,Karolina Kowalkiewicz vs. Yan Xiaonan,Howard Hughes,26,30,0,-55,-5,-3.3499999999999996,0.0
2020-02-22,UFC Fight Night: Felder vs. Hooker,Karolina Kowalkiewicz vs. Yan Xiaonan,David Lethaby,26,30,0,-55,-5,-3.3499999999999996,0.0
2020-02-22,UFC Fight Night: Felder vs. Hooker,Brad Riddell vs. Magomed Mustafaev,Howie Booth,29,28,1,10,-7,-4.966666666666667,1.0
2020-02-22,UFC Fight Night: Felder vs. Hooker,Brad Riddell vs. Magomed Mustafaev,Barry Foley,28,29,0,10,-7,-4.966666666666667,1.0
2020-02-22,UFC Fight Night: Felder vs. Hooker,Brad Riddell vs. Magomed Mustafaev,Luke Hill,29,28,1,10,-7,-4.966666666666667,1.0
2020-02-22,UFC Fight Night: Felder vs. Hooker,Jake Matthews vs. Emil Meek,Howie Booth,29,28,1,-17,4,8.4,1.0
2020-02-22,UFC Fight Night: Felder vs. Hooker,Jake Matthews vs. Emil Meek,Barry Foley,29,28,1,-17,4,8.4,1.0
2020-02-22,UFC Fight Night: Felder vs. Hooker,Jake Matthews vs. Emil Meek,Mark Rodgers,29,28,1,-17,4,8.4,1.0
2020-02-22,UFC Fight Night: Felder vs. Hooker,Kai Kara-France vs. Tyson Nam,Barry Foley,30,27,1,28,0,-0.5666666666666667,0.0
2020-02-22,UFC Fight Night: Felder vs. Hooker,Kai Kara-France vs. Tyson Nam,Richie Gerrard,30,27,1,28,0,-0.5666666666666667,0.0
2020-02-22,UFC Fight Night: Felder vs. Hooker,Kai Kara-France vs. Tyson Nam,Lereapii Taia,30,27,1,28,0,-0.5666666666666667,0.0
2020-02-22,UFC Fight Night: Felder vs. Hooker,Loma Lookboonmee vs. Angela Hill,Howie Booth,28,29,0,5,0,-1.6,0.0
2020-02-22,UFC Fight Night: Felder vs. Hooker,Loma Lookboonmee vs. Angela Hill,Mark Rodgers,28,29,0,5,0,-1.6,0.0
2020-02-22,UFC Fight Night: Felder vs. Hooker,Loma Lookboonmee vs. Angela Hill,David Lethaby,27,30,0,5,0,-1.6,0.0
2020-02-15,UFC Fight Night: Anderson vs. Blachowicz,Montana De La Rosa vs. Mara Romero Borella,Derek Cleary,30,27,1,4,0,6.7,1.0
2020-02-15,UFC Fight Night: Anderson vs. Blachowicz,Montana De La Rosa vs. Mara Romero Borella,Sal D'Amato,30,27,1,4,0,6.7,1.0
2020-02-15,UFC Fight Night: Anderson vs. Blachowicz,Montana De La Rosa vs. Mara Romero Borella,Ester Lopez,30,27,1,4,0,6.7,1.0
2020-02-15,UFC Fight Night: Anderson vs. Blachowicz,Rogerio Bontorin vs. Ray Borg,Kenny Ortiz,27,30,0,-26,-10,-9.633333333333335,0.0
2020-02-15,UFC Fight Night: Anderson vs. Blachowicz,Rogerio Bontorin vs. Ray Borg,Glenn Trowbridge,27,30,0,-26,-10,-9.633333333333335,0.0
2020-02-15,UFC Fight Night: Anderson vs. Blachowicz,Rogerio Bontorin vs. Ray Borg,Derek Cleary,25,30,0,-26,-10,-9.633333333333335,0.0
2020-02-15,UFC Fight Night: Anderson vs. Blachowicz,Lando Vannata vs. Yancy Medeiros,Tony Weeks,30,27,1,31,0,0.06666666666666667,0.0
2020-02-15,UFC Fight Night: Anderson vs. Blachowicz,Lando Vannata vs. Yancy Medeiros,Ester Lopez,30,27,1,31,0,0.06666666666666667,0.0
2020-02-15,UFC Fight Night: Anderson vs. Blachowicz,Lando Vannata vs. Yancy Medeiros,Derek Cleary,30,27,1,31,0,0.06666666666666667,0.0
2020-02-15,UFC Fight Night: Anderson vs. Blachowicz,Jim Miller vs. Scott Holtzman,Sal D'Amato,27,30,0,-30,-1,-4.5,0.0
2020-02-15,UFC Fight Night: Anderson vs. Blachowicz,Jim Miller vs. Scott Holtzman,Ester Lopez,28,29,0,-30,-1,-4.5,0.0
2020-02-15,UFC Fight Night: Anderson vs. Blachowicz,Jim Miller vs. Scott Holtzman,Tony Weeks,28,29,0,-30,-1,-4.5,0.0
2020-02-15,UFC Fight Night: Anderson vs. Blachowicz,Devin Clark vs. Dequan Townsend,Kenny Ortiz,30,27,1,33,3,10.1,0.0
2020-02-15,UFC Fight Night: Anderson vs. Blachowicz,Devin Clark vs. Dequan Townsend,Mark Sanchez,30,26,1,33,3,10.1,0.0
2020-02-15,UFC Fight Night: Anderson vs. Blachowicz,Devin Clark vs. Dequan Townsend,Glenn Trowbridge,30,26,1,33,3,10.1,0.0
2020-02-15,UFC Fight Night: Anderson vs. Blachowicz,Casey Kenney vs. Merab Dvalishvili,Sal D'Amato,27,30,0,-18,-12,-5.616666666666666,0.0
2020-02-15,UFC Fight Night: Anderson vs. Blachowicz,Casey Kenney vs. Merab Dvalishvili,Ester Lopez,25,30,0,-18,-12,-5.616666666666666,0.0
2020-02-15,UFC Fight Night: Anderson vs. Blachowicz,Casey Kenney vs. Merab Dvalishvili,Derek Cleary,28,29,0,-18,-12,-5.616666666666666,0.0
2020-02-15,UFC Fight Night: Anderson vs. Blachowicz,Macy Chiasson vs. Shanna Young,Mark Sanchez,30,26,1,46,3,8.183333333333334,0.0
2020-02-15,UFC Fight Night: Anderson vs. Blachowicz,Macy Chiasson vs. Shanna Young,Glenn Trowbridge,30,26,1,46,3,8.183333333333334,0.0
2020-02-15,UFC Fight Night: Anderson vs. Blachowicz,Macy Chiasson vs. Shanna Young,Tony Weeks,30,26,1,46,3,8.183333333333334,0.0
2020-02-08,UFC 247: Jones vs. Reyes,Jon Jones vs. Dominick Reyes,Marcos Rosales,48,47,1,-12,2,1.6833333333333333,0.0
2020-02-08,UFC 247: Jones vs. Reyes,Jon Jones vs. Dominick Reyes,Chris Lee,48,47,1,-12,2,1.6833333333333333,0.0
2020-02-08,UFC 247: Jones vs. Reyes,Jon Jones vs. Dominick Reyes,Joe Soliz,49,46,1,-12,2,1.6833333333333333,0.0
2020-02-08,UFC 247: Jones vs. Reyes,Mirsad Bektic vs. Dan Ige,Marcos Rosales,28,29,0,-26,2,5.65,0.0
2020-02-08,UFC 247: Jones vs. Reyes,Mirsad Bektic vs. Dan Ige,Patrick Patlan,29,28,1,-26,2,5.65,0.0
2020-02-08,UFC 247: Jones vs. Reyes,Mirsad Bektic vs. Dan Ige,Joshua Ferraro,28,29,0,-26,2,5.65,0.0
2020-02-08,UFC 247: Jones vs. Reyes,Derrick Lewis vs. Ilir Latifi,Danny De Alejandro,29,28,1,15,-3,-8.133333333333333,0.0
2020-02-08,UFC 247: Jones vs. Reyes,Derrick Lewis vs. Ilir Latifi,Robert Alexander,29,28,1,15,-3,-8.133333333333333,0.0
2020-02-08,UFC 247: Jones vs. Reyes,Derrick Lewis vs. Ilir Latifi,Chris Lee,29,28,1,15,-3,-8.133333333333333,0.0
2020-02-08,UFC 247: Jones vs. Reyes,Trevin Giles vs. James Krause,Joe Soliz,29,28,1,27,-1,-0.23333333333333295,0.0
2020-02-08,UFC 247: Jones vs. Reyes,Trevin Giles vs. James Krause,Patrick Patlan,28,29,0,27,-1,-0.23333333333333295,0.0
2020-02-08,UFC 247: Jones vs. Reyes,Trevin Giles vs. James Krause,Joshua Ferraro,29,28,1,27,-1,-0.23333333333333295,0.0
2020-02-08,UFC 247: Jones vs. Reyes,Lauren Murphy vs. Andrea Lee,Patrick Patlan,29,28,1,-24,2,1.9,0.0
2020-02-08,UFC 247: Jones vs. Reyes,Lauren Murphy vs. Andrea Lee,Chris Lee,28,29,0,-24,2,1.9,0.0
2020-02-08,UFC 247: Jones vs. Reyes,Lauren Murphy vs. Andrea Lee,Danny De Alejandro,30,27,1,-24,2,1.9,0.0
2020-02-08,UFC 247: Jones vs. Reyes,Andre Ewell vs. Jonathan Martinez,Danny De Alejandro,29,28,1,14,0,-1.4666666666666666,0.0
2020-02-08,UFC 247: Jones vs. Reyes,Andre Ewell vs. Jonathan Martinez,Joe Soliz,30,27,1,14,0,-1.4666666666666666,0.0
2020-02-08,UFC 247: Jones vs. Reyes,Andre Ewell vs. Jonathan Martinez,Joshua Ferraro,28,29,0,14,0,-1.4666666666666666,0.0
2020-02-08,UFC 247: Jones vs. Reyes,Austin Lingo vs. Youssef Zalal,Robin Williams,27,30,0,-19,-5,-5.216666666666666,0.0
2020-02-08,UFC 247: Jones vs. Reyes,Austin Lingo vs. Youssef Zalal,Robert Alexander,27,30,0,-19,-5,-5.216666666666666,0.0
2020-02-08,UFC 247: Jones vs. Reyes,Austin Lingo vs. Youssef Zalal,Chris Lee,27,30,0,-19,-5,-5.216666666666666,0.0
2020-01-25,UFC Fight Night: Blaydes vs. Dos Santos,Rafael Dos Anjos vs. Michael Chiesa,Tony Weeks,27,30,0,5,-6,-9.516666666666667,0.0
2020-01-25,UFC Fight Night: Blaydes vs. Dos Santos,Rafael Dos Anjos vs. Michael Chiesa,Chris Lee,28,29,0,5,-6,-9.516666666666667,0.0
2020-01-25,UFC Fight Night: Blaydes vs. Dos Santos,Rafael Dos Anjos vs. Michael Chiesa,Eric Colon,28,29,0,5,-6,-9.516666666666667,0.0
2020-01-25,UFC Fight Night: Blaydes vs. Dos Santos,Jamahal Hill vs. Darko Stosic,Chris Lee,29,28,1,70,-6,-2.2666666666666666,0.0
2020-01-25,UFC Fight Night: Blaydes vs. Dos Santos,Jamahal Hill vs. Darko Stosic,Tiffany Sorber,29,28,1,70,-6,-2.2666666666666666,0.0
2020-01-25,UFC Fight Night: Blaydes vs. Dos Santos,Jamahal Hill vs. Darko Stosic,Tony Weeks,29,28,1,70,-6,-2.2666666666666666,0.0
2020-01-25,UFC Fight Night: Blaydes vs. Dos Santos,Bevon Lewis vs. Dequan Townsend,Eric Colon,30,27,1,8,0,8.333333333333334,0.0
2020-01-25,UFC Fight Night: Blaydes vs. Dos Santos,Bevon Lewis vs. Dequan Townsend,Sal D'Amato,30,27,1,8,0,8.333333333333334,0.0
2020-01-25,UFC Fight Night: Blaydes vs. Dos Santos,Bevon Lewis vs. Dequan Townsend,Tony Weeks,30,27,1,8,0,8.333333333333334,0.0
2020-01-25,UFC Fight Night: Blaydes vs. Dos Santos,Arnold Allen vs. Nik Lentz,Derek Cleary,29,28,1,14,0,0.06666666666666665,0.0
2020-01-25,UFC Fight Night: Blaydes vs. Dos Santos,Arnold Allen vs. Nik Lentz,Tiffany Sorber,29,28,1,14,0,0.06666666666666665,0.0
2020-01-25,UFC Fight Night: Blaydes vs. Dos Santos,Arnold Allen vs. Nik Lentz,Chris Lee,30,27,1,14,0,0.06666666666666665,0.0
2020-01-25,UFC Fight Night: Blaydes vs. Dos Santos,Justine Kish vs. Lucie Pudilova,Eric Colon,30,27,1,33,1,0.41666666666666663,0.0
2020-01-25,UFC Fight Night: Blaydes vs. Dos Santos,Justine Kish vs. Lucie Pudilova,David Ebert,30,27,1,33,1,0.41666666666666663,0.0
2020-01-25,UFC Fight Night: Blaydes vs. Dos Santos,Justine Kish vs. Lucie Pudilova,Tony Weeks,30,27,1,33,1,0.41666666666666663,0.0
2020-01-25,UFC Fight Night: Blaydes vs. Dos Santos,Montel Jackson vs. Felipe Colares,Derek Cleary,30,26,1,68,10,9.299999999999999,1.0
2020-01-25,UFC Fight Night: Blaydes vs. Dos Santos,Montel Jackson vs. Felipe Colares,Tiffany Sorber,30,26,1,68,10,9.299999999999999,1.0
2020-01-25,UFC Fight Night: Blaydes vs. Dos Santos,Montel Jackson vs. Felipe Colares,Sal D'Amato,30,25,1,68,10,9.299999999999999,1.0
2020-01-25,UFC Fight Night: Blaydes vs. Dos Santos,Sara McMann vs. Lina Lansberg,David Ebert,30,27,1,37,3,13.366666666666667,0.0
2020-01-25,UFC Fight Night: Blaydes vs. Dos Santos,Sara McMann vs. Lina Lansberg,Chris Lee,30,26,1,37,3,13.366666666666667,0.0
2020-01-25,UFC Fight Night: Blaydes vs. Dos Santos,Sara McMann vs. Lina Lansberg,Eric Colon,30,25,1,37,3,13.366666666666667,0.0
2020-01-18,UFC 246: McGregor vs. Cowboy,Holly Holm vs. Raquel Pennington,Mike Bell,29,28,1,-8,-1,6.233333333333333,0.0
2020-01-18,UFC 246: McGregor vs. Cowboy,Holly Holm vs. Raquel Pennington,Eric Colon,30,27,1,-8,-1,6.233333333333333,0.0
2020-01-18,UFC 246: McGregor vs. Cowboy,Holly Holm vs. Raquel Pennington,Ron McCarthy,30,27,1,-8,-1,6.233333333333333,0.0
2020-01-18,UFC 246: McGregor vs. Cowboy,Roxanne Modafferi vs. Maycee Barber,Eric Colon,30,27,1,3,1,8.25,1.0
2020-01-18,UFC 246: McGregor vs. Cowboy,Roxanne Modafferi vs. Maycee Barber,Sal D'Amato,30,27,1,3,1,8.25,1.0
2020-01-18,UFC 246: McGregor vs. Cowboy,Roxanne Modafferi vs. Maycee Barber,Dave Hagen,30,26,1,3,1,8.25,1.0
2020-01-18,UFC 246: McGregor vs. Cowboy,Andre Fili vs. Sodiq Yusuff,Chris Lee,28,29,0,-24,3,-2.1500000000000004,0.0
2020-01-18,UFC 246: McGregor vs. Cowboy,Andre Fili vs. Sodiq Yusuff,Derek Cleary,28,29,0,-24,3,-2.1500000000000004,0.0
2020-01-18,UFC 246: McGregor vs. Cowboy,Andre Fili vs. Sodiq Yusuff,Adalaide Byrd,28,29,0,-24,3,-2.1500000000000004,0.0
2020-01-18,UFC 246: McGregor vs. Cowboy,Tim Elliott vs. Askar Askarov,Mike Bell,28,29,0,-26,3,-2.05,0.0
2020-01-18,UFC 246: McGregor vs. Cowboy,Tim Elliott vs. Askar Askarov,Sal D'Amato,27,30,0,-26,3,-2.05,0.0
2020-01-18,UFC 246: McGregor vs. Cowboy,Tim Elliott vs. Askar Askarov,Dave Hagen,27,30,0,-26,3,-2.05,0.0
2020-01-18,UFC 246: McGregor vs. Cowboy,Aleksa Camur vs. Justin Ledet,Derek Cleary,29,28,1,36,1,-1.2333333333333334,0.0
2020-01-18,UFC 246: McGregor vs. Cowboy,Aleksa Camur vs. Justin Ledet,Ron McCarthy,30,27,1,36,1,-1.2333333333333334,0.0
2020-01-18,UFC 246: McGregor vs. Cowboy,Aleksa Camur vs. Justin Ledet,Tony Weeks,30,27,1,36,1,-1.2333333333333334,0.0
2020-01-18,UFC 246: McGregor vs. Cowboy,Sabina Mazo vs. JJ Aldrich,Junichiro Kamijo,29,28,1,60,0,1.9666666666666666,0.0
2020-01-18,UFC 246: McGregor vs. Cowboy,Sabina Mazo vs. JJ Aldrich,Chris Lee,28,29,0,60,0,1.9666666666666666,0.0
2020-01-18,UFC 246: McGregor vs. Cowboy,Sabina Mazo vs. JJ Aldrich,Adalaide Byrd,29,28,1,60,0,1.9666666666666666,0.0
2019-12-21,UFC Fight Night: Edgar vs. The Korean Zombie,Volkan Oezdemir vs. Aleksandar Rakic,Mark Collett,29,28,1,-12,-1,-2.1,0.0
2019-12-21,UFC Fight Night: Edgar vs. The Korean Zombie,Volkan Oezdemir vs. Aleksandar Rakic,Evan Field,28,29,0,-12,-1,-2.1,0.0
2019-12-21,UFC Fight Night: Edgar vs. The Korean Zombie,Volkan Oezdemir vs. Aleksandar Rakic,Anthony Dimitriou,29,28,1,-12,-1,-2.1,0.0
2019-12-21,UFC Fight Night: Edgar vs. The Korean Zombie,JunYong Park vs. Marc-Andre Barriault,Evan Field,30,27,1,26,5,3.316666666666667,0.0
2019-12-21,UFC Fight Night: Edgar vs. The Korean Zombie,JunYong Park vs. Marc-Andre Barriault,Anthony Dimitriou,29,28,1,26,5,3.316666666666667,0.0
2019-12-21,UFC Fight Night: Edgar vs. The Korean Zombie,JunYong Park vs. Marc-Andre Barriault,Mark Collett,29,28,1,26,5,3.316666666666667,0.0
2019-12-21,UFC Fight Night: Edgar vs. The Korean Zombie,Kyung Ho Kang vs. Pingyuan Liu,Ben Cartlidge,29,28,1,-5,3,12.1,0.0
2019-12-21,UFC Fight Night: Edgar vs. The Korean Zombie,Kyung Ho Kang vs. Pingyuan Liu,Evan Field,28,29,0,-5,3,12.1,0.0
2019-12-21,UFC Fight Night: Edgar vs. The Korean Zombie,Kyung Ho Kang vs. Pingyuan Liu,Paul Sutherland,30,27,1,-5,3,12.1,0.0
2019-12-21,UFC Fight Night: Edgar vs. The Korean Zombie,Ciryl Gane vs. Tanner Boser,Mark Collett,30,26,1,33,0,0.0,0.0
2019-12-21,UFC Fight Night: Edgar vs. The Korean Zombie,Ciryl Gane vs. Tanner Boser,Anthony Dimitriou,30,26,1,33,0,0.0,0.0
2019-12-21,UFC Fight Night: Edgar vs. The Korean Zombie,Ciryl Gane vs. Tanner Boser,Evan Field,30,26,1,33,0,0.0,0.0
2019-12-21,UFC Fight Night: Edgar vs. The Korean Zombie,SeungWoo Choi vs. Suman Mokhtarian,Ben Cartlidge,29,26,1,62,0,6.333333333333333,1.0
2019-12-21,UFC Fight Night: Edgar vs. The Korean Zombie,SeungWoo Choi vs. Suman Mokhtarian,Evan Field,29,26,1,62,0,6.333333333333333,1.0
2019-12-21,UFC Fight Night: Edgar vs. The Korean Zombie,SeungWoo Choi vs. Suman Mokhtarian,Paul Sutherland,29,25,1,62,0,6.333333333333333,1.0
2019-12-21,UFC Fight Night: Edgar vs. The Korean Zombie,Dong Hyun Ma vs. Omar Morales,Anthony Dimitriou,26,30,0,-17,-1,-6.083333333333333,-1.0
2019-12-21,UFC Fight Night: Edgar vs. The Korean Zombie,Dong Hyun Ma vs. Omar Morales,Mark Collett,27,30,0,-17,-1,-6.083333333333333,-1.0
2019-12-21,UFC Fight Night: Edgar vs. The Korean Zombie,Dong Hyun Ma vs. Omar Morales,Paul Sutherland,28,29,0,-17,-1,-6.083333333333333,-1.0
2019-12-21,UFC Fight Night: Edgar vs. The Korean Zombie,Raoni Barcelos vs. Said Nurmagomedov,Paul Sutherland,30,27,1,-13,2,2.383333333333333,0.0
2019-12-21,UFC Fight Night: Edgar vs. The Korean Zombie,Raoni Barcelos vs. Said Nurmagomedov,Evan Field,29,28,1,-13,2,2.383333333333333,0.0
2019-12-21,UFC Fight Night: Edgar vs. The Korean Zombie,Raoni Barcelos vs. Said Nurmagomedov,Ben Cartlidge,29,28,1,-13,2,2.383333333333333,0.0
2019-12-21,UFC Fight Night: Edgar vs. The Korean Zombie,Alatengheili vs. Ryan Benoit,Ben Cartlidge,29,28,1,-21,4,3.316666666666667,0.0
2019-12-21,UFC Fight Night: Edgar vs. The Korean Zombie,Alatengheili vs. Ryan Benoit,Evan Field,28,29,0,-21,4,3.316666666666667,0.0
2019-12-21,UFC Fight Night: Edgar vs. The Korean Zombie,Alatengheili vs. Ryan Benoit,Anthony Dimitriou,29,28,1,-21,4,3.316666666666667,0.0
2019-12-14,UFC 245: Usman vs. Covington,Max Holloway vs. Alexander Volkanovski,Mike Bell,47,48,0,-23,0,-0.7,0.0
2019-12-14,UFC 245: Usman vs. Covington,Max Holloway vs. Alexander Volkanovski,Chris Lee,47,48,0,-23,0,-0.7,0.0
2019-12-14,UFC 245: Usman vs. Covington,Max Holloway vs. Alexander Volkanovski,Junichiro Kamijo,45,50,0,-23,0,-0.7,0.0
2019-12-14,UFC 245: Usman vs. Covington,Amanda Nunes vs. Germaine de Randamie,Sal D'Amato,49,44,1,39,8,16.816666666666666,0.0
2019-12-14,UFC 245: Usman vs. Covington,Amanda Nunes vs. Germaine de Randamie,Dave Hagen,49,46,1,39,8,16.816666666666666,0.0
2019-12-14,UFC 245: Usman vs. Covington,Amanda Nunes vs. Germaine de Randamie,Ron McCarthy,49,45,1,39,8,16.816666666666666,0.0
2019-12-14,UFC 245: Usman vs. Covington,Marlon Moraes vs. Jose Aldo,Mark Smith,29,28,1,1,1,0.3333333333333333,0.0
2019-12-14,UFC 245: Usman vs. Covington,Marlon Moraes vs. Jose Aldo,Eric Colon,29,28,1,1,1,0.3333333333333333,0.0
2019-12-14,UFC 245: Usman vs. Covington,Marlon Moraes vs. Jose Aldo,Mike Bell,28,29,0,1,1,0.3333333333333333,0.0
2019-12-14,UFC 245: Usman vs. Covington,Ian Heinisch vs. Omari Akhmedov,Mike Bell,28,29,0,-2,1,0.9666666666666666,0.0
2019-12-14,UFC 245: Usman vs. Covington,Ian Heinisch vs. Omari Akhmedov,Sal D'Amato,28,29,0,-2,1,0.9666666666666666,0.0
2019-12-14,UFC 245: Usman vs. Covington,Ian Heinisch vs. Omari Akhmedov,Ron McCarthy,28,29,0,-2,1,0.9666666666666666,0.0
2019-12-14,UFC 245: Usman vs. Covington,Brandon Moreno vs. Kai Kara-France,Junichiro Kamijo,29,28,1,9,0,0.0,0.0
2019-12-14,UFC 245: Usman vs. Covington,Brandon Moreno vs. Kai Kara-France,Chris Lee,29,28,1,9,0,0.0,0.0
2019-12-14,UFC 245: Usman vs. Covington,Brandon Moreno vs. Kai Kara-France,Mark Smith,30,27,1,9,0,0.0,0.0
2019-12-14,UFC 245: Usman vs. Covington,Jessica Eye vs. Viviane Araujo,Mike Bell,29,28,1,42,-2,-1.5,0.0
2019-12-14,UFC 245: Usman vs. Covington,Jessica Eye vs. Viviane Araujo,Derek Cleary,29,28,1,42,-2,-1.5,0.0
2019-12-14,UFC 245: Usman vs. Covington,Jessica Eye vs. Viviane Araujo,Dave Hagen,29,28,1,42,-2,-1.5,0.0
2019-12-07,UFC Fight Night: Overeem vs. Rozenstruik,Rob Font vs. Ricky Simon,Sal D'Amato,29,28,1,31,-5,-3.1,0.0
2019-12-07,UFC Fight Night: Overeem vs. Rozenstruik,Rob Font vs. Ricky Simon,Brent Colflesh,29,28,1,31,-5,-3.1,0.0
2019-12-07,UFC Fight Night: Overeem vs. Rozenstruik,Rob Font vs. Ricky Simon,David Braslow,30,27,1,31,-5,-3.1,0.0
2019-12-07,UFC Fight Night: Overeem vs. Rozenstruik,Joe Solecki vs. Matt Wiman,David Braslow,30,26,1,46,4,12.383333333333335,0.0
2019-12-07,UFC Fight Night: Overeem vs. Rozenstruik,Joe Solecki vs. Matt Wiman,Sal D'Amato,30,26,1,46,4,12.383333333333335,0.0
2019-12-07,UFC Fight Night: Overeem vs. Rozenstruik,Joe Solecki vs. Matt Wiman,Steve Rados,30,27,1,46,4,12.383333333333335,0.0
2019-11-16,UFC Fight Night: Blachowicz vs. Jacare,Jan Blachowicz vs. Jacare Souza,Chris Lee,48,47,1,51,0,-8.35,0.0
2019-11-16,UFC Fight Night: Blachowicz vs. Jacare,Jan Blachowicz vs. Jacare Souza,Hallison Pontes,47,48,0,51,0,-8.35,0.0
2019-11-16,UFC Fight Night: Blachowicz vs. Jacare,Jan Blachowicz vs. Jacare Souza,Sal D'Amato,48,47,1,51,0,-8.35,0.0
2019-11-16,UFC Fight Night: Blachowicz vs. Jacare,Antonio Arroyo vs. Andre Muniz,Sal D'Amato,27,30,0,7,-2,-0.3333333333333339,0.0
2019-11-16,UFC Fight Night: Blachowicz vs. Jacare,Antonio Arroyo vs. Andre Muniz,Marcelo Vilhena,27,30,0,7,-2,-0.3333333333333339,0.0
2019-11-16,UFC Fight Night: Blachowicz vs. Jacare,Antonio Arroyo vs. Andre Muniz,Chris Lee,27,30,0,7,-2,-0.3333333333333339,0.0
2019-11-16,UFC Fight Night: Blachowicz vs. Jacare,Markus Perez vs. Wellington Turman,Chris Lee,27,30,0,1,-2,-5.35,0.0
2019-11-16,UFC Fight Night: Blachowicz vs. Jacare,Markus Perez vs. Wellington Turman,Marcelo Vilhena,27,30,0,1,-2,-5.35,0.0
2019-11-16,UFC Fight Night: Blachowicz vs. Jacare,Markus Perez vs. Wellington Turman,Guilherme Bravo,27,30,0,1,-2,-5.35,0.0
2019-11-16,UFC Fight Night: Blachowicz vs. Jacare,Francisco Trinaldo vs. King Green,Sal D'Amato,30,27,1,-19,-1,-2.6833333333333336,0.0
2019-11-16,UFC Fight Night: Blachowicz vs. Jacare,Francisco Trinaldo vs. King Green,Marcelo Vilhena,29,28,1,-19,-1,-2.6833333333333336,0.0
2019-11-16,UFC Fight Night: Blachowicz vs. Jacare,Francisco Trinaldo vs. King Green,Guilherme Bravo,29,28,1,-19,-1,-2.6833333333333336,0.0
2019-11-16,UFC Fight Night: Blachowicz vs. Jacare,Douglas Silva de Andrade vs. Renan Barao,Sal D'Amato,30,27,1,16,-2,-2.8499999999999996,0.0
2019-11-16,UFC Fight Night: Blachowicz vs. Jacare,Douglas Silva de Andrade vs. Renan Barao,Marcelo Vilhena,30,27,1,16,-2,-2.8499999999999996,0.0
2019-11-16,UFC Fight Night: Blachowicz vs. Jacare,Douglas Silva de Andrade vs. Renan Barao,Guilherme Bravo,30,26,1,16,-2,-2.8499999999999996,0.0
2019-11-16,UFC Fight Night: Blachowicz vs. Jacare,Ariane da Silva vs. Isabela de Padua,Chris Lee,30,26,1,16,-2,4.15,1.0
2019-11-16,UFC Fight Night: Blachowicz vs. Jacare,Ariane da Silva vs. Isabela de Padua,Hallison Pontes,30,26,1,16,-2,4.15,1.0
2019-11-16,UFC Fight Night: Blachowicz vs. Jacare,Ariane da Silva vs. Isabela de Padua,Guilherme Bravo,29,27,1,16,-2,4.15,1.0
2019-11-16,UFC Fight Night: Blachowicz vs. Jacare,Vanessa Melo vs. Tracy Cortez,Sal D'Amato,27,30,0,-39,-2,-8.733333333333333,0.0
2019-11-16,UFC Fight Night: Blachowicz vs. Jacare,Vanessa Melo vs. Tracy Cortez,Marcelo Vilhena,27,30,0,-39,-2,-8.733333333333333,0.0
2019-11-16,UFC Fight Night: Blachowicz vs. Jacare,Vanessa Melo vs. Tracy Cortez,Hallison Pontes,27,29,0,-39,-2,-8.733333333333333,0.0
2019-11-09,UFC Fight Night: Zabit vs. Kattar,Zabit Magomedsharipov vs. Calvin Kattar,Mark Collett,29,28,1,16,1,0.8666666666666667,0.0
2019-11-09,UFC Fight Night: Zabit vs. Kattar,Zabit Magomedsharipov vs. Calvin Kattar,David Lethaby,29,28,1,16,1,0.8666666666666667,0.0
2019-11-09,UFC Fight Night: Zabit vs. Kattar,Zabit Magomedsharipov vs. Calvin Kattar,Paul Sutherland,29,28,1,16,1,0.8666666666666667,0.0
2019-11-09,UFC Fight Night: Zabit vs. Kattar,Alexander Volkov vs. Greg Hardy,Lukasz Bosacki,30,27,1,40,0,0.0,0.0
2019-11-09,UFC Fight Night: Zabit vs. Kattar,Alexander Volkov vs. Greg Hardy,Howard Hughes,30,27,1,40,0,0.0,0.0
2019-11-09,UFC Fight Night: Zabit vs. Kattar,Alexander Volkov vs. Greg Hardy,Clemens Werner,30,27,1,40,0,0.0,0.0
2019-11-09,UFC Fight Night: Zabit vs. Kattar,Khadis Ibragimov vs. Ed Herman,Lukasz Bosacki,27,30,0,-28,2,3.9000000000000004,0.0
2019-11-09,UFC Fight Night: Zabit vs. Kattar,Khadis Ibragimov vs. Ed Herman,Magomed Magomedov,27,30,0,-28,2,3.9000000000000004,0.0
2019-11-09,UFC Fight Night: Zabit vs. Kattar,Khadis Ibragimov vs. Ed Herman,Howard Hughes,28,29,0,-28,2,3.9000000000000004,0.0
2019-11-09,UFC Fight Night: Zabit vs. Kattar,Ramazan Emeev vs. Anthony Rocco Martin,Mark Collett,27,30,0,-11,0,2.5500000000000003,0.0
2019-11-09,UFC Fight Night: Zabit vs. Kattar,Ramazan Emeev vs. Anthony Rocco Martin,David Lethaby,28,29,0,-11,0,2.5500000000000003,0.0
2019-11-09,UFC Fight Night: Zabit vs. Kattar,Ramazan Emeev vs. Anthony Rocco Martin,Clemens Werner,28,29,0,-11,0,2.5500000000000003,0.0
2019-11-09,UFC Fight Night: Zabit vs. Kattar,Shamil Gamzatov vs. Klidson Abreu,Howard Hughes,29,28,1,32,-1,-1.5666666666666667,0.0
2019-11-09,UFC Fight Night: Zabit vs. Kattar,Shamil Gamzatov vs. Klidson Abreu,Lukasz Bosacki,28,29,0,32,-1,-1.5666666666666667,0.0
2019-11-09,UFC Fight Night: Zabit vs. Kattar,Shamil Gamzatov vs. Klidson Abreu,Paul Sutherland,29,28,1,32,-1,-1.5666666666666667,0.0
2019-11-09,UFC Fight Night: Zabit vs. Kattar,Rustam Khabilov vs. Sergey Khandozhko,Lukasz Bosacki,30,27,1,-13,4,10.483333333333333,0.0
2019-11-09,UFC Fight Night: Zabit vs. Kattar,Rustam Khabilov vs. Sergey Khandozhko,Magomed Magomedov,29,28,1,-13,4,10.483333333333333,0.0
2019-11-09,UFC Fight Night: Zabit vs. Kattar,Rustam Khabilov vs. Sergey Khandozhko,Paul Sutherland,29,28,1,-13,4,10.483333333333333,0.0
2019-11-09,UFC Fight Night: Zabit vs. Kattar,Alexander Yakovlev vs. Roosevelt Roberts,Lukasz Porebski,28,29,0,-8,3,4.416666666666666,0.0
2019-11-09,UFC Fight Night: Zabit vs. Kattar,Alexander Yakovlev vs. Roosevelt Roberts,Howard Hughes,28,29,0,-8,3,4.416666666666666,0.0
2019-11-09,UFC Fight Night: Zabit vs. Kattar,Alexander Yakovlev vs. Roosevelt Roberts,Clemens Werner,28,29,0,-8,3,4.416666666666666,0.0
2019-11-09,UFC Fight Night: Zabit vs. Kattar,Jessica-Rose Clark vs. Pannie Kianzad,Mark Collett,27,30,0,-33,0,-0.5166666666666666,0.0
2019-11-09,UFC Fight Night: Zabit vs. Kattar,Jessica-Rose Clark vs. Pannie Kianzad,David Lethaby,27,30,0,-33,0,-0.5166666666666666,0.0
2019-11-09,UFC Fight Night: Zabit vs. Kattar,Jessica-Rose Clark vs. Pannie Kianzad,Magomed Magomedov,27,30,0,-33,0,-0.5166666666666666,0.0
2019-11-09,UFC Fight Night: Zabit vs. Kattar,Grigory Popov vs. Davey Grant,Lukasz Porebski,28,29,0,5,-6,-5.066666666666667,0.0
2019-11-09,UFC Fight Night: Zabit vs. Kattar,Grigory Popov vs. Davey Grant,Paul Sutherland,29,28,1,5,-6,-5.066666666666667,0.0
2019-11-09,UFC Fight Night: Zabit vs. Kattar,Grigory Popov vs. Davey Grant,Howard Hughes,28,29,0,5,-6,-5.066666666666667,0.0
2019-11-02,UFC 244: Masvidal vs. Diaz,Kelvin Gastelum vs. Darren Till,Dave Tirelli,30,27,1,4,0,2.066666666666667,0.0
2019-11-02,UFC 244: Masvidal vs. Diaz,Kelvin Gastelum vs. Darren Till,Eric Colon,28,29,0,4,0,2.066666666666667,0.0
2019-11-02,UFC 244: Masvidal vs. Diaz,Kelvin Gastelum vs. Darren Till,Chris Lee,27,30,0,4,0,2.066666666666667,0.0
2019-11-02,UFC 244: Masvidal vs. Diaz,Stephen Thompson vs. Vicente Luque,Derek Cleary,30,26,1,61,0,0.16666666666666666,1.0
2019-11-02,UFC 244: Masvidal vs. Diaz,Stephen Thompson vs. Vicente Luque,Doug Crosby,30,26,1,61,0,0.16666666666666666,1.0
2019-11-02,UFC 244: Masvidal vs. Diaz,Stephen Thompson vs. Vicente Luque,Sal D'Amato,29,27,1,61,0,0.16666666666666666,1.0
2019-11-02,UFC 244: Masvidal vs. Diaz,Derrick Lewis vs. Blagoy Ivanov,Dave Tirelli,30,27,1,11,-2,-1.25,0.0
2019-11-02,UFC 244: Masvidal vs. Diaz,Derrick Lewis vs. Blagoy Ivanov,Eric Colon,28,29,0,11,-2,-1.25,0.0
2019-11-02,UFC 244: Masvidal vs. Diaz,Derrick Lewis vs. Blagoy Ivanov,Chris Lee,29,28,1,11,-2,-1.25,0.0
2019-11-02,UFC 244: Masvidal vs. Diaz,Katlyn Cerminara vs. Jennifer Maia,Derek Cleary,29,28,1,15,-1,-2.5,0.0
2019-11-02,UFC 244: Masvidal vs. Diaz,Katlyn Cerminara vs. Jennifer Maia,Eric Colon,29,28,1,15,-1,-2.5,0.0
2019-11-02,UFC 244: Masvidal vs. Diaz,Katlyn Cerminara vs. Jennifer Maia,Sal D'Amato,29,28,1,15,-1,-2.5,0.0
2019-11-02,UFC 244: Masvidal vs. Diaz,Julio Arce vs. Hakeem Dawodu,Derek Cleary,28,29,0,-23,1,-2.716666666666667,0.0
2019-11-02,UFC 244: Masvidal vs. Diaz,Julio Arce vs. Hakeem Dawodu,Eric Colon,28,29,0,-23,1,-2.716666666666667,0.0
2019-11-02,UFC 244: Masvidal vs. Diaz,Julio Arce vs. Hakeem Dawodu,Chris Lee,29,28,1,-23,1,-2.716666666666667,0.0
2019-10-26,UFC Fight Night: Maia vs. Askren,Michael Johnson vs. Stevie Ray,Pawel Harasim,28,29,0,-7,-1,-2.9,0.0
2019-10-26,UFC Fight Night: Maia vs. Askren,Michael Johnson vs. Stevie Ray,Barry Foley,28,29,0,-7,-1,-2.9,0.0
2019-10-26,UFC Fight Night: Maia vs. Askren,Muslim Salikhov vs. Laureano Staropoli,Evan Field,30,26,1,21,3,0.5,0.0
2019-10-26,UFC Fight Night: Maia vs. Askren,Muslim Salikhov vs. Laureano Staropoli,Howard Hughes,30,26,1,21,3,0.5,0.0
2019-10-26,UFC Fight Night: Maia vs. Askren,Muslim Salikhov vs. Laureano Staropoli,Takeo Kobayashi,29,28,1,21,3,0.5,0.0
2019-10-26,UFC Fight Night: Maia vs. Askren,Randa Markos vs. Ashley Yoder,Mark Collett,29,28,1,34,-2,-2.516666666666667,0.0
2019-10-26,UFC Fight Night: Maia vs. Askren,Randa Markos vs. Ashley Yoder,Howard Hughes,29,28,1,34,-2,-2.516666666666667,0.0
2019-10-26,UFC Fight Night: Maia vs. Askren,Randa Markos vs. Ashley Yoder,Evan Field,28,29,0,34,-2,-2.516666666666667,0.0
2019-10-26,UFC Fight Night: Maia vs. Askren,Alex White vs. Rafael Fiziev,Barry Foley,28,29,0,-11,-1,-0.5666666666666669,0.0
2019-10-26,UFC Fight Night: Maia vs. Askren,Alex White vs. Rafael Fiziev,Pawel Harasim,27,30,0,-11,-1,-0.5666666666666669,0.0
2019-10-26,UFC Fight Night: Maia vs. Askren,Alex White vs. Rafael Fiziev,Takeo Kobayashi,27,30,0,-11,-1,-0.5666666666666669,0.0
2019-10-26,UFC Fight Night: Maia vs. Askren,Enrique Barzola vs. Movsar Evloev,Mark Collett,28,29,0,7,-3,-1.5666666666666669,0.0
2019-10-26,UFC Fight Night: Maia vs. Askren,Enrique Barzola vs. Movsar Evloev,Howard Hughes,28,29,0,7,-3,-1.5666666666666669,0.0
2019-10-26,UFC Fight Night: Maia vs. Askren,Enrique Barzola vs. Movsar Evloev,Pawel Harasim,27,30,0,7,-3,-1.5666666666666669,0.0
2019-10-26,UFC Fight Night: Maia vs. Askren,Loma Lookboonmee vs. Aleksandra Albu,Mark Collett,30,27,1,34,0,-1.6666666666666665,0.0
2019-10-26,UFC Fight Night: Maia vs. Askren,Loma Lookboonmee vs. Aleksandra Albu,Pawel Harasim,30,27,1,34,0,-1.6666666666666665,0.0
2019-10-26,UFC Fight Night: Maia vs. Askren,Loma Lookboonmee vs. Aleksandra Albu,Barry Foley,28,29,0,34,0,-1.6666666666666665,0.0
2019-10-26,UFC Fight Night: Maia vs. Askren,Raphael Pessoa vs. Jeff Hughes,Howard Hughes,30,27,1,5,0,-1.1666666666666665,1.0
2019-10-26,UFC Fight Night: Maia vs. Askren,Raphael Pessoa vs. Jeff Hughes,Evan Field,30,27,1,5,0,-1.1666666666666665,1.0
2019-10-26,UFC Fight Night: Maia vs. Askren,Raphael Pessoa vs. Jeff Hughes,Takeo Kobayashi,30,27,1,5,0,-1.1666666666666665,1.0
2019-10-18,UFC Fight Night: Reyes vs. Weidman,Yair Rodriguez vs. Jeremy Stephens,David Ginsberg,29,28,1,46,-3,-2.416666666666666,0.0
2019-10-18,UFC Fight Night: Reyes vs. Weidman,Yair Rodriguez vs. Jeremy Stephens,Dave Tirelli,29,28,1,46,-3,-2.416666666666666,0.0
2019-10-18,UFC Fight Night: Reyes vs. Weidman,Yair Rodriguez vs. Jeremy Stephens,Marcel Varela,29,28,1,46,-3,-2.416666666666666,0.0
2019-10-18,UFC Fight Night: Reyes vs. Weidman,Deron Winn vs. Darren Stewart,Eric Colon,28,29,0,-28,5,7.55,0.0
2019-10-18,UFC Fight Night: Reyes vs. Weidman,Deron Winn vs. Darren Stewart,Nick Mahmood,28,29,0,-28,5,7.55,0.0
2019-10-18,UFC Fight Night: Reyes vs. Weidman,Deron Winn vs. Darren Stewart,Dave Tirelli,29,28,1,-28,5,7.55,0.0
2019-10-18,UFC Fight Night: Reyes vs. Weidman,Molly McCann vs. Diana Belbita,David Ginsberg,30,25,1,15,4,2.216666666666667,0.0
2019-10-18,UFC Fight Night: Reyes vs. Weidman,Molly McCann vs. Diana Belbita,Chris Lee,30,25,1,15,4,2.216666666666667,0.0
2019-10-18,UFC Fight Night: Reyes vs. Weidman,Molly McCann vs. Diana Belbita,Dave Tirelli,30,25,1,15,4,2.216666666666667,0.0
2019-10-18,UFC Fight Night: Reyes vs. Weidman,Kyle Bochniak vs. Sean Woodson,Marcelo Vilhena,26,30,0,-69,1,4.466666666666667,0.0
2019-10-18,UFC Fight Night: Reyes vs. Weidman,Kyle Bochniak vs. Sean Woodson,Sal D'Amato,27,30,0,-69,1,4.466666666666667,0.0
2019-10-18,UFC Fight Night: Reyes vs. Weidman,Kyle Bochniak vs. Sean Woodson,Nick Mahmood,27,30,0,-69,1,4.466666666666667,0.0
2019-10-18,UFC Fight Night: Reyes vs. Weidman,Court McGee vs. Sean Brady,Chris Lee,28,29,0,-12,-2,0.6833333333333332,-1.0
2019-10-18,UFC Fight Night: Reyes vs. Weidman,Court McGee vs. Sean Brady,Dave Tirelli,27,30,0,-12,-2,0.6833333333333332,-1.0
2019-10-18,UFC Fight Night: Reyes vs. Weidman,Court McGee vs. Sean Brady,Marcel Varela,27,30,0,-12,-2,0.6833333333333332,-1.0
2019-10-18,UFC Fight Night: Reyes vs. Weidman,Daniel Spitz vs. Tanner Boser,Eric Colon,27,30,0,-61,0,0.0,0.0
2019-10-18,UFC Fight Night: Reyes vs. Weidman,Daniel Spitz vs. Tanner Boser,Nick Mahmood,27,30,0,-61,0,0.0,0.0
2019-10-18,UFC Fight Night: Reyes vs. Weidman,Daniel Spitz vs. Tanner Boser,Dave Tirelli,27,30,0,-61,0,0.0,0.0
2019-10-12,UFC Fight Night: Joanna vs. Waterson,Joanna Jedrzejczyk vs. Michelle Waterson-Gomez,Chris Lee,50,45,1,122,2,0.5999999999999996,0.0
2019-10-12,UFC Fight Night: Joanna vs. Waterson,Joanna Jedrzejczyk vs. Michelle Waterson-Gomez,Derek Cleary,50,45,1,122,2,0.5999999999999996,0.0
2019-10-12,UFC Fight Night: Joanna vs. Waterson,Joanna Jedrzejczyk vs. Michelle Waterson-Gomez,Dave Tirelli,49,46,1,122,2,0.5999999999999996,0.0
2019-10-12,UFC Fight Night: Joanna vs. Waterson,Cub Swanson vs. Kron Gracie,Dave Tirelli,30,27,1,49,0,0.5333333333333334,0.0
2019-10-12,UFC Fight Night: Joanna vs. Waterson,Cub Swanson vs. Kron Gracie,Derek Cleary,30,27,1,49,0,0.5333333333333334,0.0
2019-10-12,UFC Fight Night: Joanna vs. Waterson,Cub Swanson vs. Kron Gracie,Tony Weeks,30,27,1,49,0,0.5333333333333334,0.0
2019-10-12,UFC Fight Night: Joanna vs. Waterson,Mackenzie Dern vs. Amanda Ribas,Tony Weeks,27,30,0,-54,-2,-1.75,0.0
2019-10-12,UFC Fight Night: Joanna vs. Waterson,Mackenzie Dern vs. Amanda Ribas,Troy Wincapaw,27,30,0,-54,-2,-1.75,0.0
2019-10-12,UFC Fight Night: Joanna vs. Waterson,Mackenzie Dern vs. Amanda Ribas,Michelle Olney,27,30,0,-54,-2,-1.75,0.0
2019-10-12,UFC Fight Night: Joanna vs. Waterson,Matt Frevola vs. Luis Pena,Chris Lee,28,29,0,-3,3,1.75,0.0
2019-10-12,UFC Fight Night: Joanna vs. Waterson,Matt Frevola vs. Luis Pena,Tony Weeks,29,28,1,-3,3,1.75,0.0
2019-10-12,UFC Fight Night: Joanna vs. Waterson,Matt Frevola vs. Luis Pena,Daniel Torres,29,28,1,-3,3,1.75,0.0
2019-10-12,UFC Fight Night: Joanna vs. Waterson,Eryk Anders vs. Gerald Meerschaert,Derek Cleary,28,29,0,-8,0,0.13333333333333333,0.0
2019-10-12,UFC Fight Night: Joanna vs. Waterson,Eryk Anders vs. Gerald Meerschaert,Tony Weeks,29,28,1,-8,0,0.13333333333333333,0.0
2019-10-12,UFC Fight Night: Joanna vs. Waterson,Eryk Anders vs. Gerald Meerschaert,Michelle Olney,29,28,1,-8,0,0.13333333333333333,0.0
2019-10-12,UFC Fight Night: Joanna vs. Waterson,Max Griffin vs. Alex Morono,Michelle Olney,28,29,0,-6,4,2.133333333333333,-1.0
2019-10-12,UFC Fight Night: Joanna vs. Waterson,Max Griffin vs. Alex Morono,Tony Weeks,27,29,0,-6,4,2.133333333333333,-1.0
2019-10-12,UFC Fight Night: Joanna vs. Waterson,Max Griffin vs. Alex Morono,Dave Tirelli,27,29,0,-6,4,2.133333333333333,-1.0
2019-10-12,UFC Fight Night: Joanna vs. Waterson,Marvin Vettori vs. Andrew Sanchez,Daniel Torres,30,27,1,46,0,0.33333333333333337,0.0
2019-10-12,UFC Fight Night: Joanna vs. Waterson,Marvin Vettori vs. Andrew Sanchez,Dave Tirelli,30,27,1,46,0,0.33333333333333337,0.0
2019-10-12,UFC Fight Night: Joanna vs. Waterson,Marvin Vettori vs. Andrew Sanchez,Derek Cleary,30,27,1,46,0,0.33333333333333337,0.0
2019-10-12,UFC Fight Night: Joanna vs. Waterson,JJ Aldrich vs. Lauren Mueller,Tony Weeks,30,27,1,20,0,1.5166666666666666,0.0
2019-10-12,UFC Fight Night: Joanna vs. Waterson,JJ Aldrich vs. Lauren Mueller,Chris Lee,29,28,1,20,0,1.5166666666666666,0.0
2019-10-12,UFC Fight Night: Joanna vs. Waterson,JJ Aldrich vs. Lauren Mueller,Michelle Olney,29,28,1,20,0,1.5166666666666666,0.0
2019-10-05,UFC 243: Whittaker vs. Adesanya,Al Iaquinta vs. Dan Hooker,Richie Gerrard,27,30,0,-61,0,-2.1166666666666667,-1.0
2019-10-05,UFC 243: Whittaker vs. Adesanya,Al Iaquinta vs. Dan Hooker,Garth Harriman,27,30,0,-61,0,-2.1166666666666667,-1.0
2019-10-05,UFC 243: Whittaker vs. Adesanya,Al Iaquinta vs. Dan Hooker,David Lethaby,26,30,0,-61,0,-2.1166666666666667,-1.0
2019-10-05,UFC 243: Whittaker vs. Adesanya,Luke Jumeau vs. Dhiego Lima,Garth Harriman,28,29,0,-8,-2,-2.65,0.0
2019-10-05,UFC 243: Whittaker vs. Adesanya,Luke Jumeau vs. Dhiego Lima,Christopher Shen,29,28,1,-8,-2,-2.65,0.0
2019-10-05,UFC 243: Whittaker vs. Adesanya,Luke Jumeau vs. Dhiego Lima,Charlie Keech,28,29,0,-8,-2,-2.65,0.0
2019-10-05,UFC 243: Whittaker vs. Adesanya,Jake Matthews vs. Rostem Akman,Ben Cartlidge,30,27,1,44,0,0.7666666666666666,0.0
2019-10-05,UFC 243: Whittaker vs. Adesanya,Jake Matthews vs. Rostem Akman,Christopher Shen,30,27,1,44,0,0.7666666666666666,0.0
2019-10-05,UFC 243: Whittaker vs. Adesanya,Jake Matthews vs. Rostem Akman,Charlie Keech,30,27,1,44,0,0.7666666666666666,0.0
2019-10-05,UFC 243: Whittaker vs. Adesanya,Callan Potter vs. Maki Pitolo,Anthony Dimitriou,29,28,1,-12,3,6.850000000000001,0.0
2019-10-05,UFC 243: Whittaker vs. Adesanya,Callan Potter vs. Maki Pitolo,David Lethaby,29,28,1,-12,3,6.850000000000001,0.0
2019-10-05,UFC 243: Whittaker vs. Adesanya,Callan Potter vs. Maki Pitolo,Richie Gerrard,29,28,1,-12,3,6.850000000000001,0.0
2019-10-05,UFC 243: Whittaker vs. Adesanya,Brad Riddell vs. Jamie Mullarkey,Christopher Shen,29,27,1,55,-2,-0.3500000000000001,0.0
2019-10-05,UFC 243: Whittaker vs. Adesanya,Brad Riddell vs. Jamie Mullarkey,Ben Cartlidge,30,26,1,55,-2,-0.3500000000000001,0.0
2019-10-05,UFC 243: Whittaker vs. Adesanya,Brad Riddell vs. Jamie Mullarkey,Charlie Keech,30,26,1,55,-2,-0.3500000000000001,0.0
2019-09-28,UFC Fight Night: Hermansson vs. Cannonier,Gunnar Nelson vs. Gilbert Burns,Thomas Knudsen,28,29,0,-10,-1,2.9,0.0
2019-09-28,UFC Fight Night: Hermansson vs. Cannonier,Gunnar Nelson vs. Gilbert Burns,Maciej Motylewski,28,29,0,-10,-1,2.9,0.0
2019-09-28,UFC Fight Night: Hermansson vs. Cannonier,Gunnar Nelson vs. Gilbert Burns,Paul Sutherland,28,29,0,-10,-1,2.9,0.0
2019-09-28,UFC Fight Night: Hermansson vs. Cannonier,Nicolas Dalby vs. Alex Oliveira,Nicolaj Bulow,29,28,1,13,-2,1.5499999999999998,0.0
2019-09-28,UFC Fight Night: Hermansson vs. Cannonier,Nicolas Dalby vs. Alex Oliveira,Cezary Wojciechowski,29,28,1,13,-2,1.5499999999999998,0.0
2019-09-28,UFC Fight Night: Hermansson vs. Cannonier,Nicolas Dalby vs. Alex Oliveira,Andy Roberts,29,28,1,13,-2,1.5499999999999998,0.0
2019-09-28,UFC Fight Night: Hermansson vs. Cannonier,Alessio Di Chirico vs. Makhmud Muradov,Nicolaj Bulow,28,29,0,-18,0,0.08333333333333337,0.0
2019-09-28,UFC Fight Night: Hermansson vs. Cannonier,Alessio Di Chirico vs. Makhmud Muradov,Cezary Wojciechowski,28,29,0,-18,0,0.08333333333333337,0.0
2019-09-28,UFC Fight Night: Hermansson vs. Cannonier,Alessio Di Chirico vs. Makhmud Muradov,Andy Roberts,28,29,0,-18,0,0.08333333333333337,0.0
2019-09-28,UFC Fight Night: Hermansson vs. Cannonier,Siyar Bahadurzada vs. Ismail Naurdiev,Andreas Gruner,26,30,0,-57,-3,-5.733333333333333,0.0
2019-09-28,UFC Fight Night: Hermansson vs. Cannonier,Siyar Bahadurzada vs. Ismail Naurdiev,Thomas Knudsen,25,30,0,-57,-3,-5.733333333333333,0.0
2019-09-28,UFC Fight Night: Hermansson vs. Cannonier,Siyar Bahadurzada vs. Ismail Naurdiev,Maciej Motylewski,25,30,0,-57,-3,-5.733333333333333,0.0
2019-09-28,UFC Fight Night: Hermansson vs. Cannonier,Brandon Davis vs. Giga Chikadze,Nicolaj Bulow,28,29,0,-25,2,1.8499999999999999,0.0
2019-09-28,UFC Fight Night: Hermansson vs. Cannonier,Brandon Davis vs. Giga Chikadze,Andreas Gruner,29,28,1,-25,2,1.8499999999999999,0.0
2019-09-28,UFC Fight Night: Hermansson vs. Cannonier,Brandon Davis vs. Giga Chikadze,Cezary Wojciechowski,28,29,0,-25,2,1.8499999999999999,0.0
2019-09-28,UFC Fight Night: Hermansson vs. Cannonier,Macy Chiasson vs. Lina Lansberg,Thomas Knudsen,27,29,0,5,-2,-1.9333333333333336,0.0
2019-09-28,UFC Fight Night: Hermansson vs. Cannonier,Macy Chiasson vs. Lina Lansberg,Paul Sutherland,27,29,0,5,-2,-1.9333333333333336,0.0
2019-09-28,UFC Fight Night: Hermansson vs. Cannonier,Macy Chiasson vs. Lina Lansberg,Andy Roberts,28,29,0,5,-2,-1.9333333333333336,0.0
2019-09-28,UFC Fight Night: Hermansson vs. Cannonier,Marc Diakiese vs. Lando Vannata,Nicolaj Bulow,30,27,1,15,4,5.0166666666666675,0.0
2019-09-28,UFC Fight Night: Hermansson vs. Cannonier,Marc Diakiese vs. Lando Vannata,Cezary Wojciechowski,30,27,1,15,4,5.0166666666666675,0.0
2019-09-28,UFC Fight Night: Hermansson vs. Cannonier,Marc Diakiese vs. Lando Vannata,Andreas Gruner,30,26,1,15,4,5.0166666666666675,0.0
2019-09-21,UFC Fight Night: Rodriguez vs. Stephens,Carla Esparza vs. Alexa Grasso,Doug Crosby,29,28,1,-1,4,6.883333333333333,0.0
2019-09-21,UFC Fight Night: Rodriguez vs. Stephens,Carla Esparza vs. Alexa Grasso,Rick Winter,29,28,1,-1,4,6.883333333333333,0.0
2019-09-21,UFC Fight Night: Rodriguez vs. Stephens,Irene Aldana vs. Vanessa Melo,Doug Crosby,30,26,1,57,0,-0.21666666666666667,0.0
2019-09-21,UFC Fight Night: Rodriguez vs. Stephens,Irene Aldana vs. Vanessa Melo,Junichiro Kamijo,30,26,1,57,0,-0.21666666666666667,0.0
2019-09-21,UFC Fight Night: Rodriguez vs. Stephens,Irene Aldana vs. Vanessa Melo,Brian Puccillo,30,26,1,57,0,-0.21666666666666667,0.0
2019-09-21,UFC Fight Night: Rodriguez vs. Stephens,Jose Quinonez vs. Carlos Huachin,Sal D'Amato,30,27,1,28,2,4.2,1.0
2019-09-21,UFC Fight Night: Rodriguez vs. Stephens,Jose Quinonez vs. Carlos Huachin,Junichiro Kamijo,30,27,1,28,2,4.2,1.0
2019-09-21,UFC Fight Night: Rodriguez vs. Stephens,Jose Quinonez vs. Carlos Huachin,Bladimir Puga,30,27,1,28,2,4.2,1.0
2019-09-21,UFC Fight Night: Rodriguez vs. Stephens,Sergio Pettis vs. Tyson Nam,Doug Crosby,30,27,1,56,0,-0.7333333333333334,0.0
2019-09-21,UFC Fight Night: Rodriguez vs. Stephens,Sergio Pettis vs. Tyson Nam,Sal D'Amato,30,27,1,56,0,-0.7333333333333334,0.0
2019-09-21,UFC Fight Night: Rodriguez vs. Stephens,Sergio Pettis vs. Tyson Nam,Rick Winter,30,27,1,56,0,-0.7333333333333334,0.0
2019-09-21,UFC Fight Night: Rodriguez vs. Stephens,Sijara Eubanks vs. Bethe Correia,Doug Crosby,28,29,0,18,1,1.0,0.0
2019-09-21,UFC Fight Night: Rodriguez vs. Stephens,Sijara Eubanks vs. Bethe Correia,Junichiro Kamijo,28,29,0,18,1,1.0,0.0
2019-09-21,UFC Fight Night: Rodriguez vs. Stephens,Sijara Eubanks vs. Bethe Correia,Rick Winter,28,29,0,18,1,1.0,0.0
2019-09-21,UFC Fight Night: Rodriguez vs. Stephens,Claudio Puelles vs. Marcos Mariano,Derek Cleary,30,25,1,20,4,12.533333333333331,0.0
2019-09-21,UFC Fight Night: Rodriguez vs. Stephens,Claudio Puelles vs. Marcos Mariano,Brian Puccillo,30,25,1,20,4,12.533333333333331,0.0
2019-09-21,UFC Fight Night: Rodriguez vs. Stephens,Claudio Puelles vs. Marcos Mariano,Bladimir Puga,30,25,1,20,4,12.533333333333331,0.0
2019-09-14,UFC Fight Night: Cowboy vs. Gaethje,Glover Teixeira vs. Nikita Krylov,Dave Hagen,29,28,1,-4,-1,-0.31666666666666643,0.0
2019-09-14,UFC Fight Night: Cowboy vs. Gaethje,Glover Teixeira vs. Nikita Krylov,Mike Bell,28,29,0,-4,-1,-0.31666666666666643,0.0
2019-09-14,UFC Fight Night: Cowboy vs. Gaethje,Glover Teixeira vs. Nikita Krylov,Sal D'Amato,29,28,1,-4,-1,-0.31666666666666643,0.0
2019-09-14,UFC Fight Night: Cowboy vs. Gaethje,Michel Pereira vs. Tristan Connelly,Derek Cleary,28,29,0,-32,2,-2.6833333333333336,0.0
2019-09-14,UFC Fight Night: Cowboy vs. Gaethje,Michel Pereira vs. Tristan Connelly,Sal D'Amato,27,29,0,-32,2,-2.6833333333333336,0.0
2019-09-14,UFC Fight Night: Cowboy vs. Gaethje,Michel Pereira vs. Tristan Connelly,Dave Hagen,27,29,0,-32,2,-2.6833333333333336,0.0
2019-09-14,UFC Fight Night: Cowboy vs. Gaethje,Uriah Hall vs. Antonio Carlos Junior,David Therien,29,28,1,12,-3,-10.283333333333333,1.0
2019-09-14,UFC Fight Night: Cowboy vs. Gaethje,Uriah Hall vs. Antonio Carlos Junior,Mike Bell,28,29,0,12,-3,-10.283333333333333,1.0
2019-09-14,UFC Fight Night: Cowboy vs. Gaethje,Uriah Hall vs. Antonio Carlos Junior,Sal D'Amato,29,28,1,12,-3,-10.283333333333333,1.0
2019-09-14,UFC Fight Night: Cowboy vs. Gaethje,Cole Smith vs. Miles Johns,Dave Hagen,28,29,0,-20,0,5.666666666666667,0.0
2019-09-14,UFC Fight Night: Cowboy vs. Gaethje,Cole Smith vs. Miles Johns,Derek Cleary,29,28,1,-20,0,5.666666666666667,0.0
2019-09-14,UFC Fight Night: Cowboy vs. Gaethje,Cole Smith vs. Miles Johns,Mike Bell,28,29,0,-20,0,5.666666666666667,0.0
2019-09-14,UFC Fight Night: Cowboy vs. Gaethje,Brad Katona vs. Hunter Azure,David Therien,28,29,0,-20,3,5.9,0.0
2019-09-14,UFC Fight Night: Cowboy vs. Gaethje,Brad Katona vs. Hunter Azure,Clayton Weich,27,30,0,-20,3,5.9,0.0
2019-09-14,UFC Fight Night: Cowboy vs. Gaethje,Brad Katona vs. Hunter Azure,Dave Hagen,28,29,0,-20,3,5.9,0.0
2019-09-14,UFC Fight Night: Cowboy vs. Gaethje,Chas Skelly vs. Jordan Griffin,Sal D'Amato,29,28,1,-16,0,5.633333333333332,0.0
2019-09-14,UFC Fight Night: Cowboy vs. Gaethje,Chas Skelly vs. Jordan Griffin,Mike Bell,29,28,1,-16,0,5.633333333333332,0.0
2019-09-14,UFC Fight Night: Cowboy vs. Gaethje,Chas Skelly vs. Jordan Griffin,Mitchell Cadlick,29,28,1,-16,0,5.633333333333332,0.0
2019-09-14,UFC Fight Night: Cowboy vs. Gaethje,Kyle Prepolec vs. Austin Hubbard,Mike Bell,28,29,0,-7,-3,-4.916666666666667,0.0
2019-09-14,UFC Fight Night: Cowboy vs. Gaethje,Kyle Prepolec vs. Austin Hubbard,Clayton Weich,28,29,0,-7,-3,-4.916666666666667,0.0
2019-09-14,UFC Fight Night: Cowboy vs. Gaethje,Kyle Prepolec vs. Austin Hubbard,David Therien,28,29,0,-7,-3,-4.916666666666667,0.0
2019-09-07,UFC 242: Khabib vs. Poirier,Edson Barboza vs. Paul Felder,Howie Booth,30,27,1,4,1,-0.21666666666666634,0.0
2019-09-07,UFC 242: Khabib vs. Poirier,Edson Barboza vs. Paul Felder,David Lethaby,28,29,0,4,1,-0.21666666666666634,0.0
2019-09-07,UFC 242: Khabib vs. Poirier,Edson Barboza vs. Paul Felder,Maria Makhmutova,27,30,0,4,1,-0.21666666666666634,0.0
2019-09-07,UFC 242: Khabib vs. Poirier,Islam Makhachev vs. Davi Ramos,Ben Cartlidge,29,27,1,36,0,4.233333333333333,1.0
2019-09-07,UFC 242: Khabib vs. Poirier,Islam Makhachev vs. Davi Ramos,Mark Collett,30,26,1,36,0,4.233333333333333,1.0
2019-09-07,UFC 242: Khabib vs. Poirier,Islam Makhachev vs. Davi Ramos,Clemens Werner,30,26,1,36,0,4.233333333333333,1.0
2019-09-07,UFC 242: Khabib vs. Poirier,Mairbek Taisumov vs. Diego Ferreira,Howie Booth,28,29,0,-58,0,-0.3,0.0
2019-09-07,UFC 242: Khabib vs. Poirier,Mairbek Taisumov vs. Diego Ferreira,Mark Collett,27,29,0,-58,0,-0.3,0.0
2019-09-07,UFC 242: Khabib vs. Poirier,Mairbek Taisumov vs. Diego Ferreira,David Lethaby,27,29,0,-58,0,-0.3,0.0
2019-09-07,UFC 242: Khabib vs. Poirier,Joanne Wood vs. Andrea Lee,Ben Cartlidge,28,29,0,40,-1,-2.0999999999999996,0.0
2019-09-07,UFC 242: Khabib vs. Poirier,Joanne Wood vs. Andrea Lee,Pawel Harasim,30,27,1,40,-1,-2.0999999999999996,0.0
2019-09-07,UFC 242: Khabib vs. Poirier,Joanne Wood vs. Andrea Lee,Maria Makhmutova,29,28,1,40,-1,-2.0999999999999996,0.0
2019-09-07,UFC 242: Khabib vs. Poirier,Omari Akhmedov vs. Zak Cummings,Howie Booth,30,27,1,9,2,3.6500000000000004,0.0
2019-09-07,UFC 242: Khabib vs. Poirier,Omari Akhmedov vs. Zak Cummings,Pawel Harasim,29,28,1,9,2,3.6500000000000004,0.0
2019-09-07,UFC 242: Khabib vs. Poirier,Omari Akhmedov vs. Zak Cummings,Maria Makhmutova,29,28,1,9,2,3.6500000000000004,0.0
2019-09-07,UFC 242: Khabib vs. Poirier,Don Madge vs. Fares Ziam,Ben Cartlidge,30,27,1,11,3,7.133333333333332,0.0
2019-09-07,UFC 242: Khabib vs. Poirier,Don Madge vs. Fares Ziam,Mark Collett,30,27,1,11,3,7.133333333333332,0.0
2019-09-07,UFC 242: Khabib vs. Poirier,Don Madge vs. Fares Ziam,David Lethaby,29,28,1,11,3,7.133333333333332,0.0
2019-08-31,UFC Fight Night: Andrade vs. Zhang,Kai Kara-France vs. Mark De La Rosa,Anthony Dimitriou,30,27,1,31,0,-0.8833333333333333,1.0
2019-08-31,UFC Fight Night: Andrade vs. Zhang,Kai Kara-France vs. Mark De La Rosa,Garth Harriman,29,28,1,31,0,-0.8833333333333333,1.0
2019-08-31,UFC Fight Night: Andrade vs. Zhang,Kai Kara-France vs. Mark De La Rosa,Albert Shen,30,27,1,31,0,-0.8833333333333333,1.0
2019-08-31,UFC Fight Night: Andrade vs. Zhang,Song Kenan vs. Derrick Krantz,Anthony Dimitriou,29,28,1,25,-3,-5.05,0.0
2019-08-31,UFC Fight Night: Andrade vs. Zhang,Song Kenan vs. Derrick Krantz,Evan Field,29,28,1,25,-3,-5.05,0.0
2019-08-31,UFC Fight Night: Andrade vs. Zhang,Song Kenan vs. Derrick Krantz,Howard Hughes,29,28,1,25,-3,-5.05,0.0
2019-08-31,UFC Fight Night: Andrade vs. Zhang,Wu Yanan vs. Mizuki,Barry Foley,28,29,0,30,0,-0.11666666666666664,0.0
2019-08-31,UFC Fight Night: Andrade vs. Zhang,Wu Yanan vs. Mizuki,Garth Harriman,28,29,0,30,0,-0.11666666666666664,0.0
2019-08-31,UFC Fight Night: Andrade vs. Zhang,Wu Yanan vs. Mizuki,Albert Shen,29,28,1,30,0,-0.11666666666666664,0.0
2019-08-31,UFC Fight Night: Andrade vs. Zhang,Sumudaerji vs. Andre Soukhamthath,Anthony Dimitriou,30,26,1,70,1,2.1500000000000004,0.0
2019-08-31,UFC Fight Night: Andrade vs. Zhang,Sumudaerji vs. Andre Soukhamthath,Evan Field,30,25,1,70,1,2.1500000000000004,0.0
2019-08-31,UFC Fight Night: Andrade vs. Zhang,Sumudaerji vs. Andre Soukhamthath,Albert Shen,30,26,1,70,1,2.1500000000000004,0.0
2019-08-31,UFC Fight Night: Andrade vs. Zhang,Damir Ismagulov vs. Thiago Moises,Anthony Dimitriou,30,26,1,35,0,0.8833333333333332,1.0
2019-08-31,UFC Fight Night: Andrade vs. Zhang,Damir Ismagulov vs. Thiago Moises,Garth Harriman,30,27,1,35,0,0.8833333333333332,1.0
2019-08-31,UFC Fight Night: Andrade vs. Zhang,Damir Ismagulov vs. Thiago Moises,Albert Shen,30,27,1,35,0,0.8833333333333332,1.0
2019-08-31,UFC Fight Night: Andrade vs. Zhang,Alatengheili vs. Batgerel Danaa,Mark Craig,29,27,1,-49,3,2.7666666666666666,0.0
2019-08-31,UFC Fight Night: Andrade vs. Zhang,Alatengheili vs. Batgerel Danaa,Evan Field,29,27,1,-49,3,2.7666666666666666,0.0
2019-08-31,UFC Fight Night: Andrade vs. Zhang,Alatengheili vs. Batgerel Danaa,Barry Foley,29,27,1,-49,3,2.7666666666666666,0.0
2019-08-31,UFC Fight Night: Andrade vs. Zhang,Karol Rosa vs. Lara Procopio,Garth Harriman,29,28,1,6,0,0.7,1.0
2019-08-31,UFC Fight Night: Andrade vs. Zhang,Karol Rosa vs. Lara Procopio,Howard Hughes,30,27,1,6,0,0.7,1.0
2019-08-31,UFC Fight Night: Andrade vs. Zhang,Karol Rosa vs. Lara Procopio,Albert Shen,28,29,0,6,0,0.7,1.0
2019-08-17,UFC 241: Cormier vs. Miocic 2,Anthony Pettis vs. Nate Diaz,Ron McCarthy,27,30,0,-45,-1,-4.166666666666667,-1.0
2019-08-17,UFC 241: Cormier vs. Miocic 2,Anthony Pettis vs. Nate Diaz,Derek Cleary,27,30,0,-45,-1,-4.166666666666667,-1.0
2019-08-17,UFC 241: Cormier vs. Miocic 2,Anthony Pettis vs. Nate Diaz,Guilherme Bravo,28,29,0,-45,-1,-4.166666666666667,-1.0
2019-08-17,UFC 241: Cormier vs. Miocic 2,Yoel Romero vs. Paulo Costa,Mike Bell,28,29,0,7,1,0.1,0.0
2019-08-17,UFC 241: Cormier vs. Miocic 2,Yoel Romero vs. Paulo Costa,Ron McCarthy,28,29,0,7,1,0.1,0.0
2019-08-17,UFC 241: Cormier vs. Miocic 2,Yoel Romero vs. Paulo Costa,Guilherme Bravo,28,29,0,7,1,0.1,0.0
2019-08-17,UFC 241: Cormier vs. Miocic 2,Derek Brunson vs. Ian Heinisch,Mike Bell,29,28,1,23,2,2.216666666666667,0.0
2019-08-17,UFC 241: Cormier vs. Miocic 2,Derek Brunson vs. Ian Heinisch,Derek Cleary,29,28,1,23,2,2.216666666666667,0.0
2019-08-17,UFC 241: Cormier vs. Miocic 2,Derek Brunson vs. Ian Heinisch,Guilherme Bravo,29,28,1,23,2,2.216666666666667,0.0
2019-08-17,UFC 241: Cormier vs. Miocic 2,Raphael Assuncao vs. Cory Sandhagen,Mike Bell,27,30,0,-17,4,-1.5999999999999996,0.0
2019-08-17,UFC 241: Cormier vs. Miocic 2,Raphael Assuncao vs. Cory Sandhagen,Ron McCarthy,27,30,0,-17,4,-1.5999999999999996,0.0
2019-08-17,UFC 241: Cormier vs. Miocic 2,Raphael Assuncao vs. Cory Sandhagen,Luis Cobian,28,29,0,-17,4,-1.5999999999999996,0.0
2019-08-17,UFC 241: Cormier vs. Miocic 2,Christos Giagos vs. Drakkar Klose,Ron McCarthy,28,29,0,-12,0,-0.3833333333333333,0.0
2019-08-17,UFC 241: Cormier vs. Miocic 2,Christos Giagos vs. Drakkar Klose,Luis Cobian,28,29,0,-12,0,-0.3833333333333333,0.0
2019-08-17,UFC 241: Cormier vs. Miocic 2,Christos Giagos vs. Drakkar Klose,Guilherme Bravo,28,29,0,-12,0,-0.3833333333333333,0.0
2019-08-17,UFC 241: Cormier vs. Miocic 2,Manny Bermudez vs. Casey Kenney,Ron McCarthy,28,29,0,-6,1,0.833333333333333,0.0
2019-08-17,UFC 241: Cormier vs. Miocic 2,Manny Bermudez vs. Casey Kenney,Derek Cleary,28,29,0,-6,1,0.833333333333333,0.0
2019-08-17,UFC 241: Cormier vs. Miocic 2,Manny Bermudez vs. Casey Kenney,Guilherme Bravo,28,29,0,-6,1,0.833333333333333,0.0
2019-08-17,UFC 241: Cormier vs. Miocic 2,Hannah Cifers vs. Jodie Esquibel,Mike Bell,29,28,1,27,-2,-3.0500000000000003,0.0
2019-08-17,UFC 241: Cormier vs. Miocic 2,Hannah Cifers vs. Jodie Esquibel,Luis Cobian,30,27,1,27,-2,-3.0500000000000003,0.0
2019-08-17,UFC 241: Cormier vs. Miocic 2,Hannah Cifers vs. Jodie Esquibel,Guilherme Bravo,30,27,1,27,-2,-3.0500000000000003,0.0
2019-08-17,UFC 241: Cormier vs. Miocic 2,Kyung Ho Kang vs. Brandon Davis,Luis Cobian,28,29,0,-27,2,5.933333333333333,1.0
2019-08-17,UFC 241: Cormier vs. Miocic 2,Kyung Ho Kang vs. Brandon Davis,Derek Cleary,29,28,1,-27,2,5.933333333333333,1.0
2019-08-17,UFC 241: Cormier vs. Miocic 2,Kyung Ho Kang vs. Brandon Davis,Ron McCarthy,29,28,1,-27,2,5.933333333333333,1.0
2019-08-17,UFC 241: Cormier vs. Miocic 2,Sabina Mazo vs. Shana Dobson,Luis Cobian,30,24,1,75,4,10.75,0.0
2019-08-17,UFC 241: Cormier vs. Miocic 2,Sabina Mazo vs. Shana Dobson,Ron McCarthy,30,25,1,75,4,10.75,0.0
2019-08-17,UFC 241: Cormier vs. Miocic 2,Sabina Mazo vs. Shana Dobson,Mike Bell,30,25,1,75,4,10.75,0.0
2019-08-10,UFC Fight Night: Shevchenko vs. Carmouche 2,Valentina Shevchenko vs. Liz Carmouche,Guilherme Bravo,50,45,1,24,1,7.816666666666666,0.0
2019-08-10,UFC Fight Night: Shevchenko vs. Carmouche 2,Valentina Shevchenko vs. Liz Carmouche,Eric Colon,50,45,1,24,1,7.816666666666666,0.0
2019-08-10,UFC Fight Night: Shevchenko vs. Carmouche 2,Valentina Shevchenko vs. Liz Carmouche,Tony Weeks,50,45,1,24,1,7.816666666666666,0.0
2019-08-10,UFC Fight Night: Shevchenko vs. Carmouche 2,Vicente Luque vs. Mike Perry,Guilherme Bravo,28,29,0,-3,0,-3.316666666666667,0.0
2019-08-10,UFC Fight Night: Shevchenko vs. Carmouche 2,Vicente Luque vs. Mike Perry,Eric Colon,29,28,1,-3,0,-3.316666666666667,0.0
2019-08-10,UFC Fight Night: Shevchenko vs. Carmouche 2,Vicente Luque vs. Mike Perry,Joseph Terrell,29,28,1,-3,0,-3.316666666666667,0.0
2019-08-10,UFC Fight Night: Shevchenko vs. Carmouche 2,Eduardo Garagorri vs. Humberto Bandenay,Tony Weeks,30,27,1,33,-3,-1.4,0.0
2019-08-10,UFC Fight Night: Shevchenko vs. Carmouche 2,Eduardo Garagorri vs. Humberto Bandenay,Phillipe Iorio,30,27,1,33,-3,-1.4,0.0
2019-08-10,UFC Fight Night: Shevchenko vs. Carmouche 2,Eduardo Garagorri vs. Humberto Bandenay,Joseph Terrell,30,27,1,33,-3,-1.4,0.0
2019-08-10,UFC Fight Night: Shevchenko vs. Carmouche 2,Enrique Barzola vs. Bobby Moffett,Eric Colon,28,29,0,-7,3,0.2833333333333333,0.0
2019-08-10,UFC Fight Night: Shevchenko vs. Carmouche 2,Enrique Barzola vs. Bobby Moffett,Phillipe Iorio,30,27,1,-7,3,0.2833333333333333,0.0
2019-08-10,UFC Fight Night: Shevchenko vs. Carmouche 2,Enrique Barzola vs. Bobby Moffett,Joseph Terrell,29,28,1,-7,3,0.2833333333333333,0.0
2019-08-10,UFC Fight Night: Shevchenko vs. Carmouche 2,Gilbert Burns vs. Aleksei Kunchenko,Guilherme Bravo,29,28,1,-5,3,6.5,0.0
2019-08-10,UFC Fight Night: Shevchenko vs. Carmouche 2,Gilbert Burns vs. Aleksei Kunchenko,Phillipe Iorio,29,28,1,-5,3,6.5,0.0
2019-08-10,UFC Fight Night: Shevchenko vs. Carmouche 2,Gilbert Burns vs. Aleksei Kunchenko,Eric Colon,29,28,1,-5,3,6.5,0.0
2019-08-10,UFC Fight Night: Shevchenko vs. Carmouche 2,Tecia Pennington vs. Marina Rodriguez,Joseph Terrell,27,30,0,-43,-1,-0.9166666666666665,0.0
2019-08-10,UFC Fight Night: Shevchenko vs. Carmouche 2,Tecia Pennington vs. Marina Rodriguez,Eric Colon,27,30,0,-43,-1,-0.9166666666666665,0.0
2019-08-10,UFC Fight Night: Shevchenko vs. Carmouche 2,Tecia Pennington vs. Marina Rodriguez,Guilherme Bravo,26,30,0,-43,-1,-0.9166666666666665,0.0
2019-08-10,UFC Fight Night: Shevchenko vs. Carmouche 2,Geraldo de Freitas vs. Chris Gutierrez,Tony Weeks,28,29,0,-8,1,-0.8000000000000003,0.0
2019-08-10,UFC Fight Night: Shevchenko vs. Carmouche 2,Geraldo de Freitas vs. Chris Gutierrez,Joseph Terrell,30,27,1,-8,1,-0.8000000000000003,0.0
2019-08-10,UFC Fight Night: Shevchenko vs. Carmouche 2,Geraldo de Freitas vs. Chris Gutierrez,Phillipe Iorio,28,29,0,-8,1,-0.8000000000000003,0.0
2019-08-10,UFC Fight Night: Shevchenko vs. Carmouche 2,Kazula Vargas vs. Alex Da Silva,Guilherme Bravo,27,30,0,3,-3,-11.716666666666665,0.0
2019-08-10,UFC Fight Night: Shevchenko vs. Carmouche 2,Kazula Vargas vs. Alex Da Silva,Fabio Alves,27,30,0,3,-3,-11.716666666666665,0.0
2019-08-10,UFC Fight Night: Shevchenko vs. Carmouche 2,Kazula Vargas vs. Alex Da Silva,Eric Colon,27,30,0,3,-3,-11.716666666666665,0.0
2019-08-03,UFC Fight Night: Covington vs. Lawler,Colby Covington vs. Robbie Lawler,Eric Colon,50,44,1,101,10,8.7,0.0
2019-08-03,UFC Fight Night: Covington vs. Lawler,Colby Covington vs. Robbie Lawler,Dave Tirelli,50,45,1,101,10,8.7,0.0
2019-08-03,UFC Fight Night: Covington vs. Lawler,Colby Covington vs. Robbie Lawler,Dominic Carolei,50,45,1,101,10,8.7,0.0
2019-08-03,UFC Fight Night: Covington vs. Lawler,Darko Stosic vs. Kennedy Nzechukwu,Cardo Urso,26,29,0,10,4,2.1333333333333333,0.0
2019-08-03,UFC Fight Night: Covington vs. Lawler,Darko Stosic vs. Kennedy Nzechukwu,Munah Holland,26,29,0,10,4,2.1333333333333333,0.0
2019-08-03,UFC Fight Night: Covington vs. Lawler,Darko Stosic vs. Kennedy Nzechukwu,Jon Bilyk,27,28,0,10,4,2.1333333333333333,0.0
2019-08-03,UFC Fight Night: Covington vs. Lawler,Mickey Gall vs. Salim Touahri,Eric Colon,29,28,1,2,1,3.2666666666666666,0.0
2019-08-03,UFC Fight Night: Covington vs. Lawler,Mickey Gall vs. Salim Touahri,Dave Tirelli,29,28,1,2,1,3.2666666666666666,0.0
2019-08-03,UFC Fight Night: Covington vs. Lawler,Mickey Gall vs. Salim Touahri,Cardo Urso,29,28,1,2,1,3.2666666666666666,0.0
2019-08-03,UFC Fight Night: Covington vs. Lawler,Miranda Granger vs. Hannah Goldy,Jon Bilyk,30,27,1,6,0,-1.4333333333333336,0.0
2019-08-03,UFC Fight Night: Covington vs. Lawler,Miranda Granger vs. Hannah Goldy,Dominic Carolei,30,27,1,6,0,-1.4333333333333336,0.0
2019-08-03,UFC Fight Night: Covington vs. Lawler,Miranda Granger vs. Hannah Goldy,Munah Holland,30,27,1,6,0,-1.4333333333333336,0.0
2019-07-27,UFC 240: Holloway vs. Edgar,Max Holloway vs. Frankie Edgar,Chris Lee,50,45,1,33,-1,-1.7666666666666666,0.0
2019-07-27,UFC 240: Holloway vs. Edgar,Max Holloway vs. Frankie Edgar,Dave Hagen,49,46,1,33,-1,-1.7666666666666666,0.0
2019-07-27,UFC 240: Holloway vs. Edgar,Max Holloway vs. Frankie Edgar,Tony Weeks,48,47,1,33,-1,-1.7666666666666666,0.0
2019-07-27,UFC 240: Holloway vs. Edgar,Cristiane Justino vs. Felicia Spencer,Kevin Dornan,30,27,1,84,0,-1.7166666666666663,0.0
2019-07-27,UFC 240: Holloway vs. Edgar,Cristiane Justino vs. Felicia Spencer,Brian Puccillo,30,27,1,84,0,-1.7166666666666663,0.0
2019-07-27,UFC 240: Holloway vs. Edgar,Cristiane Justino vs. Felicia Spencer,Thomas Collins,30,27,1,84,0,-1.7166666666666663,0.0
2019-07-27,UFC 240: Holloway vs. Edgar,Olivier Aubin-Mercier vs. Arman Tsarukyan,Thomas Collins,28,29,0,-24,-2,-6.833333333333333,0.0
2019-07-27,UFC 240: Holloway vs. Edgar,Olivier Aubin-Mercier vs. Arman Tsarukyan,Chris Lee,28,29,0,-24,-2,-6.833333333333333,0.0
2019-07-27,UFC 240: Holloway vs. Edgar,Olivier Aubin-Mercier vs. Arman Tsarukyan,Brian Puccillo,28,29,0,-24,-2,-6.833333333333333,0.0
2019-07-27,UFC 240: Holloway vs. Edgar,Marc-Andre Barriault vs. Krzysztof Jotko,Dave Hagen,28,29,0,-1,0,-2.5666666666666664,0.0
2019-07-27,UFC 240: Holloway vs. Edgar,Marc-Andre Barriault vs. Krzysztof Jotko,Derek Cleary,28,29,0,-1,0,-2.5666666666666664,0.0
2019-07-27,UFC 240: Holloway vs. Edgar,Marc-Andre Barriault vs. Krzysztof Jotko,Kevin Dornan,29,28,1,-1,0,-2.5666666666666664,0.0
2019-07-27,UFC 240: Holloway vs. Edgar,Alexis Davis vs. Viviane Araujo,Brian Puccillo,28,29,0,1,-2,2.783333333333333,0.0
2019-07-27,UFC 240: Holloway vs. Edgar,Alexis Davis vs. Viviane Araujo,Chris Lee,28,29,0,1,-2,2.783333333333333,0.0
2019-07-27,UFC 240: Holloway vs. Edgar,Alexis Davis vs. Viviane Araujo,Thomas Collins,28,29,0,1,-2,2.783333333333333,0.0
2019-07-27,UFC 240: Holloway vs. Edgar,Alexandre Pantoja vs. Deiveson Figueiredo,Tony Weeks,27,30,0,-6,0,-0.6166666666666667,-1.0
2019-07-27,UFC 240: Holloway vs. Edgar,Alexandre Pantoja vs. Deiveson Figueiredo,Brian Puccillo,27,30,0,-6,0,-0.6166666666666667,-1.0
2019-07-27,UFC 240: Holloway vs. Edgar,Alexandre Pantoja vs. Deiveson Figueiredo,Derek Cleary,27,30,0,-6,0,-0.6166666666666667,-1.0
2019-07-27,UFC 240: Holloway vs. Edgar,Erik Koch vs. Kyle Stewart,Brian Puccillo,30,27,1,14,4,6.750000000000001,0.0
2019-07-27,UFC 240: Holloway vs. Edgar,Erik Koch vs. Kyle Stewart,Thomas Collins,29,28,1,14,4,6.750000000000001,0.0
2019-07-27,UFC 240: Holloway vs. Edgar,Erik Koch vs. Kyle Stewart,Derek Cleary,29,28,1,14,4,6.750000000000001,0.0
2019-07-20,UFC Fight Night: Dos Anjos vs. Edwards,Rafael Dos Anjos vs. Leon Edwards,Gino Garcia,45,50,0,-11,-3,-4.9,0.0
2019-07-20,UFC Fight Night: Dos Anjos vs. Edwards,Rafael Dos Anjos vs. Leon Edwards,Perry Hillin,46,49,0,-11,-3,-4.9,0.0
2019-07-20,UFC Fight Night: Dos Anjos vs. Edwards,Rafael Dos Anjos vs. Leon Edwards,Marcos Rosales,46,49,0,-11,-3,-4.9,0.0
2019-07-20,UFC Fight Night: Dos Anjos vs. Edwards,Alexander Hernandez vs. Francisco Trinaldo,Marcos Rosales,30,27,1,0,0,0.3333333333333333,0.0
2019-07-20,UFC Fight Night: Dos Anjos vs. Edwards,Alexander Hernandez vs. Francisco Trinaldo,Ruben Carrion,30,27,1,0,0,0.3333333333333333,0.0
2019-07-20,UFC Fight Night: Dos Anjos vs. Edwards,Alexander Hernandez vs. Francisco Trinaldo,Gino Garcia,29,28,1,0,0,0.3333333333333333,0.0
2019-07-20,UFC Fight Night: Dos Anjos vs. Edwards,Andrei Arlovski vs. Ben Rothwell,Jennie Cardenas,30,27,1,82,0,-1.4000000000000001,0.0
2019-07-20,UFC Fight Night: Dos Anjos vs. Edwards,Andrei Arlovski vs. Ben Rothwell,Perry Hillin,30,27,1,82,0,-1.4000000000000001,0.0
2019-07-20,UFC Fight Night: Dos Anjos vs. Edwards,Andrei Arlovski vs. Ben Rothwell,Ruben Carrion,30,27,1,82,0,-1.4000000000000001,0.0
2019-07-20,UFC Fight Night: Dos Anjos vs. Edwards,Alex Caceres vs. Steven Peterson,Jennie Cardenas,30,27,1,27,-2,-2.6500000000000004,0.0
2019-07-20,UFC Fight Night: Dos Anjos vs. Edwards,Alex Caceres vs. Steven Peterson,Ruben Carrion,29,28,1,27,-2,-2.6500000000000004,0.0
2019-07-20,UFC Fight Night: Dos Anjos vs. Edwards,Alex Caceres vs. Steven Peterson,Gino Garcia,29,28,1,27,-2,-2.6500000000000004,0.0
2019-07-20,UFC Fight Night: Dos Anjos vs. Edwards,Raquel Pennington vs. Irene Aldana,Ruben Carrion,28,29,0,-5,1,5.45,0.0
2019-07-20,UFC Fight Night: Dos Anjos vs. Edwards,Raquel Pennington vs. Irene Aldana,Perry Hillin,29,28,1,-5,1,5.45,0.0
2019-07-20,UFC Fight Night: Dos Anjos vs. Edwards,Raquel Pennington vs. Irene Aldana,Marcos Rosales,29,28,1,-5,1,5.45,0.0
2019-07-20,UFC Fight Night: Dos Anjos vs. Edwards,Sam Alvey vs. Klidson Abreu,Jennie Cardenas,27,30,0,-8,-1,1.6833333333333331,0.0
2019-07-20,UFC Fight Night: Dos Anjos vs. Edwards,Sam Alvey vs. Klidson Abreu,Ruben Carrion,27,30,0,-8,-1,1.6833333333333331,0.0
2019-07-20,UFC Fight Night: Dos Anjos vs. Edwards,Sam Alvey vs. Klidson Abreu,Perry Hillin,28,29,0,-8,-1,1.6833333333333331,0.0
2019-07-20,UFC Fight Night: Dos Anjos vs. Edwards,Roxanne Modafferi vs. Jennifer Maia,Jennie Cardenas,27,30,0,-54,0,0.2333333333333334,0.0
2019-07-20,UFC Fight Night: Dos Anjos vs. Edwards,Roxanne Modafferi vs. Jennifer Maia,Ruben Carrion,27,30,0,-54,0,0.2333333333333334,0.0
2019-07-20,UFC Fight Night: Dos Anjos vs. Edwards,Roxanne Modafferi vs. Jennifer Maia,Gino Garcia,27,30,0,-54,0,0.2333333333333334,0.0
2019-07-20,UFC Fight Night: Dos Anjos vs. Edwards,Ray Borg vs. Gabriel Silva,Marcos Rosales,29,28,1,7,5,4.083333333333332,0.0
2019-07-20,UFC Fight Night: Dos Anjos vs. Edwards,Ray Borg vs. Gabriel Silva,Perry Hillin,29,28,1,7,5,4.083333333333332,0.0
2019-07-20,UFC Fight Night: Dos Anjos vs. Edwards,Ray Borg vs. Gabriel Silva,Ruben Carrion,29,28,1,7,5,4.083333333333332,0.0
2019-07-20,UFC Fight Night: Dos Anjos vs. Edwards,Mario Bautista vs. Jin Soo Son,Jennie Cardenas,30,27,1,34,-2,-0.7166666666666667,0.0
2019-07-20,UFC Fight Night: Dos Anjos vs. Edwards,Mario Bautista vs. Jin Soo Son,Perry Hillin,30,27,1,34,-2,-0.7166666666666667,0.0
2019-07-20,UFC Fight Night: Dos Anjos vs. Edwards,Mario Bautista vs. Jin Soo Son,Gino Garcia,29,28,1,34,-2,-0.7166666666666667,0.0
2019-07-20,UFC Fight Night: Dos Anjos vs. Edwards,Domingo Pilarte vs. Felipe Colares,Marcelo Vilhena,28,29,0,-12,0,-0.45000000000000107,0.0
2019-07-20,UFC Fight Night: Dos Anjos vs. Edwards,Domingo Pilarte vs. Felipe Colares,Jennie Cardenas,29,28,1,-12,0,-0.45000000000000107,0.0
2019-07-20,UFC Fight Night: Dos Anjos vs. Edwards,Domingo Pilarte vs. Felipe Colares,Gino Garcia,28,29,0,-12,0,-0.45000000000000107,0.0
2019-07-13,UFC Fight Night: De Randamie vs. Ladd,Karl Roberson vs. Wellington Turman,Derek Cleary,28,29,0,25,-4,-1.1166666666666671,0.0
2019-07-13,UFC Fight Night: De Randamie vs. Ladd,Karl Roberson vs. Wellington Turman,Wade Vierra,29,28,1,25,-4,-1.1166666666666671,0.0
2019-07-13,UFC Fight Night: De Randamie vs. Ladd,Karl Roberson vs. Wellington Turman,Mike Bell,29,28,1,25,-4,-1.1166666666666671,0.0
2019-07-13,UFC Fight Night: De Randamie vs. Ladd,Marvin Vettori vs. Cezar Ferreira,Mike Bell,30,27,1,39,2,2.4166666666666665,0.0
2019-07-13,UFC Fight Night: De Randamie vs. Ladd,Marvin Vettori vs. Cezar Ferreira,Ron McCarthy,30,27,1,39,2,2.4166666666666665,0.0
2019-07-13,UFC Fight Night: De Randamie vs. Ladd,Marvin Vettori vs. Cezar Ferreira,Derek Cleary,30,27,1,39,2,2.4166666666666665,0.0
2019-07-13,UFC Fight Night: De Randamie vs. Ladd,Julianna Pena vs. Nicco Montano,Mike Bell,29,28,1,7,-1,-1.583333333333333,0.0
2019-07-13,UFC Fight Night: De Randamie vs. Ladd,Julianna Pena vs. Nicco Montano,Derek Cleary,29,28,1,7,-1,-1.583333333333333,0.0
2019-07-13,UFC Fight Night: De Randamie vs. Ladd,Julianna Pena vs. Nicco Montano,Ron McCarthy,29,27,1,7,-1,-1.583333333333333,0.0
2019-07-13,UFC Fight Night: De Randamie vs. Ladd,Darren Elkins vs. Ryan Hall,Wade Vierra,28,29,0,-7,0,1.7,-2.0
2019-07-13,UFC Fight Night: De Randamie vs. Ladd,Darren Elkins vs. Ryan Hall,Marcos Rosales,28,29,0,-7,0,1.7,-2.0
2019-07-13,UFC Fight Night: De Randamie vs. Ladd,Darren Elkins vs. Ryan Hall,Ron McCarthy,27,30,0,-7,0,1.7,-2.0
2019-07-13,UFC Fight Night: De Randamie vs. Ladd,Livinha Souza vs. Brianna Fortino,Wade Vierra,27,30,0,-49,-1,-3.95,0.0
2019-07-13,UFC Fight Night: De Randamie vs. Ladd,Livinha Souza vs. Brianna Fortino,Marcos Rosales,27,30,0,-49,-1,-3.95,0.0
2019-07-13,UFC Fight Night: De Randamie vs. Ladd,Livinha Souza vs. Brianna Fortino,Mike Bell,27,30,0,-49,-1,-3.95,0.0
2019-07-13,UFC Fight Night: De Randamie vs. Ladd,Benito Lopez vs. Vince Morales,Wade Vierra,29,28,1,-10,0,-0.48333333333333334,-1.0
2019-07-13,UFC Fight Night: De Randamie vs. Ladd,Benito Lopez vs. Vince Morales,Marcos Rosales,29,28,1,-10,0,-0.48333333333333334,-1.0
2019-07-13,UFC Fight Night: De Randamie vs. Ladd,Benito Lopez vs. Vince Morales,Blake Grice,29,28,1,-10,0,-0.48333333333333334,-1.0
2019-07-06,UFC 239: Jones vs. Santos,Jon Jones vs. Thiago Santos,Mike Bell,48,47,1,16,0,0.0,0.0
2019-07-06,UFC 239: Jones vs. Santos,Jon Jones vs. Thiago Santos,Junichiro Kamijo,47,48,0,16,0,0.0,0.0
2019-07-06,UFC 239: Jones vs. Santos,Jon Jones vs. Thiago Santos,Derek Cleary,48,47,1,16,0,0.0,0.0
2019-07-06,UFC 239: Jones vs. Santos,Diego Sanchez vs. Michael Chiesa,Derek Cleary,26,30,0,-40,-4,-9.35,0.0
2019-07-06,UFC 239: Jones vs. Santos,Diego Sanchez vs. Michael Chiesa,Patricia Morse-Jarman,26,30,0,-40,-4,-9.35,0.0
2019-07-06,UFC 239: Jones vs. Santos,Diego Sanchez vs. Michael Chiesa,Junichiro Kamijo,26,30,0,-40,-4,-9.35,0.0
2019-07-06,UFC 239: Jones vs. Santos,Gilbert Melendez vs. Arnold Allen,Mike Bell,27,30,0,-79,-1,-0.8999999999999999,0.0
2019-07-06,UFC 239: Jones vs. Santos,Gilbert Melendez vs. Arnold Allen,Sal D'Amato,27,30,0,-79,-1,-0.8999999999999999,0.0
2019-07-06,UFC 239: Jones vs. Santos,Gilbert Melendez vs. Arnold Allen,Ron McCarthy,27,30,0,-79,-1,-0.8999999999999999,0.0
2019-07-06,UFC 239: Jones vs. Santos,Claudia Gadelha vs. Randa Markos,Mike Bell,30,27,1,15,0,0.11666666666666667,0.0
2019-07-06,UFC 239: Jones vs. Santos,Claudia Gadelha vs. Randa Markos,Derek Cleary,30,27,1,15,0,0.11666666666666667,0.0
2019-07-06,UFC 239: Jones vs. Santos,Claudia Gadelha vs. Randa Markos,Ron McCarthy,30,27,1,15,0,0.11666666666666667,0.0
2019-07-06,UFC 239: Jones vs. Santos,Ismail Naurdiev vs. Chance Rencountre,Tony Weeks,27,30,0,17,0,-10.866666666666667,0.0
2019-07-06,UFC 239: Jones vs. Santos,Ismail Naurdiev vs. Chance Rencountre,Dave Hagen,28,29,0,17,0,-10.866666666666667,0.0
2019-07-06,UFC 239: Jones vs. Santos,Ismail Naurdiev vs. Chance Rencountre,Sal D'Amato,27,29,0,17,0,-10.866666666666667,0.0
2019-07-06,UFC 239: Jones vs. Santos,Julia Avila vs. Pannie Kianzad,Junichiro Kamijo,30,27,1,16,-1,3.0500000000000003,1.0
2019-07-06,UFC 239: Jones vs. Santos,Julia Avila vs. Pannie Kianzad,Derek Cleary,30,26,1,16,-1,3.0500000000000003,1.0
2019-07-06,UFC 239: Jones vs. Santos,Julia Avila vs. Pannie Kianzad,Patricia Morse-Jarman,30,26,1,16,-1,3.0500000000000003,1.0
2019-06-29,UFC Fight Night: Ngannou vs. Dos Santos,Demian Maia vs. Anthony Rocco Martin,Chris Lee,29,28,1,-19,3,4.85,0.0
2019-06-29,UFC Fight Night: Ngannou vs. Dos Santos,Demian Maia vs. Anthony Rocco Martin,Sal D'Amato,29,28,1,-19,3,4.85,0.0
2019-06-29,UFC Fight Night: Ngannou vs. Dos Santos,Roosevelt Roberts vs. Vinc Pichel,Chris Lee,28,29,0,-29,-1,-3.4166666666666665,0.0
2019-06-29,UFC Fight Night: Ngannou vs. Dos Santos,Roosevelt Roberts vs. Vinc Pichel,Derek Cleary,28,29,0,-29,-1,-3.4166666666666665,0.0
2019-06-29,UFC Fight Night: Ngannou vs. Dos Santos,Roosevelt Roberts vs. Vinc Pichel,Nick Vogel,28,29,0,-29,-1,-3.4166666666666665,0.0
2019-06-29,UFC Fight Night: Ngannou vs. Dos Santos,Ricardo Ramos vs. Journey Newson,Nick Vogel,30,27,1,2,3,2.5833333333333335,0.0
2019-06-29,UFC Fight Night: Ngannou vs. Dos Santos,Ricardo Ramos vs. Journey Newson,Nick Palmer,30,27,1,2,3,2.5833333333333335,0.0
2019-06-29,UFC Fight Night: Ngannou vs. Dos Santos,Ricardo Ramos vs. Journey Newson,Derek Cleary,30,27,1,2,3,2.5833333333333335,0.0
2019-06-29,UFC Fight Night: Ngannou vs. Dos Santos,Jared Gordon vs. Dan Moret,Kyle Shiely,30,27,1,14,0,7.5166666666666675,0.0
2019-06-29,UFC Fight Night: Ngannou vs. Dos Santos,Jared Gordon vs. Dan Moret,Sal D'Amato,30,27,1,14,0,7.5166666666666675,0.0
2019-06-29,UFC Fight Night: Ngannou vs. Dos Santos,Jared Gordon vs. Dan Moret,Derek Cleary,29,28,1,14,0,7.5166666666666675,0.0
2019-06-22,UFC Fight Night: Moicano vs. The Korean Zombie,Andre Ewell vs. Anderson Dos Santos,Chris Lee,29,28,1,38,-2,-3.8333333333333335,0.0
2019-06-22,UFC Fight Night: Moicano vs. The Korean Zombie,Andre Ewell vs. Anderson Dos Santos,Nikki Messer,29,28,1,38,-2,-3.8333333333333335,0.0
2019-06-22,UFC Fight Night: Moicano vs. The Korean Zombie,Andre Ewell vs. Anderson Dos Santos,Kevin James,29,27,1,38,-2,-3.8333333333333335,0.0
2019-06-22,UFC Fight Night: Moicano vs. The Korean Zombie,Andrea Lee vs. Montana De La Rosa,Matthew Mesardjian,30,27,1,59,-4,-1.4833333333333334,0.0
2019-06-22,UFC Fight Night: Moicano vs. The Korean Zombie,Andrea Lee vs. Montana De La Rosa,Derek Cleary,30,27,1,59,-4,-1.4833333333333334,0.0
2019-06-22,UFC Fight Night: Moicano vs. The Korean Zombie,Andrea Lee vs. Montana De La Rosa,Eric Colon,29,28,1,59,-4,-1.4833333333333334,0.0
2019-06-22,UFC Fight Night: Moicano vs. The Korean Zombie,Kevin Holland vs. Alessio Di Chirico,Kevin James,29,28,1,7,-2,1.616666666666667,0.0
2019-06-22,UFC Fight Night: Moicano vs. The Korean Zombie,Kevin Holland vs. Alessio Di Chirico,Chris Lee,29,28,1,7,-2,1.616666666666667,0.0
2019-06-22,UFC Fight Night: Moicano vs. The Korean Zombie,Kevin Holland vs. Alessio Di Chirico,Sal D'Amato,29,28,1,7,-2,1.616666666666667,0.0
2019-06-22,UFC Fight Night: Moicano vs. The Korean Zombie,Dan Ige vs. Kevin Aguilar,Eric Colon,29,28,1,38,0,1.7999999999999994,1.0
2019-06-22,UFC Fight Night: Moicano vs. The Korean Zombie,Dan Ige vs. Kevin Aguilar,Nikki Messer,29,28,1,38,0,1.7999999999999994,1.0
2019-06-22,UFC Fight Night: Moicano vs. The Korean Zombie,Dan Ige vs. Kevin Aguilar,Derek Cleary,29,27,1,38,0,1.7999999999999994,1.0
2019-06-22,UFC Fight Night: Moicano vs. The Korean Zombie,Ashley Yoder vs. Syuri Kondo,Chris Lee,30,26,1,52,1,12.549999999999999,0.0
2019-06-22,UFC Fight Night: Moicano vs. The Korean Zombie,Ashley Yoder vs. Syuri Kondo,Sal D'Amato,30,25,1,52,1,12.549999999999999,0.0
2019-06-22,UFC Fight Night: Moicano vs. The Korean Zombie,Ashley Yoder vs. Syuri Kondo,Matthew Mesardjian,30,24,1,52,1,12.549999999999999,0.0
2019-06-22,UFC Fight Night: Moicano vs. The Korean Zombie,Ariane da Silva vs. Molly McCann,Nikki Messer,27,30,0,-40,-2,-0.6833333333333333,0.0
2019-06-22,UFC Fight Night: Moicano vs. The Korean Zombie,Ariane da Silva vs. Molly McCann,Kevin James,27,30,0,-40,-2,-0.6833333333333333,0.0
2019-06-22,UFC Fight Night: Moicano vs. The Korean Zombie,Ariane da Silva vs. Molly McCann,Derek Cleary,27,30,0,-40,-2,-0.6833333333333333,0.0
2019-06-22,UFC Fight Night: Moicano vs. The Korean Zombie,Deron Winn vs. Eric Spicely,Eric Colon,29,28,1,61,0,1.25,0.0
2019-06-22,UFC Fight Night: Moicano vs. The Korean Zombie,Deron Winn vs. Eric Spicely,Matthew Mesardjian,29,28,1,61,0,1.25,0.0
2019-06-22,UFC Fight Night: Moicano vs. The Korean Zombie,Deron Winn vs. Eric Spicely,Chris Lee,29,28,1,61,0,1.25,0.0
2019-06-08,UFC 238: Cejudo vs. Moraes,Jimmie Rivera vs. Petr Yan,Brandon Mason,28,29,0,17,-1,0.0,-2.0
2019-06-08,UFC 238: Cejudo vs. Moraes,Jimmie Rivera vs. Petr Yan,Sal D'Amato,28,29,0,17,-1,0.0,-2.0
2019-06-08,UFC 238: Cejudo vs. Moraes,Jimmie Rivera vs. Petr Yan,Gabriel Sabaitis,27,30,0,17,-1,0.0,-2.0
2019-06-08,UFC 238: Cejudo vs. Moraes,Tai Tuivasa vs. Blagoy Ivanov,Brian Puccillo,28,29,0,-9,-2,0.0,-1.0
2019-06-08,UFC 238: Cejudo vs. Moraes,Tai Tuivasa vs. Blagoy Ivanov,Chris Lee,27,30,0,-9,-2,0.0,-1.0
2019-06-08,UFC 238: Cejudo vs. Moraes,Tai Tuivasa vs. Blagoy Ivanov,Brandon Mason,27,30,0,-9,-2,0.0,-1.0
2019-06-08,UFC 238: Cejudo vs. Moraes,Tatiana Suarez vs. Nina Nunes,Gabriel Sabaitis,29,28,1,27,4,8.266666666666666,0.0
2019-06-08,UFC 238: Cejudo vs. Moraes,Tatiana Suarez vs. Nina Nunes,Ron McCarthy,29,28,1,27,4,8.266666666666666,0.0
2019-06-08,UFC 238: Cejudo vs. Moraes,Tatiana Suarez vs. Nina Nunes,Brian Puccillo,29,28,1,27,4,8.266666666666666,0.0
2019-06-08,UFC 238: Cejudo vs. Moraes,Aljamain Sterling vs. Pedro Munhoz,Gabriel Sabaitis,30,27,1,69,0,-0.08333333333333334,0.0
2019-06-08,UFC 238: Cejudo vs. Moraes,Aljamain Sterling vs. Pedro Munhoz,Ron McCarthy,30,27,1,69,0,-0.08333333333333334,0.0
2019-06-08,UFC 238: Cejudo vs. Moraes,Aljamain Sterling vs. Pedro Munhoz,Brian Puccillo,30,27,1,69,0,-0.08333333333333334,0.0
2019-06-08,UFC 238: Cejudo vs. Moraes,Karolina Kowalkiewicz vs. Alexa Grasso,Sal D'Amato,27,30,0,-58,0,0.43333333333333335,0.0
2019-06-08,UFC 238: Cejudo vs. Moraes,Karolina Kowalkiewicz vs. Alexa Grasso,Brandon Mason,27,30,0,-58,0,0.43333333333333335,0.0
2019-06-08,UFC 238: Cejudo vs. Moraes,Karolina Kowalkiewicz vs. Alexa Grasso,Chris Lee,27,30,0,-58,0,0.43333333333333335,0.0
2019-06-08,UFC 238: Cejudo vs. Moraes,Yan Xiaonan vs. Angela Hill,Gabriel Sabaitis,29,28,1,23,0,0.9166666666666665,0.0
2019-06-08,UFC 238: Cejudo vs. Moraes,Yan Xiaonan vs. Angela Hill,Ron McCarthy,29,28,1,23,0,0.9166666666666665,0.0
2019-06-08,UFC 238: Cejudo vs. Moraes,Yan Xiaonan vs. Angela Hill,Brian Puccillo,29,28,1,23,0,0.9166666666666665,0.0
2019-06-08,UFC 238: Cejudo vs. Moraes,Bevon Lewis vs. Darren Stewart,Brian Puccillo,28,29,0,1,0,2.0500000000000003,0.0
2019-06-08,UFC 238: Cejudo vs. Moraes,Bevon Lewis vs. Darren Stewart,Ron McCarthy,28,29,0,1,0,2.0500000000000003,0.0
2019-06-08,UFC 238: Cejudo vs. Moraes,Bevon Lewis vs. Darren Stewart,Gabriel Sabaitis,27,30,0,1,0,2.0500000000000003,0.0
2019-06-08,UFC 238: Cejudo vs. Moraes,Katlyn Cerminara vs. Joanne Wood,Sal D'Amato,30,27,1,-30,-3,-2.15,0.0
2019-06-08,UFC 238: Cejudo vs. Moraes,Katlyn Cerminara vs. Joanne Wood,Brandon Mason,29,28,1,-30,-3,-2.15,0.0
2019-06-08,UFC 238: Cejudo vs. Moraes,Katlyn Cerminara vs. Joanne Wood,Chris Lee,29,28,1,-30,-3,-2.15,0.0
2019-06-01,UFC Fight Night: Gustafsson vs. Smith,Damir Hadzovic vs. Christos Giagos,Madelein Fagerlind,27,30,0,-23,-5,-3.3000000000000003,0.0
2019-06-01,UFC Fight Night: Gustafsson vs. Smith,Damir Hadzovic vs. Christos Giagos,David Lethaby,27,29,0,-23,-5,-3.3000000000000003,0.0
2019-06-01,UFC Fight Night: Gustafsson vs. Smith,Damir Hadzovic vs. Christos Giagos,Ben Cartlidge,28,29,0,-23,-5,-3.3000000000000003,0.0
2019-06-01,UFC Fight Night: Gustafsson vs. Smith,Daniel Teymur vs. Sung Bin Jo,Madelein Fagerlind,30,27,1,19,0,3.7500000000000004,0.0
2019-06-01,UFC Fight Night: Gustafsson vs. Smith,Daniel Teymur vs. Sung Bin Jo,Dave Tirelli,30,27,1,19,0,3.7500000000000004,0.0
2019-06-01,UFC Fight Night: Gustafsson vs. Smith,Daniel Teymur vs. Sung Bin Jo,Anders Ohlsson,29,28,1,19,0,3.7500000000000004,0.0
2019-06-01,UFC Fight Night: Gustafsson vs. Smith,Rostem Akman vs. Sergey Khandozhko,Ben Cartlidge,28,29,0,-21,1,2.3000000000000003,-1.0
2019-06-01,UFC Fight Night: Gustafsson vs. Smith,Rostem Akman vs. Sergey Khandozhko,Mark Collett,28,29,0,-21,1,2.3000000000000003,-1.0
2019-06-01,UFC Fight Night: Gustafsson vs. Smith,Rostem Akman vs. Sergey Khandozhko,Andreas Gruner,28,29,0,-21,1,2.3000000000000003,-1.0
2019-06-01,UFC Fight Night: Gustafsson vs. Smith,Tonya Evinger vs. Lina Lansberg,David Lethaby,26,30,0,-44,0,-2.249999999999999,0.0
2019-06-01,UFC Fight Night: Gustafsson vs. Smith,Tonya Evinger vs. Lina Lansberg,Anders Ohlsson,27,30,0,-44,0,-2.249999999999999,0.0
2019-06-01,UFC Fight Night: Gustafsson vs. Smith,Tonya Evinger vs. Lina Lansberg,Dave Tirelli,26,30,0,-44,0,-2.249999999999999,0.0
2019-06-01,UFC Fight Night: Gustafsson vs. Smith,Darko Stosic vs. Devin Clark,David Lethaby,28,29,0,-14,-1,2.333333333333334,0.0
2019-06-01,UFC Fight Night: Gustafsson vs. Smith,Darko Stosic vs. Devin Clark,Mark Collett,28,29,0,-14,-1,2.333333333333334,0.0
2019-06-01,UFC Fight Night: Gustafsson vs. Smith,Darko Stosic vs. Devin Clark,Anders Ohlsson,28,29,0,-14,-1,2.333333333333334,0.0
2019-05-18,UFC Fight Night: Dos Anjos vs. Lee,Antonio Carlos Junior vs. Ian Heinisch,Derek Cleary,28,29,0,-24,3,1.6833333333333345,0.0
2019-05-18,UFC Fight Night: Dos Anjos vs. Lee,Antonio Carlos Junior vs. Ian Heinisch,Bryan Miner,28,29,0,-24,3,1.6833333333333345,0.0
2019-05-18,UFC Fight Night: Dos Anjos vs. Lee,Antonio Carlos Junior vs. Ian Heinisch,Tim Corrado,28,29,0,-24,3,1.6833333333333345,0.0
2019-05-18,UFC Fight Night: Dos Anjos vs. Lee,Davi Ramos vs. Austin Hubbard,Bryan Miner,30,27,1,19,3,3.2666666666666666,0.0
2019-05-18,UFC Fight Night: Dos Anjos vs. Lee,Davi Ramos vs. Austin Hubbard,Sal D'Amato,30,27,1,19,3,3.2666666666666666,0.0
2019-05-18,UFC Fight Night: Dos Anjos vs. Lee,Davi Ramos vs. Austin Hubbard,Eric Colon,30,27,1,19,3,3.2666666666666666,0.0
2019-05-18,UFC Fight Night: Dos Anjos vs. Lee,Aspen Ladd vs. Sijara Eubanks,Derek Cleary,29,28,1,-8,1,4.466666666666667,0.0
2019-05-18,UFC Fight Night: Dos Anjos vs. Lee,Aspen Ladd vs. Sijara Eubanks,Bryan Miner,29,27,1,-8,1,4.466666666666667,0.0
2019-05-18,UFC Fight Night: Dos Anjos vs. Lee,Aspen Ladd vs. Sijara Eubanks,Eric Colon,30,26,1,-8,1,4.466666666666667,0.0
2019-05-18,UFC Fight Night: Dos Anjos vs. Lee,Desmond Green vs. Charles Jourdain,Tim Corrado,30,27,1,23,4,2.0166666666666666,0.0
2019-05-18,UFC Fight Night: Dos Anjos vs. Lee,Desmond Green vs. Charles Jourdain,Bryan Miner,30,27,1,23,4,2.0166666666666666,0.0
2019-05-18,UFC Fight Night: Dos Anjos vs. Lee,Desmond Green vs. Charles Jourdain,Eric Colon,29,28,1,23,4,2.0166666666666666,0.0
2019-05-11,UFC 237: Namajunas vs. Andrade,Jose Aldo vs. Alexander Volkanovski,Guilherme Bravo,27,30,0,-66,0,-4.316666666666667,0.0
2019-05-11,UFC 237: Namajunas vs. Andrade,Jose Aldo vs. Alexander Volkanovski,Sal D'Amato,27,30,0,-66,0,-4.316666666666667,0.0
2019-05-11,UFC 237: Namajunas vs. Andrade,Jose Aldo vs. Alexander Volkanovski,Dave Tirelli,27,30,0,-66,0,-4.316666666666667,0.0
2019-05-11,UFC 237: Namajunas vs. Andrade,Thiago Alves vs. Laureano Staropoli,Sal D'Amato,27,30,0,4,0,-0.08333333333333331,0.0
2019-05-11,UFC 237: Namajunas vs. Andrade,Thiago Alves vs. Laureano Staropoli,Marcelo Vilhena,27,30,0,4,0,-0.08333333333333331,0.0
2019-05-11,UFC 237: Namajunas vs. Andrade,Thiago Alves vs. Laureano Staropoli,Derek Cleary,28,29,0,4,0,-0.08333333333333331,0.0
2019-05-11,UFC 237: Namajunas vs. Andrade,Thiago Moises vs. Kurt Holobaugh,Fabio Alves,30,26,1,27,2,4.633333333333334,0.0
2019-05-11,UFC 237: Namajunas vs. Andrade,Thiago Moises vs. Kurt Holobaugh,Guilherme Bravo,30,26,1,27,2,4.633333333333334,0.0
2019-05-11,UFC 237: Namajunas vs. Andrade,Thiago Moises vs. Kurt Holobaugh,Sal D'Amato,30,27,1,27,2,4.633333333333334,0.0
2019-05-11,UFC 237: Namajunas vs. Andrade,BJ Penn vs. Clay Guida,Fabio Alves,28,29,0,-16,-1,-4.05,0.0
2019-05-11,UFC 237: Namajunas vs. Andrade,BJ Penn vs. Clay Guida,Derek Cleary,28,29,0,-16,-1,-4.05,0.0
2019-05-11,UFC 237: Namajunas vs. Andrade,BJ Penn vs. Clay Guida,Hallison Pontes,27,29,0,-16,-1,-4.05,0.0
2019-05-11,UFC 237: Namajunas vs. Andrade,Luana Carolina vs. Priscila Cachoeira,Fabio Alves,30,26,1,42,0,2.6333333333333333,1.0
2019-05-11,UFC 237: Namajunas vs. Andrade,Luana Carolina vs. Priscila Cachoeira,Dave Tirelli,30,26,1,42,0,2.6333333333333333,1.0
2019-05-11,UFC 237: Namajunas vs. Andrade,Luana Carolina vs. Priscila Cachoeira,Hallison Pontes,29,27,1,42,0,2.6333333333333333,1.0
2019-05-04,UFC Fight Night: Iaquinta vs. Cowboy,Al Iaquinta vs. Donald Cerrone,Dave Tirelli,46,49,0,-48,0,-0.36666666666666664,-2.0
2019-05-04,UFC Fight Night: Iaquinta vs. Cowboy,Al Iaquinta vs. Donald Cerrone,Jason Rodgers,45,49,0,-48,0,-0.36666666666666664,-2.0
2019-05-04,UFC Fight Night: Iaquinta vs. Cowboy,Al Iaquinta vs. Donald Cerrone,Eric Colon,45,49,0,-48,0,-0.36666666666666664,-2.0
2019-05-04,UFC Fight Night: Iaquinta vs. Cowboy,Derek Brunson vs. Elias Theodorou,David Therien,29,28,1,-9,4,3.1333333333333333,0.0
2019-05-04,UFC Fight Night: Iaquinta vs. Cowboy,Derek Brunson vs. Elias Theodorou,Eric Colon,29,28,1,-9,4,3.1333333333333333,0.0
2019-05-04,UFC Fight Night: Iaquinta vs. Cowboy,Derek Brunson vs. Elias Theodorou,Dave Tirelli,30,27,1,-9,4,3.1333333333333333,0.0
2019-05-04,UFC Fight Night: Iaquinta vs. Cowboy,Cub Swanson vs. Shane Burgos,David Therien,30,27,1,-5,0,1.6166666666666667,0.0
2019-05-04,UFC Fight Night: Iaquinta vs. Cowboy,Cub Swanson vs. Shane Burgos,Declan Woods,27,30,0,-5,0,1.6166666666666667,0.0
2019-05-04,UFC Fight Night: Iaquinta vs. Cowboy,Cub Swanson vs. Shane Burgos,Eric Colon,28,29,0,-5,0,1.6166666666666667,0.0
2019-05-04,UFC Fight Night: Iaquinta vs. Cowboy,Brad Katona vs. Merab Dvalishvili,Declan Woods,27,30,0,-23,-5,-7.916666666666666,0.0
2019-05-04,UFC Fight Night: Iaquinta vs. Cowboy,Brad Katona vs. Merab Dvalishvili,Dave Tirelli,27,30,0,-23,-5,-7.916666666666666,0.0
2019-05-04,UFC Fight Night: Iaquinta vs. Cowboy,Brad Katona vs. Merab Dvalishvili,Jason Rodgers,27,30,0,-23,-5,-7.916666666666666,0.0
2019-05-04,UFC Fight Night: Iaquinta vs. Cowboy,Marc-Andre Barriault vs. Andrew Sanchez,Declan Woods,28,29,0,-3,-2,-6.250000000000001,0.0
2019-05-04,UFC Fight Night: Iaquinta vs. Cowboy,Marc-Andre Barriault vs. Andrew Sanchez,David Therien,28,29,0,-3,-2,-6.250000000000001,0.0
2019-05-04,UFC Fight Night: Iaquinta vs. Cowboy,Marc-Andre Barriault vs. Andrew Sanchez,Eric Colon,28,29,0,-3,-2,-6.250000000000001,0.0
2019-05-04,UFC Fight Night: Iaquinta vs. Cowboy,Aiemann Zahabi vs. Vince Morales,Kyle Costello,28,29,0,-31,1,0.6333333333333333,0.0
2019-05-04,UFC Fight Night: Iaquinta vs. Cowboy,Aiemann Zahabi vs. Vince Morales,Jason Rodgers,28,29,0,-31,1,0.6333333333333333,0.0
2019-05-04,UFC Fight Night: Iaquinta vs. Cowboy,Aiemann Zahabi vs. Vince Morales,Dave Tirelli,28,29,0,-31,1,0.6333333333333333,0.0
2019-05-04,UFC Fight Night: Iaquinta vs. Cowboy,Nordine Taleb vs. Kyle Prepolec,Saleem Haniff,30,27,1,38,0,0.05,0.0
2019-05-04,UFC Fight Night: Iaquinta vs. Cowboy,Nordine Taleb vs. Kyle Prepolec,Jason Rodgers,30,27,1,38,0,0.05,0.0
2019-05-04,UFC Fight Night: Iaquinta vs. Cowboy,Nordine Taleb vs. Kyle Prepolec,Eric Colon,30,27,1,38,0,0.05,0.0
2019-05-04,UFC Fight Night: Iaquinta vs. Cowboy,Arjan Bhullar vs. Juan Adams,Patrick Buckley,29,28,1,-40,2,3.883333333333333,0.0
2019-05-04,UFC Fight Night: Iaquinta vs. Cowboy,Arjan Bhullar vs. Juan Adams,David Therien,29,28,1,-40,2,3.883333333333333,0.0
2019-05-04,UFC Fight Night: Iaquinta vs. Cowboy,Arjan Bhullar vs. Juan Adams,Dave Tirelli,30,27,1,-40,2,3.883333333333333,0.0
2019-05-04,UFC Fight Night: Iaquinta vs. Cowboy,Mitch Gagnon vs. Cole Smith,Patricia Vandermeer,28,29,0,-23,-2,-5.966666666666667,1.0
2019-05-04,UFC Fight Night: Iaquinta vs. Cowboy,Mitch Gagnon vs. Cole Smith,Jason Rodgers,28,29,0,-23,-2,-5.966666666666667,1.0
2019-05-04,UFC Fight Night: Iaquinta vs. Cowboy,Mitch Gagnon vs. Cole Smith,Dave Tirelli,27,30,0,-23,-2,-5.966666666666667,1.0
2019-04-27,UFC Fight Night: Jacare vs. Hermansson,Jacare Souza vs. Jack Hermansson,Chris Lee,47,48,0,-58,-3,-6.366666666666666,0.0
2019-04-27,UFC Fight Night: Jacare vs. Hermansson,Jacare Souza vs. Jack Hermansson,Derek Cleary,46,49,0,-58,-3,-6.366666666666666,0.0
2019-04-27,UFC Fight Night: Jacare vs. Hermansson,Jacare Souza vs. Jack Hermansson,Sal D'Amato,47,48,0,-58,-3,-6.366666666666666,0.0
2019-04-27,UFC Fight Night: Jacare vs. Hermansson,Alex Oliveira vs. Mike Perry,Sal D'Amato,28,29,0,-17,0,-0.8499999999999999,0.0
2019-04-27,UFC Fight Night: Jacare vs. Hermansson,Alex Oliveira vs. Mike Perry,Derek Cleary,28,29,0,-17,0,-0.8499999999999999,0.0
2019-04-27,UFC Fight Night: Jacare vs. Hermansson,Alex Oliveira vs. Mike Perry,Daniel Torres,28,29,0,-17,0,-0.8499999999999999,0.0
2019-04-27,UFC Fight Night: Jacare vs. Hermansson,John Lineker vs. Cory Sandhagen,Derek Cleary,28,29,0,-14,-1,-0.35,0.0
2019-04-27,UFC Fight Night: Jacare vs. Hermansson,John Lineker vs. Cory Sandhagen,Chris Lee,29,28,1,-14,-1,-0.35,0.0
2019-04-27,UFC Fight Night: Jacare vs. Hermansson,John Lineker vs. Cory Sandhagen,Barry Luxenberg,28,29,0,-14,-1,-0.35,0.0
2019-04-27,UFC Fight Night: Jacare vs. Hermansson,Roosevelt Roberts vs. Thomas Gifford,Sal D'Amato,30,27,1,23,1,7.5,0.0
2019-04-27,UFC Fight Night: Jacare vs. Hermansson,Roosevelt Roberts vs. Thomas Gifford,Chris Lee,30,27,1,23,1,7.5,0.0
2019-04-27,UFC Fight Night: Jacare vs. Hermansson,Roosevelt Roberts vs. Thomas Gifford,Derek Cleary,30,27,1,23,1,7.5,0.0
2019-04-27,UFC Fight Night: Jacare vs. Hermansson,Andrei Arlovski vs. Augusto Sakai,Troy Wincapaw,28,29,0,33,0,-1.5999999999999999,0.0
2019-04-27,UFC Fight Night: Jacare vs. Hermansson,Andrei Arlovski vs. Augusto Sakai,Derek Cleary,29,28,1,33,0,-1.5999999999999999,0.0
2019-04-27,UFC Fight Night: Jacare vs. Hermansson,Andrei Arlovski vs. Augusto Sakai,Chris Lee,28,29,0,33,0,-1.5999999999999999,0.0
2019-04-27,UFC Fight Night: Jacare vs. Hermansson,Carla Esparza vs. Virna Jandiroba,Barry Luxenberg,30,27,1,8,1,1.6166666666666671,0.0
2019-04-27,UFC Fight Night: Jacare vs. Hermansson,Carla Esparza vs. Virna Jandiroba,Derek Cleary,29,28,1,8,1,1.6166666666666671,0.0
2019-04-27,UFC Fight Night: Jacare vs. Hermansson,Carla Esparza vs. Virna Jandiroba,Sal D'Amato,29,28,1,8,1,1.6166666666666671,0.0
2019-04-27,UFC Fight Night: Jacare vs. Hermansson,Angela Hill vs. Jodie Esquibel,Barry Luxenberg,29,28,1,60,0,-0.29999999999999993,0.0
2019-04-27,UFC Fight Night: Jacare vs. Hermansson,Angela Hill vs. Jodie Esquibel,Daniel Torres,30,27,1,60,0,-0.29999999999999993,0.0
2019-04-27,UFC Fight Night: Jacare vs. Hermansson,Angela Hill vs. Jodie Esquibel,Troy Wincapaw,30,27,1,60,0,-0.29999999999999993,0.0
2019-04-27,UFC Fight Night: Jacare vs. Hermansson,Court McGee vs. Dhiego Lima,Sal D'Amato,27,30,0,0,0,0.33333333333333326,1.0
2019-04-27,UFC Fight Night: Jacare vs. Hermansson,Court McGee vs. Dhiego Lima,Richard Bertrand,29,28,1,0,0,0.33333333333333326,1.0
2019-04-27,UFC Fight Night: Jacare vs. Hermansson,Court McGee vs. Dhiego Lima,Chris Lee,28,29,0,0,0,0.33333333333333326,1.0
2019-04-20,UFC Fight Night: Overeem vs. Oleinik,Islam Makhachev vs. Arman Tsarukyan,Lukasz Bosacki,30,27,1,1,3,4.3500000000000005,0.0
2019-04-20,UFC Fight Night: Overeem vs. Oleinik,Islam Makhachev vs. Arman Tsarukyan,Howard Hughes,30,27,1,1,3,4.3500000000000005,0.0
2019-04-20,UFC Fight Night: Overeem vs. Oleinik,Islam Makhachev vs. Arman Tsarukyan,David Lethaby,29,28,1,1,3,4.3500000000000005,0.0
2019-04-20,UFC Fight Night: Overeem vs. Oleinik,Roxanne Modafferi vs. Antonina Shevchenko,Mark Collett,29,28,1,-31,5,8.166666666666666,0.0
2019-04-20,UFC Fight Night: Overeem vs. Oleinik,Roxanne Modafferi vs. Antonina Shevchenko,Maria Makhmutova,28,29,0,-31,5,8.166666666666666,0.0
2019-04-20,UFC Fight Night: Overeem vs. Oleinik,Roxanne Modafferi vs. Antonina Shevchenko,Howard Hughes,29,28,1,-31,5,8.166666666666666,0.0
2019-04-20,UFC Fight Night: Overeem vs. Oleinik,Krzysztof Jotko vs. Alen Amedovski,Ben Cartlidge,30,25,1,37,4,9.4,0.0
2019-04-20,UFC Fight Night: Overeem vs. Oleinik,Krzysztof Jotko vs. Alen Amedovski,David Lethaby,30,26,1,37,4,9.4,0.0
2019-04-20,UFC Fight Night: Overeem vs. Oleinik,Krzysztof Jotko vs. Alen Amedovski,Maciej Motylewski,30,26,1,37,4,9.4,0.0
2019-04-20,UFC Fight Night: Overeem vs. Oleinik,Movsar Evloev vs. SeungWoo Choi,Lukasz Bosacki,29,27,1,24,5,11.700000000000001,0.0
2019-04-20,UFC Fight Night: Overeem vs. Oleinik,Movsar Evloev vs. SeungWoo Choi,Maria Makhmutova,29,27,1,24,5,11.700000000000001,0.0
2019-04-20,UFC Fight Night: Overeem vs. Oleinik,Movsar Evloev vs. SeungWoo Choi,Howard Hughes,29,26,1,24,5,11.700000000000001,0.0
2019-04-20,UFC Fight Night: Overeem vs. Oleinik,Sultan Aliev vs. Keita Nakamura,Lukasz Bosacki,30,27,1,-4,2,5.466666666666667,0.0
2019-04-20,UFC Fight Night: Overeem vs. Oleinik,Sultan Aliev vs. Keita Nakamura,Mark Collett,30,27,1,-4,2,5.466666666666667,0.0
2019-04-20,UFC Fight Night: Overeem vs. Oleinik,Sultan Aliev vs. Keita Nakamura,Howard Hughes,30,27,1,-4,2,5.466666666666667,0.0
2019-04-13,UFC 236: Holloway vs. Poirier 2,Max Holloway vs. Dustin Poirier,Sal D'Amato,46,49,0,3,-1,-3.483333333333333,0.0
2019-04-13,UFC 236: Holloway vs. Poirier 2,Max Holloway vs. Dustin Poirier,Mike Bell,46,49,0,3,-1,-3.483333333333333,0.0
2019-04-13,UFC 236: Holloway vs. Poirier 2,Max Holloway vs. Dustin Poirier,Derek Cleary,46,49,0,3,-1,-3.483333333333333,0.0
2019-04-13,UFC 236: Holloway vs. Poirier 2,Kelvin Gastelum vs. Israel Adesanya,Mike Bell,46,48,0,-18,1,0.65,-4.0
2019-04-13,UFC 236: Holloway vs. Poirier 2,Kelvin Gastelum vs. Israel Adesanya,Anthony Maness,46,48,0,-18,1,0.65,-4.0
2019-04-13,UFC 236: Holloway vs. Poirier 2,Kelvin Gastelum vs. Israel Adesanya,Ken Coffey,46,48,0,-18,1,0.65,-4.0
2019-04-13,UFC 236: Holloway vs. Poirier 2,Eryk Anders vs. Khalil Rountree Jr.,Nate Mann,26,30,0,-63,0,-0.6833333333333333,-4.0
2019-04-13,UFC 236: Holloway vs. Poirier 2,Eryk Anders vs. Khalil Rountree Jr.,Will Fisher,26,30,0,-63,0,-0.6833333333333333,-4.0
2019-04-13,UFC 236: Holloway vs. Poirier 2,Eryk Anders vs. Khalil Rountree Jr.,Sal D'Amato,26,30,0,-63,0,-0.6833333333333333,-4.0
2019-04-13,UFC 236: Holloway vs. Poirier 2,Alan Jouban vs. Dwight Grant,Ken Coffey,28,29,0,-14,1,0.48333333333333334,0.0
2019-04-13,UFC 236: Holloway vs. Poirier 2,Alan Jouban vs. Dwight Grant,Anthony Maness,30,27,1,-14,1,0.48333333333333334,0.0
2019-04-13,UFC 236: Holloway vs. Poirier 2,Alan Jouban vs. Dwight Grant,Derek Cleary,28,29,0,-14,1,0.48333333333333334,0.0
2019-04-13,UFC 236: Holloway vs. Poirier 2,Jalin Turner vs. Matt Frevola,Will Fisher,27,30,0,4,-4,-3.983333333333334,0.0
2019-04-13,UFC 236: Holloway vs. Poirier 2,Jalin Turner vs. Matt Frevola,Sal D'Amato,27,30,0,4,-4,-3.983333333333334,0.0
2019-04-13,UFC 236: Holloway vs. Poirier 2,Jalin Turner vs. Matt Frevola,Derek Cleary,27,30,0,4,-4,-3.983333333333334,0.0
2019-04-13,UFC 236: Holloway vs. Poirier 2,Max Griffin vs. Zelim Imadaev,Derek Cleary,29,27,1,-17,6,1.5499999999999998,0.0
2019-04-13,UFC 236: Holloway vs. Poirier 2,Max Griffin vs. Zelim Imadaev,Will Fisher,29,27,1,-17,6,1.5499999999999998,0.0
2019-04-13,UFC 236: Holloway vs. Poirier 2,Curtis Millender vs. Belal Muhammad,Mike Bell,27,29,0,1,-2,-8.25,0.0
2019-04-13,UFC 236: Holloway vs. Poirier 2,Curtis Millender vs. Belal Muhammad,Derek Cleary,27,29,0,1,-2,-8.25,0.0
2019-04-13,UFC 236: Holloway vs. Poirier 2,Curtis Millender vs. Belal Muhammad,Sal D'Amato,26,30,0,1,-2,-8.25,0.0
2019-04-13,UFC 236: Holloway vs. Poirier 2,Montel Jackson vs. Andre Soukhamthath,Anthony Maness,30,27,1,34,2,7.633333333333334,0.0
2019-04-13,UFC 236: Holloway vs. Poirier 2,Montel Jackson vs. Andre Soukhamthath,Ken Coffey,30,26,1,34,2,7.633333333333334,0.0
2019-04-13,UFC 236: Holloway vs. Poirier 2,Montel Jackson vs. Andre Soukhamthath,Will Fisher,29,27,1,34,2,7.633333333333334,0.0
2019-04-13,UFC 236: Holloway vs. Poirier 2,Lauren Mueller vs. Poliana Botelho,Derek Cleary,28,29,0,0,-2,-3.9333333333333327,0.0
2019-04-13,UFC 236: Holloway vs. Poirier 2,Lauren Mueller vs. Poliana Botelho,Nate Mann,28,29,0,0,-2,-3.9333333333333327,0.0
2019-04-13,UFC 236: Holloway vs. Poirier 2,Lauren Mueller vs. Poliana Botelho,Sal D'Amato,28,29,0,0,-2,-3.9333333333333327,0.0
2019-03-30,UFC Fight Night: Barboza vs. Gaethje,Karolina Kowalkiewicz vs. Michelle Waterson-Gomez,Cardo Urso,27,30,0,-7,-2,-2.6499999999999995,0.0
2019-03-30,UFC Fight Night: Barboza vs. Gaethje,Karolina Kowalkiewicz vs. Michelle Waterson-Gomez,Dave Tirelli,27,30,0,-7,-2,-2.6499999999999995,0.0
2019-03-30,UFC Fight Night: Barboza vs. Gaethje,Karolina Kowalkiewicz vs. Michelle Waterson-Gomez,Wilfredo Cintron,27,30,0,-7,-2,-2.6499999999999995,0.0
2019-03-30,UFC Fight Night: Barboza vs. Gaethje,Sodiq Yusuff vs. Sheymon Moraes,Dave Tirelli,29,27,1,19,0,1.2833333333333332,1.0
2019-03-30,UFC Fight Night: Barboza vs. Gaethje,Sodiq Yusuff vs. Sheymon Moraes,Eric Colon,29,28,1,19,0,1.2833333333333332,1.0
2019-03-30,UFC Fight Night: Barboza vs. Gaethje,Sodiq Yusuff vs. Sheymon Moraes,David Brogan,29,28,1,19,0,1.2833333333333332,1.0
2019-03-30,UFC Fight Night: Barboza vs. Gaethje,Marina Rodriguez vs. Jessica Aguilar,Cardo Urso,29,26,1,68,0,1.3499999999999996,1.0
2019-03-30,UFC Fight Night: Barboza vs. Gaethje,Marina Rodriguez vs. Jessica Aguilar,David Brogan,29,27,1,68,0,1.3499999999999996,1.0
2019-03-30,UFC Fight Night: Barboza vs. Gaethje,Marina Rodriguez vs. Jessica Aguilar,Wilfredo Cintron,29,27,1,68,0,1.3499999999999996,1.0
2019-03-30,UFC Fight Night: Barboza vs. Gaethje,Enrique Barzola vs. Kevin Aguilar,Eric Colon,28,29,0,-6,0,0.5,0.0
2019-03-30,UFC Fight Night: Barboza vs. Gaethje,Enrique Barzola vs. Kevin Aguilar,Wilfredo Cintron,28,29,0,-6,0,0.5,0.0
2019-03-30,UFC Fight Night: Barboza vs. Gaethje,Enrique Barzola vs. Kevin Aguilar,Cardo Urso,28,29,0,-6,0,0.5,0.0
2019-03-30,UFC Fight Night: Barboza vs. Gaethje,Kevin Holland vs. Gerald Meerschaert,Greg Monskie,29,28,1,17,-5,-5.05,0.0
2019-03-30,UFC Fight Night: Barboza vs. Gaethje,Kevin Holland vs. Gerald Meerschaert,Dave Tirelli,28,29,0,17,-5,-5.05,0.0
2019-03-30,UFC Fight Night: Barboza vs. Gaethje,Kevin Holland vs. Gerald Meerschaert,Cardo Urso,30,27,1,17,-5,-5.05,0.0
2019-03-30,UFC Fight Night: Barboza vs. Gaethje,Ray Borg vs. Casey Kenney,Eric Colon,27,30,0,-15,5,0.11666666666666714,0.0
2019-03-30,UFC Fight Night: Barboza vs. Gaethje,Ray Borg vs. Casey Kenney,Brent Colflesh,28,29,0,-15,5,0.11666666666666714,0.0
2019-03-30,UFC Fight Night: Barboza vs. Gaethje,Ray Borg vs. Casey Kenney,David Brogan,28,29,0,-15,5,0.11666666666666714,0.0
2019-03-30,UFC Fight Night: Barboza vs. Gaethje,Sabina Mazo vs. Maryna Moroz,Dave Tirelli,27,30,0,8,-1,-7.083333333333333,0.0
2019-03-30,UFC Fight Night: Barboza vs. Gaethje,Sabina Mazo vs. Maryna Moroz,Brent Colflesh,28,29,0,8,-1,-7.083333333333333,0.0
2019-03-30,UFC Fight Night: Barboza vs. Gaethje,Sabina Mazo vs. Maryna Moroz,Wilfredo Cintron,28,29,0,8,-1,-7.083333333333333,0.0
2019-03-30,UFC Fight Night: Barboza vs. Gaethje,Alex Perez vs. Mark De La Rosa,David Brogan,30,27,1,34,2,8.216666666666667,0.0
2019-03-30,UFC Fight Night: Barboza vs. Gaethje,Alex Perez vs. Mark De La Rosa,Cardo Urso,30,27,1,34,2,8.216666666666667,0.0
2019-03-30,UFC Fight Night: Barboza vs. Gaethje,Alex Perez vs. Mark De La Rosa,Greg Monskie,30,27,1,34,2,8.216666666666667,0.0
2019-03-23,UFC Fight Night: Thompson vs. Pettis,Curtis Blaydes vs. Justin Willis,Brian Puccillo,30,27,1,20,7,11.733333333333334,0.0
2019-03-23,UFC Fight Night: Thompson vs. Pettis,Curtis Blaydes vs. Justin Willis,Rick Winter,30,26,1,20,7,11.733333333333334,0.0
2019-03-23,UFC Fight Night: Thompson vs. Pettis,Curtis Blaydes vs. Justin Willis,Derek Cleary,30,25,1,20,7,11.733333333333334,0.0
2019-03-23,UFC Fight Night: Thompson vs. Pettis,John Makdessi vs. Jesus Pinedo,Rick Winter,30,27,1,36,0,0.03333333333333333,0.0
2019-03-23,UFC Fight Night: Thompson vs. Pettis,John Makdessi vs. Jesus Pinedo,Tony Weeks,30,27,1,36,0,0.03333333333333333,0.0
2019-03-23,UFC Fight Night: Thompson vs. Pettis,John Makdessi vs. Jesus Pinedo,Anthony Maness,29,28,1,36,0,0.03333333333333333,0.0
2019-03-23,UFC Fight Night: Thompson vs. Pettis,Jussier Formiga vs. Deiveson Figueiredo,Derek Cleary,30,27,1,12,3,6.4833333333333325,0.0
2019-03-23,UFC Fight Night: Thompson vs. Pettis,Jussier Formiga vs. Deiveson Figueiredo,Jim Sarratt,29,28,1,12,3,6.4833333333333325,0.0
2019-03-23,UFC Fight Night: Thompson vs. Pettis,Jussier Formiga vs. Deiveson Figueiredo,Brian Puccillo,29,28,1,12,3,6.4833333333333325,0.0
2019-03-23,UFC Fight Night: Thompson vs. Pettis,Luis Pena vs. Steven Peterson,Tony Weeks,30,27,1,18,-3,-0.36666666666666714,0.0
2019-03-23,UFC Fight Night: Thompson vs. Pettis,Luis Pena vs. Steven Peterson,Sal D'Amato,30,27,1,18,-3,-0.36666666666666714,0.0
2019-03-23,UFC Fight Night: Thompson vs. Pettis,Luis Pena vs. Steven Peterson,Brian Puccillo,30,27,1,18,-3,-0.36666666666666714,0.0
2019-03-23,UFC Fight Night: Thompson vs. Pettis,Bryce Mitchell vs. Bobby Moffett,Sal D'Amato,29,28,1,8,-5,-2.8166666666666664,0.0
2019-03-23,UFC Fight Night: Thompson vs. Pettis,Bryce Mitchell vs. Bobby Moffett,Anthony Maness,29,28,1,8,-5,-2.8166666666666664,0.0
2019-03-23,UFC Fight Night: Thompson vs. Pettis,Bryce Mitchell vs. Bobby Moffett,Tony Weeks,29,28,1,8,-5,-2.8166666666666664,0.0
2019-03-23,UFC Fight Night: Thompson vs. Pettis,Alexis Davis vs. Jennifer Maia,Tony Weeks,28,29,0,12,1,3.9333333333333336,0.0
2019-03-23,UFC Fight Night: Thompson vs. Pettis,Alexis Davis vs. Jennifer Maia,Sal D'Amato,28,29,0,12,1,3.9333333333333336,0.0
2019-03-23,UFC Fight Night: Thompson vs. Pettis,Alexis Davis vs. Jennifer Maia,Anthony Maness,28,29,0,12,1,3.9333333333333336,0.0
2019-03-23,UFC Fight Night: Thompson vs. Pettis,Ryan MacDonald vs. Chris Gutierrez,Rick Winter,27,30,0,-54,0,0.65,0.0
2019-03-23,UFC Fight Night: Thompson vs. Pettis,Ryan MacDonald vs. Chris Gutierrez,Sal D'Amato,27,30,0,-54,0,0.65,0.0
2019-03-23,UFC Fight Night: Thompson vs. Pettis,Ryan MacDonald vs. Chris Gutierrez,Tony Weeks,27,30,0,-54,0,0.65,0.0
2019-03-23,UFC Fight Night: Thompson vs. Pettis,Eric Shelton vs. Jordan Espinosa,Brian Puccillo,27,30,0,-22,-1,-0.3,0.0
2019-03-23,UFC Fight Night: Thompson vs. Pettis,Eric Shelton vs. Jordan Espinosa,Derek Cleary,28,29,0,-22,-1,-0.3,0.0
2019-03-23,UFC Fight Night: Thompson vs. Pettis,Eric Shelton vs. Jordan Espinosa,Anthony Maness,27,30,0,-22,-1,-0.3,0.0
2019-03-16,UFC Fight Night: Till vs. Masvidal,Leon Edwards vs. Gunnar Nelson,Howard Hughes,28,29,0,22,-1,-0.8833333333333329,1.0
2019-03-16,UFC Fight Night: Till vs. Masvidal,Leon Edwards vs. Gunnar Nelson,Anders Ohlsson,29,27,1,22,-1,-0.8833333333333329,1.0
2019-03-16,UFC Fight Night: Till vs. Masvidal,Leon Edwards vs. Gunnar Nelson,Andy Roberts,29,28,1,22,-1,-0.8833333333333329,1.0
2019-03-16,UFC Fight Night: Till vs. Masvidal,Volkan Oezdemir vs. Dominick Reyes,Mark Collett,28,29,0,-9,1,1.5833333333333335,0.0
2019-03-16,UFC Fight Night: Till vs. Masvidal,Volkan Oezdemir vs. Dominick Reyes,Andy Roberts,29,28,1,-9,1,1.5833333333333335,0.0
2019-03-16,UFC Fight Night: Till vs. Masvidal,Volkan Oezdemir vs. Dominick Reyes,Paul Sutherland,28,29,0,-9,1,1.5833333333333335,0.0
2019-03-16,UFC Fight Night: Till vs. Masvidal,Jack Marshman vs. John Phillips,Pawel Harasim,28,29,0,-1,0,-0.6,-1.0
2019-03-16,UFC Fight Night: Till vs. Masvidal,Jack Marshman vs. John Phillips,Mark Collett,29,28,1,-1,0,-0.6,-1.0
2019-03-16,UFC Fight Night: Till vs. Masvidal,Jack Marshman vs. John Phillips,Andy Roberts,29,28,1,-1,0,-0.6,-1.0
2019-03-16,UFC Fight Night: Till vs. Masvidal,Arnold Allen vs. Jordan Rinaldi,Pawel Harasim,30,26,1,7,0,0.9833333333333333,1.0
2019-03-16,UFC Fight Night: Till vs. Masvidal,Arnold Allen vs. Jordan Rinaldi,Anders Ohlsson,30,27,1,7,0,0.9833333333333333,1.0
2019-03-16,UFC Fight Night: Till vs. Masvidal,Arnold Allen vs. Jordan Rinaldi,Paul Sutherland,29,28,1,7,0,0.9833333333333333,1.0
2019-03-16,UFC Fight Night: Till vs. Masvidal,Marc Diakiese vs. Joe Duffy,Mark Collett,30,27,1,48,2,3.8833333333333337,1.0
2019-03-16,UFC Fight Night: Till vs. Masvidal,Marc Diakiese vs. Joe Duffy,Junichiro Kamijo,30,27,1,48,2,3.8833333333333337,1.0
2019-03-16,UFC Fight Night: Till vs. Masvidal,Marc Diakiese vs. Joe Duffy,Andy Roberts,30,27,1,48,2,3.8833333333333337,1.0
2019-03-16,UFC Fight Night: Till vs. Masvidal,Nicolae Negumereanu vs. Saparbeg Safarov,Howard Hughes,26,29,0,-59,-3,-10.766666666666666,0.0
2019-03-16,UFC Fight Night: Till vs. Masvidal,Nicolae Negumereanu vs. Saparbeg Safarov,Anders Ohlsson,26,29,0,-59,-3,-10.766666666666666,0.0
2019-03-16,UFC Fight Night: Till vs. Masvidal,Nicolae Negumereanu vs. Saparbeg Safarov,Paul Sutherland,27,29,0,-59,-3,-10.766666666666666,0.0
2019-03-16,UFC Fight Night: Till vs. Masvidal,Molly McCann vs. Priscila Cachoeira,Mark Collett,29,28,1,32,2,0.1166666666666667,0.0
2019-03-16,UFC Fight Night: Till vs. Masvidal,Molly McCann vs. Priscila Cachoeira,Howard Hughes,29,28,1,32,2,0.1166666666666667,0.0
2019-03-16,UFC Fight Night: Till vs. Masvidal,Molly McCann vs. Priscila Cachoeira,Paul Sutherland,29,28,1,32,2,0.1166666666666667,0.0
2019-03-09,UFC Fight Night: Lewis vs. Dos Santos,Blagoy Ivanov vs. Ben Rothwell,Derek Cleary,29,28,1,2,0,0.0,0.0
2019-03-09,UFC Fight Night: Lewis vs. Dos Santos,Blagoy Ivanov vs. Ben Rothwell,Kevin Chamion,29,28,1,2,0,0.0,0.0
2019-03-09,UFC Fight Night: Lewis vs. Dos Santos,Blagoy Ivanov vs. Ben Rothwell,Sal D'Amato,29,28,1,2,0,0.0,0.0
2019-03-09,UFC Fight Night: Lewis vs. Dos Santos,Tim Boetsch vs. Omari Akhmedov,Kevin Chamion,27,30,0,-11,0,-3.2,0.0
2019-03-09,UFC Fight Night: Lewis vs. Dos Santos,Tim Boetsch vs. Omari Akhmedov,Derek Cleary,27,30,0,-11,0,-3.2,0.0
2019-03-09,UFC Fight Night: Lewis vs. Dos Santos,Tim Boetsch vs. Omari Akhmedov,Sal D'Amato,27,30,0,-11,0,-3.2,0.0
2019-03-09,UFC Fight Night: Lewis vs. Dos Santos,Anthony Rocco Martin vs. Sergio Moraes,Mike Bell,30,27,1,31,-3,0.7166666666666668,0.0
2019-03-09,UFC Fight Night: Lewis vs. Dos Santos,Anthony Rocco Martin vs. Sergio Moraes,Chris Lee,30,27,1,31,-3,0.7166666666666668,0.0
2019-03-09,UFC Fight Night: Lewis vs. Dos Santos,Anthony Rocco Martin vs. Sergio Moraes,Greg DiVilbiss,30,27,1,31,-3,0.7166666666666668,0.0
2019-03-09,UFC Fight Night: Lewis vs. Dos Santos,Marion Reneau vs. Yana Santos,Kevin Chamion,28,29,0,-40,0,-2.5166666666666666,0.0
2019-03-09,UFC Fight Night: Lewis vs. Dos Santos,Marion Reneau vs. Yana Santos,Derek Cleary,28,29,0,-40,0,-2.5166666666666666,0.0
2019-03-09,UFC Fight Night: Lewis vs. Dos Santos,Marion Reneau vs. Yana Santos,Sal D'Amato,28,29,0,-40,0,-2.5166666666666666,0.0
2019-03-09,UFC Fight Night: Lewis vs. Dos Santos,Grant Dawson vs. Julian Erosa,Chris Lee,30,26,1,8,6,9.833333333333334,0.0
2019-03-09,UFC Fight Night: Lewis vs. Dos Santos,Grant Dawson vs. Julian Erosa,Derek Cleary,30,27,1,8,6,9.833333333333334,0.0
2019-03-09,UFC Fight Night: Lewis vs. Dos Santos,Grant Dawson vs. Julian Erosa,Mike Bell,29,27,1,8,6,9.833333333333334,0.0
2019-03-09,UFC Fight Night: Lewis vs. Dos Santos,Maurice Greene vs. Jeff Hughes,Kevin Chamion,29,28,1,4,0,-0.43333333333333335,0.0
2019-03-09,UFC Fight Night: Lewis vs. Dos Santos,Maurice Greene vs. Jeff Hughes,Sal D'Amato,28,29,0,4,0,-0.43333333333333335,0.0
2019-03-09,UFC Fight Night: Lewis vs. Dos Santos,Maurice Greene vs. Jeff Hughes,Mike Bell,29,28,1,4,0,-0.43333333333333335,0.0
2019-03-09,UFC Fight Night: Lewis vs. Dos Santos,Alex White vs. Dan Moret,Greg DiVilbiss,29,28,1,7,1,-4.1000000000000005,0.0
2019-03-09,UFC Fight Night: Lewis vs. Dos Santos,Alex White vs. Dan Moret,Mike Bell,29,28,1,7,1,-4.1000000000000005,0.0
2019-03-09,UFC Fight Night: Lewis vs. Dos Santos,Alex White vs. Dan Moret,Chris Lee,29,28,1,7,1,-4.1000000000000005,0.0
2019-03-02,UFC 235: Jones vs. Smith,Jon Jones vs. Anthony Smith,Sal D'Amato,48,44,1,89,3,12.966666666666665,0.0
2019-03-02,UFC 235: Jones vs. Smith,Jon Jones vs. Anthony Smith,Chris Lee,48,44,1,89,3,12.966666666666665,0.0
2019-03-02,UFC 235: Jones vs. Smith,Jon Jones vs. Anthony Smith,Junichiro Kamijo,48,44,1,89,3,12.966666666666665,0.0
2019-03-02,UFC 235: Jones vs. Smith,Tyron Woodley vs. Kamaru Usman,Dave Hagen,44,50,0,-107,-2,-18.21666666666667,0.0
2019-03-02,UFC 235: Jones vs. Smith,Tyron Woodley vs. Kamaru Usman,Mike Bell,44,50,0,-107,-2,-18.21666666666667,0.0
2019-03-02,UFC 235: Jones vs. Smith,Tyron Woodley vs. Kamaru Usman,Derek Cleary,45,50,0,-107,-2,-18.21666666666667,0.0
2019-03-02,UFC 235: Jones vs. Smith,Tecia Pennington vs. Zhang Weili,Mike Bell,28,29,0,-33,-2,-3.5500000000000003,0.0
2019-03-02,UFC 235: Jones vs. Smith,Tecia Pennington vs. Zhang Weili,Derek Cleary,27,30,0,-33,-2,-3.5500000000000003,0.0
2019-03-02,UFC 235: Jones vs. Smith,Tecia Pennington vs. Zhang Weili,Glenn Trowbridge,27,30,0,-33,-2,-3.5500000000000003,0.0
2019-03-02,UFC 235: Jones vs. Smith,Jeremy Stephens vs. Zabit Magomedsharipov,Mike Bell,28,29,0,-29,-3,-2.6166666666666667,0.0
2019-03-02,UFC 235: Jones vs. Smith,Jeremy Stephens vs. Zabit Magomedsharipov,Derek Cleary,28,29,0,-29,-3,-2.6166666666666667,0.0
2019-03-02,UFC 235: Jones vs. Smith,Jeremy Stephens vs. Zabit Magomedsharipov,Tony Weeks,28,29,0,-29,-3,-2.6166666666666667,0.0
2019-03-02,UFC 235: Jones vs. Smith,Cody Stamann vs. Alejandro Perez,Derek Cleary,29,28,1,7,-1,0.8666666666666667,0.0
2019-03-02,UFC 235: Jones vs. Smith,Cody Stamann vs. Alejandro Perez,Tony Weeks,29,28,1,7,-1,0.8666666666666667,0.0
2019-03-02,UFC 235: Jones vs. Smith,Cody Stamann vs. Alejandro Perez,Dave Hagen,30,27,1,7,-1,0.8666666666666667,0.0
2019-03-02,UFC 235: Jones vs. Smith,Polyana Viana vs. Hannah Cifers,Tony Weeks,28,29,0,10,0,-4.633333333333333,-1.0
2019-03-02,UFC 235: Jones vs. Smith,Polyana Viana vs. Hannah Cifers,Ron McCarthy,28,29,0,10,0,-4.633333333333333,-1.0
2019-03-02,UFC 235: Jones vs. Smith,Polyana Viana vs. Hannah Cifers,Dave Hagen,29,28,1,10,0,-4.633333333333333,-1.0
2019-02-23,UFC Fight Night: Blachowicz vs. Santos,Liz Carmouche vs. Lucie Pudilova,Mark Collett,30,27,1,-19,3,4.666666666666667,0.0
2019-02-23,UFC Fight Night: Blachowicz vs. Santos,Liz Carmouche vs. Lucie Pudilova,Ben Cartlidge,29,28,1,-19,3,4.666666666666667,0.0
2019-02-23,UFC Fight Night: Blachowicz vs. Santos,Liz Carmouche vs. Lucie Pudilova,David Lethaby,29,28,1,-19,3,4.666666666666667,0.0
2019-02-23,UFC Fight Night: Blachowicz vs. Santos,John Dodson vs. Petr Yan,Andreas Gruner,27,30,0,-50,0,-0.9166666666666667,1.0
2019-02-23,UFC Fight Night: Blachowicz vs. Santos,John Dodson vs. Petr Yan,Cezary Wojciechowski,27,30,0,-50,0,-0.9166666666666667,1.0
2019-02-23,UFC Fight Night: Blachowicz vs. Santos,John Dodson vs. Petr Yan,Zdenek Ledvina,27,30,0,-50,0,-0.9166666666666667,1.0
2019-02-23,UFC Fight Night: Blachowicz vs. Santos,Magomed Ankalaev vs. Klidson Abreu,Ben Cartlidge,30,27,1,7,1,5.333333333333333,1.0
2019-02-23,UFC Fight Night: Blachowicz vs. Santos,Magomed Ankalaev vs. Klidson Abreu,Paul Sutherland,30,27,1,7,1,5.333333333333333,1.0
2019-02-23,UFC Fight Night: Blachowicz vs. Santos,Magomed Ankalaev vs. Klidson Abreu,David Lethaby,29,28,1,7,1,5.333333333333333,1.0
2019-02-23,UFC Fight Night: Blachowicz vs. Santos,Michel Prazeres vs. Ismail Naurdiev,David Lethaby,26,30,0,-48,3,2.216666666666667,0.0
2019-02-23,UFC Fight Night: Blachowicz vs. Santos,Michel Prazeres vs. Ismail Naurdiev,Andreas Gruner,27,30,0,-48,3,2.216666666666667,0.0
2019-02-23,UFC Fight Night: Blachowicz vs. Santos,Michel Prazeres vs. Ismail Naurdiev,Mark Collett,27,30,0,-48,3,2.216666666666667,0.0
2019-02-23,UFC Fight Night: Blachowicz vs. Santos,Rustam Khabilov vs. Diego Ferreira,Cezary Wojciechowski,27,30,0,-40,3,0.7999999999999999,0.0
2019-02-23,UFC Fight Night: Blachowicz vs. Santos,Rustam Khabilov vs. Diego Ferreira,Paul Sutherland,27,30,0,-40,3,0.7999999999999999,0.0
2019-02-23,UFC Fight Night: Blachowicz vs. Santos,Rustam Khabilov vs. Diego Ferreira,David Lethaby,28,29,0,-40,3,0.7999999999999999,0.0
2019-02-23,UFC Fight Night: Blachowicz vs. Santos,Damir Ismagulov vs. Joel Alvarez,Ben Cartlidge,30,27,1,26,0,0.0,0.0
2019-02-23,UFC Fight Night: Blachowicz vs. Santos,Damir Ismagulov vs. Joel Alvarez,Mark Collett,30,27,1,26,0,0.0,0.0
2019-02-23,UFC Fight Night: Blachowicz vs. Santos,Damir Ismagulov vs. Joel Alvarez,Zdenek Ledvina,30,27,1,26,0,0.0,0.0
2019-02-17,UFC Fight Night: Ngannou vs. Velasquez,James Vick vs. Paul Felder,Raul Porrata,28,29,0,6,0,1.0166666666666666,0.0
2019-02-17,UFC Fight Night: Ngannou vs. Velasquez,James Vick vs. Paul Felder,Mike Bell,27,30,0,6,0,1.0166666666666666,0.0
2019-02-17,UFC Fight Night: Ngannou vs. Velasquez,James Vick vs. Paul Felder,Derek Cleary,27,30,0,6,0,1.0166666666666666,0.0
2019-02-17,UFC Fight Night: Ngannou vs. Velasquez,Cortney Casey vs. Cynthia Calvillo,Derek Cleary,28,29,0,-9,0,-0.9666666666666668,0.0
2019-02-17,UFC Fight Night: Ngannou vs. Velasquez,Cortney Casey vs. Cynthia Calvillo,Dennis O'Connell,28,29,0,-9,0,-0.9666666666666668,0.0
2019-02-17,UFC Fight Night: Ngannou vs. Velasquez,Cortney Casey vs. Cynthia Calvillo,Chris Lee,27,30,0,-9,0,-0.9666666666666668,0.0
2019-02-17,UFC Fight Night: Ngannou vs. Velasquez,Andre Fili vs. Myles Jury,Raul Porrata,29,28,1,22,0,-0.8333333333333334,-1.0
2019-02-17,UFC Fight Night: Ngannou vs. Velasquez,Andre Fili vs. Myles Jury,Derek Cleary,29,28,1,22,0,-0.8333333333333334,-1.0
2019-02-17,UFC Fight Night: Ngannou vs. Velasquez,Andre Fili vs. Myles Jury,Chris Lee,29,28,1,22,0,-0.8333333333333334,-1.0
2019-02-17,UFC Fight Night: Ngannou vs. Velasquez,Jimmie Rivera vs. Aljamain Sterling,Chris Lee,27,30,0,-77,0,0.08333333333333304,0.0
2019-02-17,UFC Fight Night: Ngannou vs. Velasquez,Jimmie Rivera vs. Aljamain Sterling,Mike Bell,27,30,0,-77,0,0.08333333333333304,0.0
2019-02-17,UFC Fight Night: Ngannou vs. Velasquez,Jimmie Rivera vs. Aljamain Sterling,Chris Flores,27,30,0,-77,0,0.08333333333333304,0.0
2019-02-17,UFC Fight Night: Ngannou vs. Velasquez,Ashlee Evans-Smith vs. Andrea Lee,Chris Lee,27,30,0,-45,2,-0.8500000000000001,0.0
2019-02-17,UFC Fight Night: Ngannou vs. Velasquez,Ashlee Evans-Smith vs. Andrea Lee,Derek Cleary,27,30,0,-45,2,-0.8500000000000001,0.0
2019-02-17,UFC Fight Night: Ngannou vs. Velasquez,Ashlee Evans-Smith vs. Andrea Lee,Raul Porrata,27,30,0,-45,2,-0.8500000000000001,0.0
2019-02-17,UFC Fight Night: Ngannou vs. Velasquez,Scott Holtzman vs. Nik Lentz,Chris Flores,28,29,0,-17,-5,-6.5,0.0
2019-02-17,UFC Fight Night: Ngannou vs. Velasquez,Scott Holtzman vs. Nik Lentz,Dennis O'Connell,28,29,0,-17,-5,-6.5,0.0
2019-02-17,UFC Fight Night: Ngannou vs. Velasquez,Scott Holtzman vs. Nik Lentz,Mike Bell,28,29,0,-17,-5,-6.5,0.0
2019-02-09,UFC 234: Adesanya vs. Silva,Israel Adesanya vs. Anderson Silva,Garth Harriman,29,28,1,34,0,0.0,0.0
2019-02-09,UFC 234: Adesanya vs. Silva,Israel Adesanya vs. Anderson Silva,Albert Shen,30,27,1,34,0,0.0,0.0
2019-02-09,UFC 234: Adesanya vs. Silva,Israel Adesanya vs. Anderson Silva,Charlie Keech,30,27,1,34,0,0.0,0.0
2019-02-09,UFC 234: Adesanya vs. Silva,Rani Yahya vs. Ricky Simon,Mark Craig,27,30,0,-7,-4,-3.8166666666666664,-2.0
2019-02-09,UFC 234: Adesanya vs. Silva,Rani Yahya vs. Ricky Simon,Albert Shen,27,30,0,-7,-4,-3.8166666666666664,-2.0
2019-02-09,UFC 234: Adesanya vs. Silva,Rani Yahya vs. Ricky Simon,Anthony Dimitriou,25,30,0,-7,-4,-3.8166666666666664,-2.0
2019-02-09,UFC 234: Adesanya vs. Silva,Shane Young vs. Austin Arnett,Evan Field,30,27,1,43,0,0.2833333333333333,1.0
2019-02-09,UFC 234: Adesanya vs. Silva,Shane Young vs. Austin Arnett,Albert Shen,30,27,1,43,0,0.2833333333333333,1.0
2019-02-09,UFC 234: Adesanya vs. Silva,Shane Young vs. Austin Arnett,Charlie Keech,30,27,1,43,0,0.2833333333333333,1.0
2019-02-09,UFC 234: Adesanya vs. Silva,Kai Kara-France vs. Raulian Paiva,Derek Cleary,29,28,1,-9,2,-1.2999999999999998,0.0
2019-02-09,UFC 234: Adesanya vs. Silva,Kai Kara-France vs. Raulian Paiva,Garth Harriman,28,29,0,-9,2,-1.2999999999999998,0.0
2019-02-09,UFC 234: Adesanya vs. Silva,Kai Kara-France vs. Raulian Paiva,Christopher Shen,29,28,1,-9,2,-1.2999999999999998,0.0
2019-02-09,UFC 234: Adesanya vs. Silva,Wulijiburen vs. Jonathan Martinez,Anthony Dimitriou,27,30,0,-30,2,-3.4833333333333334,0.0
2019-02-09,UFC 234: Adesanya vs. Silva,Wulijiburen vs. Jonathan Martinez,Garth Harriman,27,30,0,-30,2,-3.4833333333333334,0.0
2019-02-09,UFC 234: Adesanya vs. Silva,Wulijiburen vs. Jonathan Martinez,Evan Field,28,29,0,-30,2,-3.4833333333333334,0.0
2019-02-02,UFC Fight Night: Assuncao vs. Moraes 2,Livinha Souza vs. Sarah Frota,Guilherme Bravo,29,28,1,-9,4,-0.9000000000000008,0.0
2019-02-02,UFC Fight Night: Assuncao vs. Moraes 2,Livinha Souza vs. Sarah Frota,Joseph Terrell,29,28,1,-9,4,-0.9000000000000008,0.0
2019-02-02,UFC Fight Night: Assuncao vs. Moraes 2,Livinha Souza vs. Sarah Frota,Hallison Pontes,28,29,0,-9,4,-0.9000000000000008,0.0
2019-02-02,UFC Fight Night: Assuncao vs. Moraes 2,Mara Romero Borella vs. Taila Santos,Chris Lee,28,29,0,-7,1,3.166666666666667,0.0
2019-02-02,UFC Fight Night: Assuncao vs. Moraes 2,Mara Romero Borella vs. Taila Santos,Hallison Pontes,29,28,1,-7,1,3.166666666666667,0.0
2019-02-02,UFC Fight Night: Assuncao vs. Moraes 2,Mara Romero Borella vs. Taila Santos,Joseph Terrell,29,28,1,-7,1,3.166666666666667,0.0
2019-02-02,UFC Fight Night: Assuncao vs. Moraes 2,Thiago Alves vs. Max Griffin,Guilherme Bravo,29,28,1,-29,-2,-2.45,-1.0
2019-02-02,UFC Fight Night: Assuncao vs. Moraes 2,Thiago Alves vs. Max Griffin,Mike Bell,28,29,0,-29,-2,-2.45,-1.0
2019-02-02,UFC Fight Night: Assuncao vs. Moraes 2,Thiago Alves vs. Max Griffin,Hallison Pontes,29,28,1,-29,-2,-2.45,-1.0
2019-02-02,UFC Fight Night: Assuncao vs. Moraes 2,Geraldo de Freitas vs. Felipe Colares,Chris Lee,30,27,1,28,3,2.333333333333333,0.0
2019-02-02,UFC Fight Night: Assuncao vs. Moraes 2,Geraldo de Freitas vs. Felipe Colares,Mike Bell,30,27,1,28,3,2.333333333333333,0.0
2019-02-02,UFC Fight Night: Assuncao vs. Moraes 2,Geraldo de Freitas vs. Felipe Colares,Guilherme Bravo,30,26,1,28,3,2.333333333333333,0.0
2019-02-02,UFC Fight Night: Assuncao vs. Moraes 2,Bibulatov Magomed vs. Rogerio Bontorin,Mike Bell,28,29,0,18,3,-0.7000000000000002,0.0
2019-02-02,UFC Fight Night: Assuncao vs. Moraes 2,Bibulatov Magomed vs. Rogerio Bontorin,Guilherme Bravo,29,28,1,18,3,-0.7000000000000002,0.0
2019-02-02,UFC Fight Night: Assuncao vs. Moraes 2,Bibulatov Magomed vs. Rogerio Bontorin,Joseph Terrell,28,29,0,18,3,-0.7000000000000002,0.0
2019-01-19,UFC Fight Night: Cejudo vs. Dillashaw,Joseph Benavidez vs. Dustin Ortiz,Doug Crosby,29,28,1,-28,4,3.75,1.0
2019-01-19,UFC Fight Night: Cejudo vs. Dillashaw,Joseph Benavidez vs. Dustin Ortiz,Darryl Porter,29,28,1,-28,4,3.75,1.0
2019-01-19,UFC Fight Night: Cejudo vs. Dillashaw,Joseph Benavidez vs. Dustin Ortiz,Tim Corrado,29,28,1,-28,4,3.75,1.0
2019-01-19,UFC Fight Night: Cejudo vs. Dillashaw,Joanne Wood vs. Ariane da Silva,Darryl Porter,30,26,1,32,0,1.3000000000000007,0.0
2019-01-19,UFC Fight Night: Cejudo vs. Dillashaw,Joanne Wood vs. Ariane da Silva,Sal D'Amato,30,26,1,32,0,1.3000000000000007,0.0
2019-01-19,UFC Fight Night: Cejudo vs. Dillashaw,Joanne Wood vs. Ariane da Silva,Dave Tirelli,30,27,1,32,0,1.3000000000000007,0.0
2019-01-19,UFC Fight Night: Cejudo vs. Dillashaw,Dennis Bermudez vs. Te Edwards,Doug Crosby,30,26,1,40,5,-7.9833333333333325,-1.0
2019-01-19,UFC Fight Night: Cejudo vs. Dillashaw,Dennis Bermudez vs. Te Edwards,Sal D'Amato,30,26,1,40,5,-7.9833333333333325,-1.0
2019-01-19,UFC Fight Night: Cejudo vs. Dillashaw,Dennis Bermudez vs. Te Edwards,Darryl Porter,30,26,1,40,5,-7.9833333333333325,-1.0
2019-01-19,UFC Fight Night: Cejudo vs. Dillashaw,Belal Muhammad vs. Geoff Neal,Sal D'Amato,28,29,0,-8,0,-0.5666666666666667,-2.0
2019-01-19,UFC Fight Night: Cejudo vs. Dillashaw,Belal Muhammad vs. Geoff Neal,Eric Colon,27,30,0,-8,0,-0.5666666666666667,-2.0
2019-01-19,UFC Fight Night: Cejudo vs. Dillashaw,Belal Muhammad vs. Geoff Neal,Tim Corrado,27,30,0,-8,0,-0.5666666666666667,-2.0
2018-12-29,UFC 232: Jones vs. Gustafsson 2,Ilir Latifi vs. Corey Anderson,Derek Cleary,28,29,0,-7,0,0.36666666666666675,0.0
2018-12-29,UFC 232: Jones vs. Gustafsson 2,Ilir Latifi vs. Corey Anderson,Wade Vierra,28,29,0,-7,0,0.36666666666666675,0.0
2018-12-29,UFC 232: Jones vs. Gustafsson 2,Ilir Latifi vs. Corey Anderson,Junichiro Kamijo,28,29,0,-7,0,0.36666666666666675,0.0
2018-12-29,UFC 232: Jones vs. Gustafsson 2,Curtis Millender vs. Siyar Bahadurzada,Sal D'Amato,29,28,1,49,-3,-2.95,0.0
2018-12-29,UFC 232: Jones vs. Gustafsson 2,Curtis Millender vs. Siyar Bahadurzada,Dave Hagen,29,28,1,49,-3,-2.95,0.0
2018-12-29,UFC 232: Jones vs. Gustafsson 2,Curtis Millender vs. Siyar Bahadurzada,Mike Bell,30,27,1,49,-3,-2.95,0.0
2018-12-15,UFC Fight Night: Lee vs. Iaquinta,Kevin Lee vs. Al Iaquinta,Sal D'Amato,47,48,0,-9,3,5.233333333333333,0.0
2018-12-15,UFC Fight Night: Lee vs. Iaquinta,Kevin Lee vs. Al Iaquinta,Brian Puccillo,47,48,0,-9,3,5.233333333333333,0.0
2018-12-15,UFC Fight Night: Lee vs. Iaquinta,Kevin Lee vs. Al Iaquinta,Chris Lee,46,49,0,-9,3,5.233333333333333,0.0
2018-12-15,UFC Fight Night: Lee vs. Iaquinta,Rob Font vs. Sergio Pettis,Brian Puccillo,30,27,1,40,1,4.55,0.0
2018-12-15,UFC Fight Night: Lee vs. Iaquinta,Rob Font vs. Sergio Pettis,Rick Winter,30,27,1,40,1,4.55,0.0
2018-12-15,UFC Fight Night: Lee vs. Iaquinta,Rob Font vs. Sergio Pettis,Chris Lee,30,27,1,40,1,4.55,0.0
2018-12-15,UFC Fight Night: Lee vs. Iaquinta,Zak Ottow vs. Dwight Grant,Brian Puccillo,28,29,0,-11,0,2.5666666666666664,0.0
2018-12-15,UFC Fight Night: Lee vs. Iaquinta,Zak Ottow vs. Dwight Grant,Chris Lee,29,28,1,-11,0,2.5666666666666664,0.0
2018-12-15,UFC Fight Night: Lee vs. Iaquinta,Zak Ottow vs. Dwight Grant,Rick Winter,29,28,1,-11,0,2.5666666666666664,0.0
2018-12-15,UFC Fight Night: Lee vs. Iaquinta,King Green vs. Drakkar Klose,Sal D'Amato,28,29,0,34,1,2.7666666666666666,0.0
2018-12-15,UFC Fight Night: Lee vs. Iaquinta,King Green vs. Drakkar Klose,Rick Winter,28,29,0,34,1,2.7666666666666666,0.0
2018-12-15,UFC Fight Night: Lee vs. Iaquinta,King Green vs. Drakkar Klose,Brian Puccillo,28,29,0,34,1,2.7666666666666666,0.0
2018-12-15,UFC Fight Night: Lee vs. Iaquinta,Trevor Smith vs. Zak Cummings,Sal D'Amato,28,29,0,-2,0,0.03333333333333366,-1.0
2018-12-15,UFC Fight Night: Lee vs. Iaquinta,Trevor Smith vs. Zak Cummings,Gabriel Sabaitis,28,29,0,-2,0,0.03333333333333366,-1.0
2018-12-15,UFC Fight Night: Lee vs. Iaquinta,Trevor Smith vs. Zak Cummings,Larry Struck,28,29,0,-2,0,0.03333333333333366,-1.0
2018-12-15,UFC Fight Night: Lee vs. Iaquinta,Dan Ige vs. Jordan Griffin,Brian Puccillo,29,28,1,0,3,2.9333333333333336,0.0
2018-12-15,UFC Fight Night: Lee vs. Iaquinta,Dan Ige vs. Jordan Griffin,Chris Lee,29,28,1,0,3,2.9333333333333336,0.0
2018-12-15,UFC Fight Night: Lee vs. Iaquinta,Dan Ige vs. Jordan Griffin,Rick Winter,29,28,1,0,3,2.9333333333333336,0.0
2018-12-08,UFC 231: Holloway vs. Ortega,Valentina Shevchenko vs. Joanna Jedrzejczyk,Benoit Roussel,49,46,1,11,5,7.966666666666667,0.0
2018-12-08,UFC 231: Holloway vs. Ortega,Valentina Shevchenko vs. Joanna Jedrzejczyk,Eric Colon,49,46,1,11,5,7.966666666666667,0.0
2018-12-08,UFC 231: Holloway vs. Ortega,Valentina Shevchenko vs. Joanna Jedrzejczyk,Jason Rodgers,49,46,1,11,5,7.966666666666667,0.0
2018-12-08,UFC 231: Holloway vs. Ortega,Hakeem Dawodu vs. Kyle Bochniak,Benoit Roussel,28,29,0,61,-2,-1.8333333333333333,0.0
2018-12-08,UFC 231: Holloway vs. Ortega,Hakeem Dawodu vs. Kyle Bochniak,Eric Colon,30,27,1,61,-2,-1.8333333333333333,0.0
2018-12-08,UFC 231: Holloway vs. Ortega,Hakeem Dawodu vs. Kyle Bochniak,Jason Rodgers,30,27,1,61,-2,-1.8333333333333333,0.0
2018-12-08,UFC 231: Holloway vs. Ortega,Claudia Gadelha vs. Nina Nunes,Declan Woods,28,29,0,-47,2,3.35,0.0
2018-12-08,UFC 231: Holloway vs. Ortega,Claudia Gadelha vs. Nina Nunes,David Therien,28,29,0,-47,2,3.35,0.0
2018-12-08,UFC 231: Holloway vs. Ortega,Claudia Gadelha vs. Nina Nunes,Greg Jackson,28,29,0,-47,2,3.35,0.0
2018-12-08,UFC 231: Holloway vs. Ortega,Olivier Aubin-Mercier vs. Gilbert Burns,Eric Colon,27,30,0,-36,-3,-5.449999999999999,-1.0
2018-12-08,UFC 231: Holloway vs. Ortega,Olivier Aubin-Mercier vs. Gilbert Burns,Declan Woods,27,30,0,-36,-3,-5.449999999999999,-1.0
2018-12-08,UFC 231: Holloway vs. Ortega,Olivier Aubin-Mercier vs. Gilbert Burns,Sal D'Amato,28,29,0,-36,-3,-5.449999999999999,-1.0
2018-12-08,UFC 231: Holloway vs. Ortega,Katlyn Cerminara vs. Jessica Eye,Declan Woods,28,29,0,-16,0,0.5,0.0
2018-12-08,UFC 231: Holloway vs. Ortega,Katlyn Cerminara vs. Jessica Eye,Benoit Roussel,29,28,1,-16,0,0.5,0.0
2018-12-08,UFC 231: Holloway vs. Ortega,Katlyn Cerminara vs. Jessica Eye,Greg Jackson,28,29,0,-16,0,0.5,0.0
2018-12-08,UFC 231: Holloway vs. Ortega,Elias Theodorou vs. Eryk Anders,Christopher Doyle,29,28,1,27,0,0.21666666666666662,-1.0
2018-12-08,UFC 231: Holloway vs. Ortega,Elias Theodorou vs. Eryk Anders,Benoit Roussel,28,29,0,27,0,0.21666666666666662,-1.0
2018-12-08,UFC 231: Holloway vs. Ortega,Elias Theodorou vs. Eryk Anders,Sal D'Amato,29,28,1,27,0,0.21666666666666662,-1.0
2018-12-08,UFC 231: Holloway vs. Ortega,Brad Katona vs. Matthew Lopez,Patrick Goulah,30,27,1,7,-4,-0.7000000000000001,0.0
2018-12-08,UFC 231: Holloway vs. Ortega,Brad Katona vs. Matthew Lopez,Jason Rodgers,29,28,1,7,-4,-0.7000000000000001,0.0
2018-12-01,UFC Fight Night: Dos Santos vs. Tuivasa,Mark Hunt vs. Justin Willis,Howie Booth,28,29,0,-40,0,0.0,0.0
2018-12-01,UFC Fight Night: Dos Santos vs. Tuivasa,Mark Hunt vs. Justin Willis,Anthony Dimitriou,28,29,0,-40,0,0.0,0.0
2018-12-01,UFC Fight Night: Dos Santos vs. Tuivasa,Mark Hunt vs. Justin Willis,Evan Field,28,29,0,-40,0,0.0,0.0
2018-12-01,UFC Fight Night: Dos Santos vs. Tuivasa,Yushin Okami vs. Aleksei Kunchenko,Evan Field,26,30,0,-62,0,1.5,0.0
2018-12-01,UFC Fight Night: Dos Santos vs. Tuivasa,Yushin Okami vs. Aleksei Kunchenko,Charlie Keech,26,30,0,-62,0,1.5,0.0
2018-12-01,UFC Fight Night: Dos Santos vs. Tuivasa,Yushin Okami vs. Aleksei Kunchenko,Howie Booth,27,30,0,-62,0,1.5,0.0
2018-12-01,UFC Fight Night: Dos Santos vs. Tuivasa,Wilson Reis vs. Ben Nguyen,Anthony Dimitriou,30,27,1,-7,7,5.533333333333333,0.0
2018-12-01,UFC Fight Night: Dos Santos vs. Tuivasa,Wilson Reis vs. Ben Nguyen,Howard Hughes,30,27,1,-7,7,5.533333333333333,0.0
2018-12-01,UFC Fight Night: Dos Santos vs. Tuivasa,Wilson Reis vs. Ben Nguyen,Kon Papaioannou,30,27,1,-7,7,5.533333333333333,0.0
2018-12-01,UFC Fight Night: Dos Santos vs. Tuivasa,Keita Nakamura vs. Salim Touahri,Howie Booth,30,27,1,7,0,-0.6666666666666666,1.0
2018-12-01,UFC Fight Night: Dos Santos vs. Tuivasa,Keita Nakamura vs. Salim Touahri,Howard Hughes,28,29,0,7,0,-0.6666666666666666,1.0
2018-12-01,UFC Fight Night: Dos Santos vs. Tuivasa,Keita Nakamura vs. Salim Touahri,Charlie Keech,29,28,1,7,0,-0.6666666666666666,1.0
2018-12-01,UFC Fight Night: Dos Santos vs. Tuivasa,Elias Garcia vs. Kai Kara-France,Anthony Dimitriou,25,30,0,-70,1,-9.066666666666666,0.0
2018-12-01,UFC Fight Night: Dos Santos vs. Tuivasa,Elias Garcia vs. Kai Kara-France,Kon Papaioannou,25,30,0,-70,1,-9.066666666666666,0.0
2018-12-01,UFC Fight Night: Dos Santos vs. Tuivasa,Elias Garcia vs. Kai Kara-France,Evan Field,26,30,0,-70,1,-9.066666666666666,0.0
2018-12-01,UFC Fight Night: Dos Santos vs. Tuivasa,Mizuto Hirota vs. Christos Giagos,Howard Hughes,28,29,0,-12,-5,-8.266666666666667,0.0
2018-12-01,UFC Fight Night: Dos Santos vs. Tuivasa,Mizuto Hirota vs. Christos Giagos,Howie Booth,27,29,0,-12,-5,-8.266666666666667,0.0
2018-12-01,UFC Fight Night: Dos Santos vs. Tuivasa,Mizuto Hirota vs. Christos Giagos,Kon Papaioannou,28,30,0,-12,-5,-8.266666666666667,0.0
2018-12-01,UFC Fight Night: Dos Santos vs. Tuivasa,Alex Gorgees vs. Damir Ismagulov,Anthony Dimitriou,25,30,0,-24,-5,-9.816666666666666,0.0
2018-12-01,UFC Fight Night: Dos Santos vs. Tuivasa,Alex Gorgees vs. Damir Ismagulov,Evan Field,26,30,0,-24,-5,-9.816666666666666,0.0
2018-12-01,UFC Fight Night: Dos Santos vs. Tuivasa,Alex Gorgees vs. Damir Ismagulov,Charlie Keech,26,30,0,-24,-5,-9.816666666666666,0.0
2018-11-30,The Ultimate Fighter: Heavy Hitters Finale,Rafael Dos Anjos vs. Kamaru Usman,Junichiro Kamijo,43,50,0,-68,-12,-18.049999999999997,0.0
2018-11-30,The Ultimate Fighter: Heavy Hitters Finale,Rafael Dos Anjos vs. Kamaru Usman,Dave Hagen,45,49,0,-68,-12,-18.049999999999997,0.0
2018-11-30,The Ultimate Fighter: Heavy Hitters Finale,Rafael Dos Anjos vs. Kamaru Usman,Chris Lee,47,48,0,-68,-12,-18.049999999999997,0.0
2018-11-30,The Ultimate Fighter: Heavy Hitters Finale,Darren Stewart vs. Edmen Shahbazyan,Chris Lee,28,29,0,12,-7,-9.266666666666666,0.0
2018-11-30,The Ultimate Fighter: Heavy Hitters Finale,Darren Stewart vs. Edmen Shahbazyan,Junichiro Kamijo,29,28,1,12,-7,-9.266666666666666,0.0
2018-11-30,The Ultimate Fighter: Heavy Hitters Finale,Darren Stewart vs. Edmen Shahbazyan,Patricia Morse-Jarman,28,29,0,12,-7,-9.266666666666666,0.0
2018-11-30,The Ultimate Fighter: Heavy Hitters Finale,Ji Yeon Kim vs. Antonina Shevchenko,Dave Hagen,27,30,0,-33,-2,-3.316666666666667,0.0
2018-11-30,The Ultimate Fighter: Heavy Hitters Finale,Ji Yeon Kim vs. Antonina Shevchenko,Rick Winter,27,30,0,-33,-2,-3.316666666666667,0.0
2018-11-30,The Ultimate Fighter: Heavy Hitters Finale,Ji Yeon Kim vs. Antonina Shevchenko,Tony Weeks,27,30,0,-33,-2,-3.316666666666667,0.0
2018-11-30,The Ultimate Fighter: Heavy Hitters Finale,Ricky Glenn vs. Kevin Aguilar,Adalaide Byrd,27,30,0,-12,0,-1.6333333333333333,-1.0
2018-11-30,The Ultimate Fighter: Heavy Hitters Finale,Ricky Glenn vs. Kevin Aguilar,Chris Lee,27,30,0,-12,0,-1.6333333333333333,-1.0
2018-11-30,The Ultimate Fighter: Heavy Hitters Finale,Ricky Glenn vs. Kevin Aguilar,Glenn Trowbridge,27,30,0,-12,0,-1.6333333333333333,-1.0
2018-11-30,The Ultimate Fighter: Heavy Hitters Finale,Julija Stoliarenko vs. Leah Letson,Ron McCarthy,28,29,0,-16,0,-2.933333333333333,0.0
2018-11-30,The Ultimate Fighter: Heavy Hitters Finale,Julija Stoliarenko vs. Leah Letson,Adalaide Byrd,29,28,1,-16,0,-2.933333333333333,0.0
2018-11-30,The Ultimate Fighter: Heavy Hitters Finale,Julija Stoliarenko vs. Leah Letson,Junichiro Kamijo,28,29,0,-16,0,-2.933333333333333,0.0
2018-11-24,UFC Fight Night: Blaydes vs. Ngannou 2,Song Yadong vs. Vince Morales,Garth Harriman,30,27,1,5,2,2.6166666666666667,0.0
2018-11-24,UFC Fight Night: Blaydes vs. Ngannou 2,Song Yadong vs. Vince Morales,Albert Shen,30,27,1,5,2,2.6166666666666667,0.0
2018-11-24,UFC Fight Night: Blaydes vs. Ngannou 2,Song Yadong vs. Vince Morales,Paul Sutherland,30,27,1,5,2,2.6166666666666667,0.0
2018-11-24,UFC Fight Night: Blaydes vs. Ngannou 2,Song Kenan vs. Alex Morono,Mark Craig,27,30,0,-37,0,-0.7166666666666667,0.0
2018-11-24,UFC Fight Night: Blaydes vs. Ngannou 2,Song Kenan vs. Alex Morono,Garth Harriman,27,30,0,-37,0,-0.7166666666666667,0.0
2018-11-24,UFC Fight Night: Blaydes vs. Ngannou 2,Song Kenan vs. Alex Morono,Paul Sutherland,27,30,0,-37,0,-0.7166666666666667,0.0
2018-11-24,UFC Fight Night: Blaydes vs. Ngannou 2,Hu Yaozong vs. Rashad Coulter,Barry Foley,28,29,0,-6,0,5.166666666666666,-1.0
2018-11-24,UFC Fight Night: Blaydes vs. Ngannou 2,Hu Yaozong vs. Rashad Coulter,Mark Craig,28,29,0,-6,0,5.166666666666666,-1.0
2018-11-24,UFC Fight Night: Blaydes vs. Ngannou 2,Hu Yaozong vs. Rashad Coulter,Garth Harriman,27,30,0,-6,0,5.166666666666666,-1.0
2018-11-24,UFC Fight Night: Blaydes vs. Ngannou 2,Pingyuan Liu vs. Martin Day,Mark Craig,29,28,1,-45,-1,2.5500000000000003,0.0
2018-11-24,UFC Fight Night: Blaydes vs. Ngannou 2,Pingyuan Liu vs. Martin Day,Barry Foley,28,29,0,-45,-1,2.5500000000000003,0.0
2018-11-24,UFC Fight Night: Blaydes vs. Ngannou 2,Pingyuan Liu vs. Martin Day,Garth Harriman,29,28,1,-45,-1,2.5500000000000003,0.0
2018-11-24,UFC Fight Night: Blaydes vs. Ngannou 2,Yan Xiaonan vs. Syuri Kondo,Garth Harriman,30,27,1,64,0,0.0,0.0
2018-11-24,UFC Fight Night: Blaydes vs. Ngannou 2,Yan Xiaonan vs. Syuri Kondo,Albert Shen,30,27,1,64,0,0.0,0.0
2018-11-24,UFC Fight Night: Blaydes vs. Ngannou 2,Yan Xiaonan vs. Syuri Kondo,Paul Sutherland,30,27,1,64,0,0.0,0.0
2018-11-17,UFC Fight Night: Magny vs. Ponzinibbio,Cezar Ferreira vs. Ian Heinisch,Mike Bell,27,30,0,-29,4,3.833333333333333,-1.0
2018-11-17,UFC Fight Night: Magny vs. Ponzinibbio,Cezar Ferreira vs. Ian Heinisch,Guilherme Bravo,28,29,0,-29,4,3.833333333333333,-1.0
2018-11-17,UFC Fight Night: Magny vs. Ponzinibbio,Cezar Ferreira vs. Ian Heinisch,Joseph Terrell,28,29,0,-29,4,3.833333333333333,-1.0
2018-11-17,UFC Fight Night: Magny vs. Ponzinibbio,Humberto Bandenay vs. Austin Arnett,Joseph Terrell,28,29,0,-44,1,-5.716666666666667,0.0
2018-11-17,UFC Fight Night: Magny vs. Ponzinibbio,Humberto Bandenay vs. Austin Arnett,Guilherme Bravo,27,29,0,-44,1,-5.716666666666667,0.0
2018-11-17,UFC Fight Night: Magny vs. Ponzinibbio,Humberto Bandenay vs. Austin Arnett,Hallison Pontes,27,29,0,-44,1,-5.716666666666667,0.0
2018-11-17,UFC Fight Night: Magny vs. Ponzinibbio,Laureano Staropoli vs. Hector Aldana,Mike Bell,30,27,1,28,0,-0.7166666666666667,0.0
2018-11-17,UFC Fight Night: Magny vs. Ponzinibbio,Laureano Staropoli vs. Hector Aldana,Joseph Terrell,30,27,1,28,0,-0.7166666666666667,0.0
2018-11-17,UFC Fight Night: Magny vs. Ponzinibbio,Laureano Staropoli vs. Hector Aldana,Hallison Pontes,30,27,1,28,0,-0.7166666666666667,0.0
2018-11-17,UFC Fight Night: Magny vs. Ponzinibbio,Devin Powell vs. Jesus Pinedo,Mike Bell,28,29,0,-2,-5,-4.216666666666666,0.0
2018-11-17,UFC Fight Night: Magny vs. Ponzinibbio,Devin Powell vs. Jesus Pinedo,Hallison Pontes,27,30,0,-2,-5,-4.216666666666666,0.0
2018-11-17,UFC Fight Night: Magny vs. Ponzinibbio,Devin Powell vs. Jesus Pinedo,Joseph Terrell,27,30,0,-2,-5,-4.216666666666666,0.0
2018-11-17,UFC Fight Night: Magny vs. Ponzinibbio,Nad Narimani vs. Anderson Dos Santos,Guilherme Bravo,30,27,1,38,1,4.383333333333334,0.0
2018-11-17,UFC Fight Night: Magny vs. Ponzinibbio,Nad Narimani vs. Anderson Dos Santos,Mike Bell,30,27,1,38,1,4.383333333333334,0.0
2018-11-17,UFC Fight Night: Magny vs. Ponzinibbio,Nad Narimani vs. Anderson Dos Santos,Hallison Pontes,30,27,1,38,1,4.383333333333334,0.0
2018-11-10,UFC Fight Night: Korean Zombie vs. Rodriguez,Raquel Pennington vs. Germaine de Randamie,Chris Lee,27,30,0,-18,0,4.983333333333333,0.0
2018-11-10,UFC Fight Night: Korean Zombie vs. Rodriguez,Raquel Pennington vs. Germaine de Randamie,Derek Cleary,27,30,0,-18,0,4.983333333333333,0.0
2018-11-10,UFC Fight Night: Korean Zombie vs. Rodriguez,Raquel Pennington vs. Germaine de Randamie,Ben Ramirez,27,30,0,-18,0,4.983333333333333,0.0
2018-11-10,UFC Fight Night: Korean Zombie vs. Rodriguez,Beneil Dariush vs. Thiago Moises,Sal D'Amato,30,25,1,36,4,13.5,0.0
2018-11-10,UFC Fight Night: Korean Zombie vs. Rodriguez,Beneil Dariush vs. Thiago Moises,Derek Cleary,30,25,1,36,4,13.5,0.0
2018-11-10,UFC Fight Night: Korean Zombie vs. Rodriguez,Beneil Dariush vs. Thiago Moises,Hale Hilsabeck,30,26,1,36,4,13.5,0.0
2018-11-10,UFC Fight Night: Korean Zombie vs. Rodriguez,Michael Trizano vs. Luis Pena,Sal D'Amato,28,29,0,28,0,-3.2,0.0
2018-11-10,UFC Fight Night: Korean Zombie vs. Rodriguez,Michael Trizano vs. Luis Pena,Chris Lee,29,28,1,28,0,-3.2,0.0
2018-11-10,UFC Fight Night: Korean Zombie vs. Rodriguez,Michael Trizano vs. Luis Pena,Ben Ramirez,30,27,1,28,0,-3.2,0.0
2018-11-10,UFC Fight Night: Korean Zombie vs. Rodriguez,Ashley Yoder vs. Amanda Cooper,Derek Cleary,29,28,1,-13,-1,-2.116666666666667,0.0
2018-11-10,UFC Fight Night: Korean Zombie vs. Rodriguez,Ashley Yoder vs. Amanda Cooper,Mark Van Tine,27,30,0,-13,-1,-2.116666666666667,0.0
2018-11-10,UFC Fight Night: Korean Zombie vs. Rodriguez,Ashley Yoder vs. Amanda Cooper,Curtis Thrasher,29,28,1,-13,-1,-2.116666666666667,0.0
2018-11-10,UFC Fight Night: Korean Zombie vs. Rodriguez,Joseph Morales vs. Eric Shelton,Chris Lee,28,29,0,8,-6,-5.9,0.0
2018-11-10,UFC Fight Night: Korean Zombie vs. Rodriguez,Joseph Morales vs. Eric Shelton,Curtis Thrasher,30,27,1,8,-6,-5.9,0.0
2018-11-10,UFC Fight Night: Korean Zombie vs. Rodriguez,Joseph Morales vs. Eric Shelton,Ben Ramirez,27,30,0,8,-6,-5.9,0.0
2018-11-10,UFC Fight Night: Korean Zombie vs. Rodriguez,Mark De La Rosa vs. Joby Sanchez,Sal D'Amato,29,28,1,11,0,0.5333333333333332,0.0
2018-11-10,UFC Fight Night: Korean Zombie vs. Rodriguez,Mark De La Rosa vs. Joby Sanchez,Curtis Thrasher,28,29,0,11,0,0.5333333333333332,0.0
2018-11-10,UFC Fight Night: Korean Zombie vs. Rodriguez,Mark De La Rosa vs. Joby Sanchez,Hale Hilsabeck,30,27,1,11,0,0.5333333333333332,0.0
2018-11-03,UFC 230: Cormier vs. Lewis,Karl Roberson vs. Jack Marshman,Chris Lee,30,26,1,13,2,5.1,0.0
2018-11-03,UFC 230: Cormier vs. Lewis,Karl Roberson vs. Jack Marshman,Sal D'Amato,30,26,1,13,2,5.1,0.0
2018-11-03,UFC 230: Cormier vs. Lewis,Karl Roberson vs. Jack Marshman,Doug Crosby,30,27,1,13,2,5.1,0.0
2018-11-03,UFC 230: Cormier vs. Lewis,Jason Knight vs. Jordan Rinaldi,Doug Crosby,27,30,0,-8,-3,-11.533333333333335,0.0
2018-11-03,UFC 230: Cormier vs. Lewis,Jason Knight vs. Jordan Rinaldi,Derek Cleary,25,30,0,-8,-3,-11.533333333333335,0.0
2018-11-03,UFC 230: Cormier vs. Lewis,Jason Knight vs. Jordan Rinaldi,Sal D'Amato,26,30,0,-8,-3,-11.533333333333335,0.0
2018-11-03,UFC 230: Cormier vs. Lewis,Sijara Eubanks vs. Roxanne Modafferi,Dave Tirelli,30,27,1,29,2,3.316666666666666,1.0
2018-11-03,UFC 230: Cormier vs. Lewis,Sijara Eubanks vs. Roxanne Modafferi,Bryan Miner,30,27,1,29,2,3.316666666666666,1.0
2018-11-03,UFC 230: Cormier vs. Lewis,Sijara Eubanks vs. Roxanne Modafferi,Chris Lee,30,27,1,29,2,3.316666666666666,1.0
2018-11-03,UFC 230: Cormier vs. Lewis,Julio Arce vs. Sheymon Moraes,Derek Cleary,28,29,0,-7,1,2.5666666666666673,-2.0
2018-11-03,UFC 230: Cormier vs. Lewis,Julio Arce vs. Sheymon Moraes,Chris Lee,29,28,1,-7,1,2.5666666666666673,-2.0
2018-11-03,UFC 230: Cormier vs. Lewis,Julio Arce vs. Sheymon Moraes,Doug Crosby,26,30,0,-7,1,2.5666666666666673,-2.0
2018-11-03,UFC 230: Cormier vs. Lewis,Adam Wieczorek vs. Marcos Rogerio de Lima,Dave Tirelli,27,30,0,-21,-2,-6.083333333333333,0.0
2018-11-03,UFC 230: Cormier vs. Lewis,Adam Wieczorek vs. Marcos Rogerio de Lima,Chris Lee,27,30,0,-21,-2,-6.083333333333333,0.0
2018-11-03,UFC 230: Cormier vs. Lewis,Adam Wieczorek vs. Marcos Rogerio de Lima,Sal D'Amato,27,30,0,-21,-2,-6.083333333333333,0.0
2018-10-27,UFC Fight Night: Oezdemir vs. Smith,Michael Johnson vs. Artem Lobov,Declan Woods,29,28,1,32,1,0.65,0.0
2018-10-27,UFC Fight Night: Oezdemir vs. Smith,Michael Johnson vs. Artem Lobov,Doug Crosby,29,28,1,32,1,0.65,0.0
2018-10-27,UFC Fight Night: Oezdemir vs. Smith,Michael Johnson vs. Artem Lobov,Emile Arsenault,30,27,1,32,1,0.65,0.0
2018-10-27,UFC Fight Night: Oezdemir vs. Smith,Andre Soukhamthath vs. Jonathan Martinez,Declan Woods,30,26,1,8,2,-0.5666666666666664,2.0
2018-10-27,UFC Fight Night: Oezdemir vs. Smith,Andre Soukhamthath vs. Jonathan Martinez,Paul Deiron,29,28,1,8,2,-0.5666666666666664,2.0
2018-10-27,UFC Fight Night: Oezdemir vs. Smith,Andre Soukhamthath vs. Jonathan Martinez,Doug Crosby,29,28,1,8,2,-0.5666666666666664,2.0
2018-10-27,UFC Fight Night: Oezdemir vs. Smith,Gian Villante vs. Ed Herman,Hubert Earle,29,28,1,-3,0,-0.03333333333333334,0.0
2018-10-27,UFC Fight Night: Oezdemir vs. Smith,Gian Villante vs. Ed Herman,Bob Leblanc,28,29,0,-3,0,-0.03333333333333334,0.0
2018-10-27,UFC Fight Night: Oezdemir vs. Smith,Gian Villante vs. Ed Herman,David Therien,29,28,1,-3,0,-0.03333333333333334,0.0
2018-10-27,UFC Fight Night: Oezdemir vs. Smith,Alex Garcia vs. Court McGee,Declan Woods,28,29,0,-24,-1,-3.516666666666666,-1.0
2018-10-27,UFC Fight Night: Oezdemir vs. Smith,Alex Garcia vs. Court McGee,Emile Arsenault,28,29,0,-24,-1,-3.516666666666666,-1.0
2018-10-27,UFC Fight Night: Oezdemir vs. Smith,Alex Garcia vs. Court McGee,Doug Crosby,28,30,0,-24,-1,-3.516666666666666,-1.0
2018-10-27,UFC Fight Night: Oezdemir vs. Smith,Thibault Gouti vs. Nasrat Haqparast,Doug Crosby,27,29,0,-46,0,-2.933333333333333,-1.0
2018-10-27,UFC Fight Night: Oezdemir vs. Smith,Thibault Gouti vs. Nasrat Haqparast,Paul Deiron,27,29,0,-46,0,-2.933333333333333,-1.0
2018-10-27,UFC Fight Night: Oezdemir vs. Smith,Thibault Gouti vs. Nasrat Haqparast,Declan Woods,26,30,0,-46,0,-2.933333333333333,-1.0
2018-10-27,UFC Fight Night: Oezdemir vs. Smith,Sarah Moras vs. Talita Bernardo,Doug Crosby,27,30,0,-23,-1,-5.566666666666667,0.0
2018-10-27,UFC Fight Night: Oezdemir vs. Smith,Sarah Moras vs. Talita Bernardo,Emile Arsenault,28,29,0,-23,-1,-5.566666666666667,0.0
2018-10-27,UFC Fight Night: Oezdemir vs. Smith,Sarah Moras vs. Talita Bernardo,James Locke,28,29,0,-23,-1,-5.566666666666667,0.0
2018-10-27,UFC Fight Night: Oezdemir vs. Smith,Arjan Bhullar vs. Marcelo Golm,Emile Arsenault,29,28,1,4,1,6.5,0.0
2018-10-27,UFC Fight Night: Oezdemir vs. Smith,Arjan Bhullar vs. Marcelo Golm,Declan Woods,29,28,1,4,1,6.5,0.0
2018-10-27,UFC Fight Night: Oezdemir vs. Smith,Arjan Bhullar vs. Marcelo Golm,James Locke,29,27,1,4,1,6.5,0.0
2018-10-27,UFC Fight Night: Oezdemir vs. Smith,Stevie Ray vs. Jessin Ayari,Bob Leblanc,29,28,1,12,0,-0.09999999999999999,0.0
2018-10-27,UFC Fight Night: Oezdemir vs. Smith,Stevie Ray vs. Jessin Ayari,Paul Deiron,29,28,1,12,0,-0.09999999999999999,0.0
2018-10-27,UFC Fight Night: Oezdemir vs. Smith,Stevie Ray vs. Jessin Ayari,Hubert Earle,30,27,1,12,0,-0.09999999999999999,0.0
2018-10-06,UFC 229: Khabib vs. McGregor,Ovince Saint Preux vs. Dominick Reyes,Derek Cleary,27,30,0,-56,1,0.11666666666666647,-1.0
2018-10-06,UFC 229: Khabib vs. McGregor,Ovince Saint Preux vs. Dominick Reyes,Sal D'Amato,27,30,0,-56,1,0.11666666666666647,-1.0
2018-10-06,UFC 229: Khabib vs. McGregor,Ovince Saint Preux vs. Dominick Reyes,Glenn Trowbridge,27,30,0,-56,1,0.11666666666666647,-1.0
2018-10-06,UFC 229: Khabib vs. McGregor,Michelle Waterson-Gomez vs. Felice Herrig,Chris Lee,30,26,1,25,-1,-3.1333333333333333,0.0
2018-10-06,UFC 229: Khabib vs. McGregor,Michelle Waterson-Gomez vs. Felice Herrig,Mike Bell,29,28,1,25,-1,-3.1333333333333333,0.0
2018-10-06,UFC 229: Khabib vs. McGregor,Michelle Waterson-Gomez vs. Felice Herrig,Dave Hagen,30,27,1,25,-1,-3.1333333333333333,0.0
2018-10-06,UFC 229: Khabib vs. McGregor,Sergio Pettis vs. Jussier Formiga,Derek Cleary,26,30,0,12,-2,-7.416666666666667,0.0
2018-10-06,UFC 229: Khabib vs. McGregor,Sergio Pettis vs. Jussier Formiga,Sal D'Amato,28,29,0,12,-2,-7.416666666666667,0.0
2018-10-06,UFC 229: Khabib vs. McGregor,Sergio Pettis vs. Jussier Formiga,Dave Hagen,28,29,0,12,-2,-7.416666666666667,0.0
2018-10-06,UFC 229: Khabib vs. McGregor,Lina Lansberg vs. Yana Santos,Sal D'Amato,27,30,0,-29,-5,-9.566666666666666,0.0
2018-10-06,UFC 229: Khabib vs. McGregor,Lina Lansberg vs. Yana Santos,Marcos Rosales,27,30,0,-29,-5,-9.566666666666666,0.0
2018-10-06,UFC 229: Khabib vs. McGregor,Lina Lansberg vs. Yana Santos,Adalaide Byrd,27,30,0,-29,-5,-9.566666666666666,0.0
2018-09-22,UFC Fight Night: Marreta vs. Anders,Renan Barao vs. Andre Ewell,Hallison Pontes,28,29,0,-9,2,4.466666666666667,-1.0
2018-09-22,UFC Fight Night: Marreta vs. Anders,Renan Barao vs. Andre Ewell,Marcelo Vilhena,29,28,1,-9,2,4.466666666666667,-1.0
2018-09-22,UFC Fight Night: Marreta vs. Anders,Renan Barao vs. Andre Ewell,Derek Cleary,28,29,0,-9,2,4.466666666666667,-1.0
2018-09-22,UFC Fight Night: Marreta vs. Anders,Luis Henrique vs. Ryan Spann,Chris Lee,27,30,0,-16,4,-0.05000000000000071,0.0
2018-09-22,UFC Fight Night: Marreta vs. Anders,Luis Henrique vs. Ryan Spann,Marcelo Vilhena,27,30,0,-16,4,-0.05000000000000071,0.0
2018-09-22,UFC Fight Night: Marreta vs. Anders,Luis Henrique vs. Ryan Spann,Hallison Pontes,28,29,0,-16,4,-0.05000000000000071,0.0
2018-09-22,UFC Fight Night: Marreta vs. Anders,Thales Leites vs. Hector Lombard,Guilherme Bravo,29,28,1,8,2,-1.1999999999999997,0.0
2018-09-22,UFC Fight Night: Marreta vs. Anders,Thales Leites vs. Hector Lombard,Chris Lee,29,28,1,8,2,-1.1999999999999997,0.0
2018-09-22,UFC Fight Night: Marreta vs. Anders,Thales Leites vs. Hector Lombard,Hallison Pontes,29,28,1,8,2,-1.1999999999999997,0.0
2018-09-15,UFC Fight Night: Hunt vs. Oleinik,Andrei Arlovski vs. Shamil Abdurakhimov,Maria Makhmutova,28,29,0,-14,0,-3.1000000000000005,0.0
2018-09-15,UFC Fight Night: Hunt vs. Oleinik,Andrei Arlovski vs. Shamil Abdurakhimov,Ben Cartlidge,27,30,0,-14,0,-3.1000000000000005,0.0
2018-09-15,UFC Fight Night: Hunt vs. Oleinik,Andrei Arlovski vs. Shamil Abdurakhimov,Derek Cleary,27,30,0,-14,0,-3.1000000000000005,0.0
2018-09-15,UFC Fight Night: Hunt vs. Oleinik,Aleksei Kunchenko vs. Thiago Alves,Pawel Harasim,30,27,1,-12,1,-0.8333333333333334,0.0
2018-09-15,UFC Fight Night: Hunt vs. Oleinik,Aleksei Kunchenko vs. Thiago Alves,Mark Collett,29,28,1,-12,1,-0.8333333333333334,0.0
2018-09-15,UFC Fight Night: Hunt vs. Oleinik,Aleksei Kunchenko vs. Thiago Alves,Maciej Motylewski,29,28,1,-12,1,-0.8333333333333334,0.0
2018-09-15,UFC Fight Night: Hunt vs. Oleinik,Petr Yan vs. Jin Soo Son,Derek Cleary,30,27,1,42,-1,-2.3666666666666667,0.0
2018-09-15,UFC Fight Night: Hunt vs. Oleinik,Petr Yan vs. Jin Soo Son,Pawel Harasim,30,27,1,42,-1,-2.3666666666666667,0.0
2018-09-15,UFC Fight Night: Hunt vs. Oleinik,Petr Yan vs. Jin Soo Son,Mark Collett,29,28,1,42,-1,-2.3666666666666667,0.0
2018-09-15,UFC Fight Night: Hunt vs. Oleinik,Rustam Khabilov vs. Kajan Johnson,Ben Cartlidge,29,28,1,-27,3,4.183333333333334,0.0
2018-09-15,UFC Fight Night: Hunt vs. Oleinik,Rustam Khabilov vs. Kajan Johnson,David Lethaby,28,29,0,-27,3,4.183333333333334,0.0
2018-09-15,UFC Fight Night: Hunt vs. Oleinik,Rustam Khabilov vs. Kajan Johnson,Maciej Motylewski,29,28,1,-27,3,4.183333333333334,0.0
2018-09-15,UFC Fight Night: Hunt vs. Oleinik,Mairbek Taisumov vs. Desmond Green,Mark Collett,30,27,1,0,0,0.06666666666666667,0.0
2018-09-15,UFC Fight Night: Hunt vs. Oleinik,Mairbek Taisumov vs. Desmond Green,Derek Cleary,30,27,1,0,0,0.06666666666666667,0.0
2018-09-15,UFC Fight Night: Hunt vs. Oleinik,Mairbek Taisumov vs. Desmond Green,Pawel Harasim,30,27,1,0,0,0.06666666666666667,0.0
2018-09-15,UFC Fight Night: Hunt vs. Oleinik,Ramazan Emeev vs. Stefan Sekulic,Maria Makhmutova,29,28,1,14,1,0.18333333333333313,1.0
2018-09-15,UFC Fight Night: Hunt vs. Oleinik,Ramazan Emeev vs. Stefan Sekulic,Lukasz Bosacki,30,27,1,14,1,0.18333333333333313,1.0
2018-09-15,UFC Fight Night: Hunt vs. Oleinik,Ramazan Emeev vs. Stefan Sekulic,Derek Cleary,30,26,1,14,1,0.18333333333333313,1.0
2018-09-15,UFC Fight Night: Hunt vs. Oleinik,Merab Dvalishvili vs. Terrion Ware,Ben Cartlidge,30,25,1,54,5,11.533333333333333,0.0
2018-09-15,UFC Fight Night: Hunt vs. Oleinik,Merab Dvalishvili vs. Terrion Ware,David Lethaby,30,25,1,54,5,11.533333333333333,0.0
2018-09-15,UFC Fight Night: Hunt vs. Oleinik,Merab Dvalishvili vs. Terrion Ware,Maciej Motylewski,30,25,1,54,5,11.533333333333333,0.0
2018-09-08,UFC 228: Woodley vs. Till,Jimmie Rivera vs. John Dodson,Chris Lee,30,27,1,21,0,0.03333333333333333,0.0
2018-09-08,UFC 228: Woodley vs. Till,Jimmie Rivera vs. John Dodson,Steve Armstrong,30,27,1,21,0,0.03333333333333333,0.0
2018-09-08,UFC 228: Woodley vs. Till,Jimmie Rivera vs. John Dodson,Aladin Martinez,29,28,1,21,0,0.03333333333333333,0.0
2018-09-08,UFC 228: Woodley vs. Till,Diego Sanchez vs. Craig White,Dan Mathisen,30,27,1,28,3,14.233333333333334,-1.0
2018-09-08,UFC 228: Woodley vs. Till,Diego Sanchez vs. Craig White,Steve Armstrong,30,27,1,28,3,14.233333333333334,-1.0
2018-09-08,UFC 228: Woodley vs. Till,Diego Sanchez vs. Craig White,Aladin Martinez,30,27,1,28,3,14.233333333333334,-1.0
2018-09-08,UFC 228: Woodley vs. Till,Irene Aldana vs. Lucie Pudilova,Chris Lee,29,28,1,14,0,-0.26666666666666666,0.0
2018-09-08,UFC 228: Woodley vs. Till,Irene Aldana vs. Lucie Pudilova,Don Turnage,28,29,0,14,0,-0.26666666666666666,0.0
2018-09-08,UFC 228: Woodley vs. Till,Irene Aldana vs. Lucie Pudilova,Steve Armstrong,29,28,1,14,0,-0.26666666666666666,0.0
2018-09-08,UFC 228: Woodley vs. Till,Robert Sanchez vs. Jarred Brooks,Chris Lee,28,29,0,-8,-1,-3.5666666666666664,0.0
2018-09-08,UFC 228: Woodley vs. Till,Robert Sanchez vs. Jarred Brooks,Don Turnage,29,28,1,-8,-1,-3.5666666666666664,0.0
2018-09-08,UFC 228: Woodley vs. Till,Robert Sanchez vs. Jarred Brooks,Steve Armstrong,28,29,0,-8,-1,-3.5666666666666664,0.0
2018-08-25,UFC Fight Night: Gaethje vs. Vick,Michael Johnson vs. Andre Fili,Sal D'Amato,29,28,1,28,-2,-1.833333333333333,0.0
2018-08-25,UFC Fight Night: Gaethje vs. Vick,Michael Johnson vs. Andre Fili,Kristy Gynan,27,30,0,28,-2,-1.833333333333333,0.0
2018-08-25,UFC Fight Night: Gaethje vs. Vick,Michael Johnson vs. Andre Fili,Glenn Trowbridge,29,28,1,28,-2,-1.833333333333333,0.0
2018-08-25,UFC Fight Night: Gaethje vs. Vick,Cortney Casey vs. Angela Hill,Glenn Trowbridge,30,27,1,-10,0,1.3166666666666667,0.0
2018-08-25,UFC Fight Night: Gaethje vs. Vick,Cortney Casey vs. Angela Hill,Matt Prieto,28,29,0,-10,0,1.3166666666666667,0.0
2018-08-25,UFC Fight Night: Gaethje vs. Vick,Cortney Casey vs. Angela Hill,Sal D'Amato,29,28,1,-10,0,1.3166666666666667,0.0
2018-08-25,UFC Fight Night: Gaethje vs. Vick,Andrew Sanchez vs. Markus Perez,Glenn Hamada,29,28,1,19,0,5.566666666666667,0.0
2018-08-25,UFC Fight Night: Gaethje vs. Vick,Andrew Sanchez vs. Markus Perez,Sal D'Amato,29,28,1,19,0,5.566666666666667,0.0
2018-08-25,UFC Fight Night: Gaethje vs. Vick,Andrew Sanchez vs. Markus Perez,Matt Prieto,29,28,1,19,0,5.566666666666667,0.0
2018-08-25,UFC Fight Night: Gaethje vs. Vick,Drew Dober vs. Jon Tuck,Matt Prieto,30,27,1,27,2,7.800000000000001,0.0
2018-08-25,UFC Fight Night: Gaethje vs. Vick,Drew Dober vs. Jon Tuck,Derek Cleary,30,26,1,27,2,7.800000000000001,0.0
2018-08-25,UFC Fight Night: Gaethje vs. Vick,Drew Dober vs. Jon Tuck,Sal D'Amato,30,26,1,27,2,7.800000000000001,0.0
2018-08-04,UFC 227: Dillashaw vs. Garbrandt 2,Demetrious Johnson vs. Henry Cejudo,Ron McCarthy,47,48,0,30,-2,-4.0166666666666675,0.0
2018-08-04,UFC 227: Dillashaw vs. Garbrandt 2,Demetrious Johnson vs. Henry Cejudo,Marcos Rosales,48,47,1,30,-2,-4.0166666666666675,0.0
2018-08-04,UFC 227: Dillashaw vs. Garbrandt 2,Demetrious Johnson vs. Henry Cejudo,Sal D'Amato,47,48,0,30,-2,-4.0166666666666675,0.0
2018-08-04,UFC 227: Dillashaw vs. Garbrandt 2,Polyana Viana vs. JJ Aldrich,Marcos Rosales,28,29,0,6,1,-4.8999999999999995,0.0
2018-08-04,UFC 227: Dillashaw vs. Garbrandt 2,Polyana Viana vs. JJ Aldrich,Sal D'Amato,28,29,0,6,1,-4.8999999999999995,0.0
2018-08-04,UFC 227: Dillashaw vs. Garbrandt 2,Polyana Viana vs. JJ Aldrich,Ron McCarthy,27,30,0,6,1,-4.8999999999999995,0.0
2018-08-04,UFC 227: Dillashaw vs. Garbrandt 2,Thiago Santos vs. Kevin Holland,Derek Cleary,29,27,1,38,3,8.5,0.0
2018-08-04,UFC 227: Dillashaw vs. Garbrandt 2,Thiago Santos vs. Kevin Holland,Mike Bell,29,27,1,38,3,8.5,0.0
2018-08-04,UFC 227: Dillashaw vs. Garbrandt 2,Thiago Santos vs. Kevin Holland,Guilherme Bravo,29,26,1,38,3,8.5,0.0
2018-08-04,UFC 227: Dillashaw vs. Garbrandt 2,Pedro Munhoz vs. Brett Johns,Sal D'Amato,30,26,1,44,0,3.3833333333333333,3.0
2018-08-04,UFC 227: Dillashaw vs. Garbrandt 2,Pedro Munhoz vs. Brett Johns,Ron McCarthy,29,28,1,44,0,3.3833333333333333,3.0
2018-08-04,UFC 227: Dillashaw vs. Garbrandt 2,Pedro Munhoz vs. Brett Johns,Marcos Rosales,29,27,1,44,0,3.3833333333333333,3.0
2018-08-04,UFC 227: Dillashaw vs. Garbrandt 2,Ricky Simon vs. Montel Jackson,Derek Cleary,30,27,1,-17,5,4.833333333333334,0.0
2018-08-04,UFC 227: Dillashaw vs. Garbrandt 2,Ricky Simon vs. Montel Jackson,Marcos Rosales,30,27,1,-17,5,4.833333333333334,0.0
2018-08-04,UFC 227: Dillashaw vs. Garbrandt 2,Ricky Simon vs. Montel Jackson,Mike Bell,29,28,1,-17,5,4.833333333333334,0.0
2018-08-04,UFC 227: Dillashaw vs. Garbrandt 2,Ricardo Ramos vs. Kyung Ho Kang,Derek Cleary,28,29,0,-11,0,-1.15,0.0
2018-08-04,UFC 227: Dillashaw vs. Garbrandt 2,Ricardo Ramos vs. Kyung Ho Kang,Marcos Rosales,29,28,1,-11,0,-1.15,0.0
2018-08-04,UFC 227: Dillashaw vs. Garbrandt 2,Ricardo Ramos vs. Kyung Ho Kang,Sal D'Amato,29,28,1,-11,0,-1.15,0.0
2018-08-04,UFC 227: Dillashaw vs. Garbrandt 2,Matt Sayles vs. Sheymon Moraes,Ron McCarthy,28,29,0,4,0,1.0833333333333333,0.0
2018-08-04,UFC 227: Dillashaw vs. Garbrandt 2,Matt Sayles vs. Sheymon Moraes,Guilherme Bravo,28,29,0,4,0,1.0833333333333333,0.0
2018-08-04,UFC 227: Dillashaw vs. Garbrandt 2,Matt Sayles vs. Sheymon Moraes,Sal D'Amato,28,29,0,4,0,1.0833333333333333,0.0
2018-08-04,UFC 227: Dillashaw vs. Garbrandt 2,Danielle Taylor vs. Zhang Weili,Ron McCarthy,28,29,0,-43,-1,-0.8,0.0
2018-08-04,UFC 227: Dillashaw vs. Garbrandt 2,Danielle Taylor vs. Zhang Weili,Guilherme Bravo,28,29,0,-43,-1,-0.8,0.0
2018-08-04,UFC 227: Dillashaw vs. Garbrandt 2,Danielle Taylor vs. Zhang Weili,Sal D'Amato,28,29,0,-43,-1,-0.8,0.0
2018-07-28,UFC Fight Night: Alvarez vs. Poirier 2,Joanna Jedrzejczyk vs. Tecia Pennington,Sal D'Amato,30,27,1,29,0,-2.4833333333333334,0.0
2018-07-28,UFC Fight Night: Alvarez vs. Poirier 2,Joanna Jedrzejczyk vs. Tecia Pennington,Tony Weeks,30,27,1,29,0,-2.4833333333333334,0.0
2018-07-28,UFC Fight Night: Alvarez vs. Poirier 2,Joanna Jedrzejczyk vs. Tecia Pennington,Jason Rodgers,30,27,1,29,0,-2.4833333333333334,0.0
2018-07-28,UFC Fight Night: Alvarez vs. Poirier 2,Alexander Hernandez vs. Olivier Aubin-Mercier,Greg Jackson,30,27,1,20,2,3.316666666666667,0.0
2018-07-28,UFC Fight Night: Alvarez vs. Poirier 2,Alexander Hernandez vs. Olivier Aubin-Mercier,Derek Cleary,29,28,1,20,2,3.316666666666667,0.0
2018-07-28,UFC Fight Night: Alvarez vs. Poirier 2,Alexander Hernandez vs. Olivier Aubin-Mercier,Chris Lee,29,28,1,20,2,3.316666666666667,0.0
2018-07-28,UFC Fight Night: Alvarez vs. Poirier 2,Jordan Mein vs. Alex Morono,Derek Cleary,29,28,1,-6,3,7.266666666666667,0.0
2018-07-28,UFC Fight Night: Alvarez vs. Poirier 2,Jordan Mein vs. Alex Morono,Chris Lee,29,28,1,-6,3,7.266666666666667,0.0
2018-07-28,UFC Fight Night: Alvarez vs. Poirier 2,Jordan Mein vs. Alex Morono,Greg Jackson,29,28,1,-6,3,7.266666666666667,0.0
2018-07-28,UFC Fight Night: Alvarez vs. Poirier 2,Hakeem Dawodu vs. Austin Arnett,Sal D'Amato,30,27,1,52,0,0.7666666666666667,0.0
2018-07-28,UFC Fight Night: Alvarez vs. Poirier 2,Hakeem Dawodu vs. Austin Arnett,Tony Weeks,30,27,1,52,0,0.7666666666666667,0.0
2018-07-28,UFC Fight Night: Alvarez vs. Poirier 2,Hakeem Dawodu vs. Austin Arnett,Jason Rodgers,30,27,1,52,0,0.7666666666666667,0.0
2018-07-28,UFC Fight Night: Alvarez vs. Poirier 2,John Makdessi vs. Ross Pearson,Derek Cleary,30,26,1,52,0,-0.3,0.0
2018-07-28,UFC Fight Night: Alvarez vs. Poirier 2,John Makdessi vs. Ross Pearson,Chris Lee,29,27,1,52,0,-0.3,0.0
2018-07-28,UFC Fight Night: Alvarez vs. Poirier 2,John Makdessi vs. Ross Pearson,Greg Jackson,29,28,1,52,0,-0.3,0.0
2018-07-28,UFC Fight Night: Alvarez vs. Poirier 2,Alexis Davis vs. Katlyn Cerminara,Sal D'Amato,28,29,0,8,1,0.3333333333333333,0.0
2018-07-28,UFC Fight Night: Alvarez vs. Poirier 2,Alexis Davis vs. Katlyn Cerminara,Tony Weeks,28,29,0,8,1,0.3333333333333333,0.0
2018-07-28,UFC Fight Night: Alvarez vs. Poirier 2,Alexis Davis vs. Katlyn Cerminara,Jason Rodgers,27,30,0,8,1,0.3333333333333333,0.0
2018-07-28,UFC Fight Night: Alvarez vs. Poirier 2,Randa Markos vs. Nina Nunes,Sal D'Amato,28,29,0,-26,1,4.4,0.0
2018-07-28,UFC Fight Night: Alvarez vs. Poirier 2,Randa Markos vs. Nina Nunes,Tony Weeks,28,29,0,-26,1,4.4,0.0
2018-07-28,UFC Fight Night: Alvarez vs. Poirier 2,Randa Markos vs. Nina Nunes,Jason Rodgers,28,29,0,-26,1,4.4,0.0
2018-07-22,UFC Fight Night: Shogun vs. Smith,Glover Teixeira vs. Corey Anderson,Ben Cartlidge,27,30,0,-28,-7,-6.766666666666667,0.0
2018-07-22,UFC Fight Night: Shogun vs. Smith,Glover Teixeira vs. Corey Anderson,Pawel Harasim,27,30,0,-28,-7,-6.766666666666667,0.0
2018-07-22,UFC Fight Night: Shogun vs. Smith,Glover Teixeira vs. Corey Anderson,Howard Hughes,27,30,0,-28,-7,-6.766666666666667,0.0
2018-07-22,UFC Fight Night: Shogun vs. Smith,Vitor Miranda vs. Abu Azaitar,Andreas Gruner,27,30,0,-29,2,1.666666666666667,0.0
2018-07-22,UFC Fight Night: Shogun vs. Smith,Vitor Miranda vs. Abu Azaitar,Takeo Kobayashi,27,30,0,-29,2,1.666666666666667,0.0
2018-07-22,UFC Fight Night: Shogun vs. Smith,Vitor Miranda vs. Abu Azaitar,David Lethaby,28,29,0,-29,2,1.666666666666667,0.0
2018-07-22,UFC Fight Night: Shogun vs. Smith,Marcin Tybura vs. Stefan Struve,Mark Collett,30,27,1,10,5,7.6000000000000005,0.0
2018-07-22,UFC Fight Night: Shogun vs. Smith,Marcin Tybura vs. Stefan Struve,Andreas Gruner,30,27,1,10,5,7.6000000000000005,0.0
2018-07-22,UFC Fight Night: Shogun vs. Smith,Marcin Tybura vs. Stefan Struve,Pawel Harasim,29,28,1,10,5,7.6000000000000005,0.0
2018-07-22,UFC Fight Night: Shogun vs. Smith,Danny Roberts vs. David Zawada,Takeo Kobayashi,27,30,0,12,-2,6.1,0.0
2018-07-22,UFC Fight Night: Shogun vs. Smith,Danny Roberts vs. David Zawada,Ben Cartlidge,29,28,1,12,-2,6.1,0.0
2018-07-22,UFC Fight Night: Shogun vs. Smith,Danny Roberts vs. David Zawada,Howard Hughes,29,28,1,12,-2,6.1,0.0
2018-07-22,UFC Fight Night: Shogun vs. Smith,Nasrat Haqparast vs. Marc Diakiese,Mark Collett,30,27,1,43,0,0.6,1.0
2018-07-22,UFC Fight Night: Shogun vs. Smith,Nasrat Haqparast vs. Marc Diakiese,Andreas Gruner,30,27,1,43,0,0.6,1.0
2018-07-22,UFC Fight Night: Shogun vs. Smith,Nasrat Haqparast vs. Marc Diakiese,David Lethaby,30,26,1,43,0,0.6,1.0
2018-07-22,UFC Fight Night: Shogun vs. Smith,Nick Hein vs. Damir Hadzovic,Ben Cartlidge,28,29,0,-28,0,-0.1,-1.0
2018-07-22,UFC Fight Night: Shogun vs. Smith,Nick Hein vs. Damir Hadzovic,Howard Hughes,29,28,1,-28,0,-0.1,-1.0
2018-07-22,UFC Fight Night: Shogun vs. Smith,Nick Hein vs. Damir Hadzovic,Pawel Harasim,28,29,0,-28,0,-0.1,-1.0
2018-07-22,UFC Fight Night: Shogun vs. Smith,Emil Meek vs. Bartosz Fabinski,Mark Collett,27,30,0,-14,-6,-12.8,0.0
2018-07-22,UFC Fight Night: Shogun vs. Smith,Emil Meek vs. Bartosz Fabinski,Takeo Kobayashi,28,29,0,-14,-6,-12.8,0.0
2018-07-22,UFC Fight Night: Shogun vs. Smith,Emil Meek vs. Bartosz Fabinski,David Lethaby,28,29,0,-14,-6,-12.8,0.0
2018-07-22,UFC Fight Night: Shogun vs. Smith,Khalid Taha vs. Nad Narimani,Ben Cartlidge,27,30,0,-13,-6,-9.533333333333333,0.0
2018-07-22,UFC Fight Night: Shogun vs. Smith,Khalid Taha vs. Nad Narimani,Andreas Gruner,27,30,0,-13,-6,-9.533333333333333,0.0
2018-07-22,UFC Fight Night: Shogun vs. Smith,Khalid Taha vs. Nad Narimani,Pawel Harasim,27,30,0,-13,-6,-9.533333333333333,0.0
2018-07-22,UFC Fight Night: Shogun vs. Smith,Justin Ledet vs. Aleksandar Rakic,David Lethaby,25,30,0,-92,-3,-12.383333333333333,-1.0
2018-07-22,UFC Fight Night: Shogun vs. Smith,Justin Ledet vs. Aleksandar Rakic,Howard Hughes,24,30,0,-92,-3,-12.383333333333333,-1.0
2018-07-22,UFC Fight Night: Shogun vs. Smith,Justin Ledet vs. Aleksandar Rakic,Takeo Kobayashi,24,30,0,-92,-3,-12.383333333333333,-1.0
2018-07-22,UFC Fight Night: Shogun vs. Smith,Damian Stasiak vs. Pingyuan Liu,Mark Collett,27,30,0,-8,2,4.283333333333333,0.0
2018-07-22,UFC Fight Night: Shogun vs. Smith,Damian Stasiak vs. Pingyuan Liu,Andreas Gruner,28,29,0,-8,2,4.283333333333333,0.0
2018-07-22,UFC Fight Night: Shogun vs. Smith,Damian Stasiak vs. Pingyuan Liu,David Lethaby,28,29,0,-8,2,4.283333333333333,0.0
2018-07-14,UFC Fight Night: Dos Santos vs. Ivanov,Junior Dos Santos vs. Blagoy Ivanov,Dave Hagen,50,45,1,59,0,-0.03333333333333333,0.0
2018-07-14,UFC Fight Night: Dos Santos vs. Ivanov,Junior Dos Santos vs. Blagoy Ivanov,Tim Turner,50,45,1,59,0,-0.03333333333333333,0.0
2018-07-14,UFC Fight Night: Dos Santos vs. Ivanov,Junior Dos Santos vs. Blagoy Ivanov,Tony Weeks,50,45,1,59,0,-0.03333333333333333,0.0
2018-07-14,UFC Fight Night: Dos Santos vs. Ivanov,Dennis Bermudez vs. Ricky Glenn,Tim Turner,29,28,1,-6,6,3.75,0.0
2018-07-14,UFC Fight Night: Dos Santos vs. Ivanov,Dennis Bermudez vs. Ricky Glenn,Mike Mikkelsen,27,30,0,-6,6,3.75,0.0
2018-07-14,UFC Fight Night: Dos Santos vs. Ivanov,Dennis Bermudez vs. Ricky Glenn,Tony Weeks,28,29,0,-6,6,3.75,0.0
2018-07-14,UFC Fight Night: Dos Santos vs. Ivanov,Cat Zingano vs. Marion Reneau,Dave Hagen,30,27,1,19,6,7.633333333333334,0.0
2018-07-14,UFC Fight Night: Dos Santos vs. Ivanov,Cat Zingano vs. Marion Reneau,Tim Turner,30,27,1,19,6,7.633333333333334,0.0
2018-07-14,UFC Fight Night: Dos Santos vs. Ivanov,Cat Zingano vs. Marion Reneau,Tony Weeks,30,26,1,19,6,7.633333333333334,0.0
2018-07-14,UFC Fight Night: Dos Santos vs. Ivanov,Eddie Wineland vs. Alejandro Perez,Dave Hagen,28,29,0,-5,0,0.04999999999999999,0.0
2018-07-14,UFC Fight Night: Dos Santos vs. Ivanov,Eddie Wineland vs. Alejandro Perez,Tony Weeks,28,29,0,-5,0,0.04999999999999999,0.0
2018-07-14,UFC Fight Night: Dos Santos vs. Ivanov,Eddie Wineland vs. Alejandro Perez,Mike Mikkelsen,28,29,0,-5,0,0.04999999999999999,0.0
2018-07-14,UFC Fight Night: Dos Santos vs. Ivanov,Darren Elkins vs. Alexander Volkanovski,Tim Turner,27,30,0,-18,-1,-2.433333333333333,-2.0
2018-07-14,UFC Fight Night: Dos Santos vs. Ivanov,Darren Elkins vs. Alexander Volkanovski,Marcos Rosales,28,29,0,-18,-1,-2.433333333333333,-2.0
2018-07-14,UFC Fight Night: Dos Santos vs. Ivanov,Darren Elkins vs. Alexander Volkanovski,Scott Marker,28,29,0,-18,-1,-2.433333333333333,-2.0
2018-07-14,UFC Fight Night: Dos Santos vs. Ivanov,Justin Scoggins vs. Said Nurmagomedov,Marcos Rosales,28,29,0,-33,-1,-2.0,0.0
2018-07-14,UFC Fight Night: Dos Santos vs. Ivanov,Justin Scoggins vs. Said Nurmagomedov,Mike Mikkelsen,29,28,1,-33,-1,-2.0,0.0
2018-07-14,UFC Fight Night: Dos Santos vs. Ivanov,Justin Scoggins vs. Said Nurmagomedov,Dave Hagen,28,29,0,-33,-1,-2.0,0.0
2018-07-14,UFC Fight Night: Dos Santos vs. Ivanov,Liz Carmouche vs. Jennifer Maia,Marcos Rosales,30,27,1,11,3,2.8999999999999995,0.0
2018-07-14,UFC Fight Night: Dos Santos vs. Ivanov,Liz Carmouche vs. Jennifer Maia,Scott Marker,30,27,1,11,3,2.8999999999999995,0.0
2018-07-14,UFC Fight Night: Dos Santos vs. Ivanov,Liz Carmouche vs. Jennifer Maia,Dave Hagen,29,28,1,11,3,2.8999999999999995,0.0
2018-07-07,UFC 226: Miocic vs. Cormier,Francis Ngannou vs. Derrick Lewis,Derek Cleary,28,29,0,-9,0,-0.016666666666666666,0.0
2018-07-07,UFC 226: Miocic vs. Cormier,Francis Ngannou vs. Derrick Lewis,Junichiro Kamijo,28,29,0,-9,0,-0.016666666666666666,0.0
2018-07-07,UFC 226: Miocic vs. Cormier,Francis Ngannou vs. Derrick Lewis,Sal D'Amato,27,30,0,-9,0,-0.016666666666666666,0.0
2018-07-07,UFC 226: Miocic vs. Cormier,Paul Felder vs. Mike Perry,Mike Bell,28,29,0,-6,-2,-2.25,0.0
2018-07-07,UFC 226: Miocic vs. Cormier,Paul Felder vs. Mike Perry,Dave Hagen,29,28,1,-6,-2,-2.25,0.0
2018-07-07,UFC 226: Miocic vs. Cormier,Paul Felder vs. Mike Perry,Chris Lee,28,29,0,-6,-2,-2.25,0.0
2018-07-07,UFC 226: Miocic vs. Cormier,Raphael Assuncao vs. Rob Font,Mike Bell,30,27,1,34,2,4.516666666666667,0.0
2018-07-07,UFC 226: Miocic vs. Cormier,Raphael Assuncao vs. Rob Font,Dave Hagen,30,27,1,34,2,4.516666666666667,0.0
2018-07-07,UFC 226: Miocic vs. Cormier,Raphael Assuncao vs. Rob Font,Rick Winter,30,27,1,34,2,4.516666666666667,0.0
2018-07-07,UFC 226: Miocic vs. Cormier,Lando Vannata vs. Drakkar Klose,Sal D'Amato,27,30,0,-5,0,-2.3,0.0
2018-07-07,UFC 226: Miocic vs. Cormier,Lando Vannata vs. Drakkar Klose,Junichiro Kamijo,27,30,0,-5,0,-2.3,0.0
2018-07-07,UFC 226: Miocic vs. Cormier,Lando Vannata vs. Drakkar Klose,Adalaide Byrd,27,30,0,-5,0,-2.3,0.0
2018-07-07,UFC 226: Miocic vs. Cormier,Curtis Millender vs. Max Griffin,Derek Cleary,29,28,1,-6,0,-3.966666666666667,0.0
2018-07-07,UFC 226: Miocic vs. Cormier,Curtis Millender vs. Max Griffin,Dave Hagen,29,28,1,-6,0,-3.966666666666667,0.0
2018-07-07,UFC 226: Miocic vs. Cormier,Curtis Millender vs. Max Griffin,Rick Winter,29,28,1,-6,0,-3.966666666666667,0.0
2018-07-07,UFC 226: Miocic vs. Cormier,Jamie Moyle vs. Emily Whitmire,Chris Lee,28,29,0,-3,-1,-4.2666666666666675,0.0
2018-07-07,UFC 226: Miocic vs. Cormier,Jamie Moyle vs. Emily Whitmire,Rick Winter,28,29,0,-3,-1,-4.2666666666666675,0.0
2018-07-07,UFC 226: Miocic vs. Cormier,Jamie Moyle vs. Emily Whitmire,Junichiro Kamijo,28,29,0,-3,-1,-4.2666666666666675,0.0
2018-07-06,The Ultimate Fighter: Undefeated Finale,Brad Tavares vs. Israel Adesanya,Chris Lee,46,49,0,-79,1,0.31666666666666643,0.0
2018-07-06,The Ultimate Fighter: Undefeated Finale,Brad Tavares vs. Israel Adesanya,Derek Cleary,45,50,0,-79,1,0.31666666666666643,0.0
2018-07-06,The Ultimate Fighter: Undefeated Finale,Brad Tavares vs. Israel Adesanya,Sal D'Amato,45,50,0,-79,1,0.31666666666666643,0.0
2018-07-06,The Ultimate Fighter: Undefeated Finale,Michael Trizano vs. Joe Giannetti,Dave Hagen,29,28,1,13,-1,2.8333333333333335,0.0
2018-07-06,The Ultimate Fighter: Undefeated Finale,Michael Trizano vs. Joe Giannetti,Glenn Trowbridge,28,29,0,13,-1,2.8333333333333335,0.0
2018-07-06,The Ultimate Fighter: Undefeated Finale,Michael Trizano vs. Joe Giannetti,Junichiro Kamijo,29,28,1,13,-1,2.8333333333333335,0.0
2018-07-06,The Ultimate Fighter: Undefeated Finale,Jay Cucciniello vs. Brad Katona,Mike Bell,26,30,0,-57,-2,-8.3,0.0
2018-07-06,The Ultimate Fighter: Undefeated Finale,Jay Cucciniello vs. Brad Katona,Sal D'Amato,26,30,0,-57,-2,-8.3,0.0
2018-07-06,The Ultimate Fighter: Undefeated Finale,Jay Cucciniello vs. Brad Katona,Adalaide Byrd,26,30,0,-57,-2,-8.3,0.0
2018-07-06,The Ultimate Fighter: Undefeated Finale,Alex Caceres vs. Martin Bravo,Rick Winter,28,29,0,4,-3,-2.933333333333333,0.0
2018-07-06,The Ultimate Fighter: Undefeated Finale,Alex Caceres vs. Martin Bravo,Dave Hagen,29,28,1,4,-3,-2.933333333333333,0.0
2018-07-06,The Ultimate Fighter: Undefeated Finale,Alex Caceres vs. Martin Bravo,Derek Cleary,29,28,1,4,-3,-2.933333333333333,0.0
2018-07-06,The Ultimate Fighter: Undefeated Finale,Alessio Di Chirico vs. Julian Marquez,Dave Hagen,27,30,0,3,4,3.9333333333333336,0.0
2018-07-06,The Ultimate Fighter: Undefeated Finale,Alessio Di Chirico vs. Julian Marquez,Sal D'Amato,29,28,1,3,4,3.9333333333333336,0.0
2018-07-06,The Ultimate Fighter: Undefeated Finale,Alessio Di Chirico vs. Julian Marquez,Adalaide Byrd,29,28,1,3,4,3.9333333333333336,0.0
2018-07-06,The Ultimate Fighter: Undefeated Finale,John Gunther vs. Allan Zuniga,Sal D'Amato,29,28,1,-32,8,11.166666666666666,0.0
2018-07-06,The Ultimate Fighter: Undefeated Finale,John Gunther vs. Allan Zuniga,Adalaide Byrd,29,28,1,-32,8,11.166666666666666,0.0
2018-07-06,The Ultimate Fighter: Undefeated Finale,Tyler Diamond vs. Bryce Mitchell,Derek Cleary,28,29,0,13,0,6.333333333333333,0.0
2018-07-06,The Ultimate Fighter: Undefeated Finale,Tyler Diamond vs. Bryce Mitchell,Rick Winter,28,29,0,13,0,6.333333333333333,0.0
2018-07-06,The Ultimate Fighter: Undefeated Finale,Matt Bessette vs. Steven Peterson,Junichiro Kamijo,28,29,0,-17,-2,-5.666666666666667,0.0
2018-07-06,The Ultimate Fighter: Undefeated Finale,Matt Bessette vs. Steven Peterson,Chris Lee,29,28,1,-17,-2,-5.666666666666667,0.0
2018-07-06,The Ultimate Fighter: Undefeated Finale,Matt Bessette vs. Steven Peterson,Glenn Trowbridge,28,29,0,-17,-2,-5.666666666666667,0.0
2018-06-23,UFC Fight Night: Cowboy vs. Edwards,Donald Cerrone vs. Leon Edwards,Howie Booth,47,48,0,-24,1,1.9333333333333333,0.0
2018-06-23,UFC Fight Night: Cowboy vs. Edwards,Donald Cerrone vs. Leon Edwards,Evan Field,47,48,0,-24,1,1.9333333333333333,0.0
2018-06-23,UFC Fight Night: Cowboy vs. Edwards,Donald Cerrone vs. Leon Edwards,Charlie Keech,47,48,0,-24,1,1.9333333333333333,0.0
2018-06-23,UFC Fight Night: Cowboy vs. Edwards,Jessica-Rose Clark vs. Jessica Eye,Albert Shen,27,30,0,-16,-1,-2.0333333333333337,0.0
2018-06-23,UFC Fight Night: Cowboy vs. Edwards,Jessica-Rose Clark vs. Jessica Eye,Howie Booth,28,29,0,-16,-1,-2.0333333333333337,0.0
2018-06-23,UFC Fight Night: Cowboy vs. Edwards,Jessica-Rose Clark vs. Jessica Eye,Charlie Keech,28,29,0,-16,-1,-2.0333333333333337,0.0
2018-06-23,UFC Fight Night: Cowboy vs. Edwards,Li Jingliang vs. Daichi Abe,Ben Cartlidge,30,26,1,51,0,0.0,0.0
2018-06-23,UFC Fight Night: Cowboy vs. Edwards,Li Jingliang vs. Daichi Abe,Mark Craig,30,27,1,51,0,0.0,0.0
2018-06-23,UFC Fight Night: Cowboy vs. Edwards,Li Jingliang vs. Daichi Abe,Evan Field,30,27,1,51,0,0.0,0.0
2018-06-23,UFC Fight Night: Cowboy vs. Edwards,Viviane Pereira vs. Yan Xiaonan,Howie Booth,28,29,0,-27,0,0.0,0.0
2018-06-23,UFC Fight Night: Cowboy vs. Edwards,Viviane Pereira vs. Yan Xiaonan,Albert Shen,28,29,0,-27,0,0.0,0.0
2018-06-23,UFC Fight Night: Cowboy vs. Edwards,Viviane Pereira vs. Yan Xiaonan,Mark Craig,27,30,0,-27,0,0.0,0.0
2018-06-23,UFC Fight Night: Cowboy vs. Edwards,Matt Schnell vs. Naoki Inoue,Evan Field,29,28,1,23,0,-0.6166666666666667,0.0
2018-06-23,UFC Fight Night: Cowboy vs. Edwards,Matt Schnell vs. Naoki Inoue,Garth Harriman,28,29,0,23,0,-0.6166666666666667,0.0
2018-06-23,UFC Fight Night: Cowboy vs. Edwards,Matt Schnell vs. Naoki Inoue,Charlie Keech,29,28,1,23,0,-0.6166666666666667,0.0
2018-06-23,UFC Fight Night: Cowboy vs. Edwards,Ji Yeon Kim vs. Melinda Fabian,Ben Cartlidge,29,28,1,1,0,2.3833333333333337,0.0
2018-06-23,UFC Fight Night: Cowboy vs. Edwards,Ji Yeon Kim vs. Melinda Fabian,Charlie Keech,28,29,0,1,0,2.3833333333333337,0.0
2018-06-23,UFC Fight Night: Cowboy vs. Edwards,Ji Yeon Kim vs. Melinda Fabian,Garth Harriman,29,28,1,1,0,2.3833333333333337,0.0
2018-06-09,UFC 225: Whittaker vs. Romero 2,Robert Whittaker vs. Yoel Romero,Brian Puccillo,48,47,1,17,-3,-3.733333333333333,-2.0
2018-06-09,UFC 225: Whittaker vs. Romero 2,Robert Whittaker vs. Yoel Romero,Sal D'Amato,47,48,0,17,-3,-3.733333333333333,-2.0
2018-06-09,UFC 225: Whittaker vs. Romero 2,Robert Whittaker vs. Yoel Romero,Chris Lee,48,47,1,17,-3,-3.733333333333333,-2.0
2018-06-09,UFC 225: Whittaker vs. Romero 2,Rafael Dos Anjos vs. Colby Covington,Sal D'Amato,46,49,0,6,-4,-10.366666666666667,0.0
2018-06-09,UFC 225: Whittaker vs. Romero 2,Rafael Dos Anjos vs. Colby Covington,Kelvin Caldwell,47,48,0,6,-4,-10.366666666666667,0.0
2018-06-09,UFC 225: Whittaker vs. Romero 2,Rafael Dos Anjos vs. Colby Covington,Mike Bell,47,48,0,6,-4,-10.366666666666667,0.0
2018-06-09,UFC 225: Whittaker vs. Romero 2,Holly Holm vs. Megan Anderson,Brian Puccillo,30,27,1,21,4,10.733333333333333,0.0
2018-06-09,UFC 225: Whittaker vs. Romero 2,Holly Holm vs. Megan Anderson,Kelvin Caldwell,30,26,1,21,4,10.733333333333333,0.0
2018-06-09,UFC 225: Whittaker vs. Romero 2,Holly Holm vs. Megan Anderson,Mike Bell,30,26,1,21,4,10.733333333333333,0.0
2018-06-09,UFC 225: Whittaker vs. Romero 2,Andrei Arlovski vs. Tai Tuivasa,Brian Puccillo,28,29,0,-3,0,-1.0166666666666666,-1.0
2018-06-09,UFC 225: Whittaker vs. Romero 2,Andrei Arlovski vs. Tai Tuivasa,Chris Lee,28,29,0,-3,0,-1.0166666666666666,-1.0
2018-06-09,UFC 225: Whittaker vs. Romero 2,Andrei Arlovski vs. Tai Tuivasa,Brandon Mason,28,29,0,-3,0,-1.0166666666666666,-1.0
2018-06-09,UFC 225: Whittaker vs. Romero 2,Claudia Gadelha vs. Carla Esparza,Brian Puccillo,29,28,1,-17,2,1.4,0.0
2018-06-09,UFC 225: Whittaker vs. Romero 2,Claudia Gadelha vs. Carla Esparza,Kelvin Caldwell,28,29,0,-17,2,1.4,0.0
2018-06-09,UFC 225: Whittaker vs. Romero 2,Claudia Gadelha vs. Carla Esparza,Mike Bell,29,28,1,-17,2,1.4,0.0
2018-06-09,UFC 225: Whittaker vs. Romero 2,Ricardo Lamas vs. Mirsad Bektic,Chris Lee,28,29,0,3,-2,-7.716666666666667,0.0
2018-06-09,UFC 225: Whittaker vs. Romero 2,Ricardo Lamas vs. Mirsad Bektic,Sal D'Amato,29,28,1,3,-2,-7.716666666666667,0.0
2018-06-09,UFC 225: Whittaker vs. Romero 2,Ricardo Lamas vs. Mirsad Bektic,Brandon Mason,27,30,0,3,-2,-7.716666666666667,0.0
2018-06-09,UFC 225: Whittaker vs. Romero 2,Joseph Benavidez vs. Sergio Pettis,Mike Bell,28,29,0,-15,2,4.4,0.0
2018-06-09,UFC 225: Whittaker vs. Romero 2,Joseph Benavidez vs. Sergio Pettis,Brian Puccillo,29,28,1,-15,2,4.4,0.0
2018-06-09,UFC 225: Whittaker vs. Romero 2,Joseph Benavidez vs. Sergio Pettis,Kelvin Caldwell,27,30,0,-15,2,4.4,0.0
2018-06-01,UFC Fight Night: Rivera vs. Moraes,Gian Villante vs. Sam Alvey,Dave Tirelli,28,29,0,-3,0,0.1,-1.0
2018-06-01,UFC Fight Night: Rivera vs. Moraes,Gian Villante vs. Sam Alvey,Tim Corrado,29,28,1,-3,0,0.1,-1.0
2018-06-01,UFC Fight Night: Rivera vs. Moraes,Gian Villante vs. Sam Alvey,Eric Colon,28,29,0,-3,0,0.1,-1.0
2018-06-01,UFC Fight Night: Rivera vs. Moraes,Sijara Eubanks vs. Lauren Murphy,Doug Crosby,29,28,1,26,2,4.6499999999999995,0.0
2018-06-01,UFC Fight Night: Rivera vs. Moraes,Sijara Eubanks vs. Lauren Murphy,Derek Cleary,30,27,1,26,2,4.6499999999999995,0.0
2018-06-01,UFC Fight Night: Rivera vs. Moraes,Sijara Eubanks vs. Lauren Murphy,Sal D'Amato,30,27,1,26,2,4.6499999999999995,0.0
2018-06-01,UFC Fight Night: Rivera vs. Moraes,Nik Lentz vs. David Teymur,Eric Colon,27,30,0,-6,0,0.6333333333333334,0.0
2018-06-01,UFC Fight Night: Rivera vs. Moraes,Nik Lentz vs. David Teymur,Tim Corrado,27,30,0,-6,0,0.6333333333333334,0.0
2018-06-01,UFC Fight Night: Rivera vs. Moraes,Nik Lentz vs. David Teymur,Doug Crosby,28,29,0,-6,0,0.6333333333333334,0.0
2018-06-01,UFC Fight Night: Rivera vs. Moraes,Belal Muhammad vs. Chance Rencountre,Derek Cleary,30,27,1,54,3,2.033333333333333,0.0
2018-06-01,UFC Fight Night: Rivera vs. Moraes,Belal Muhammad vs. Chance Rencountre,Sal D'Amato,30,27,1,54,3,2.033333333333333,0.0
2018-06-01,UFC Fight Night: Rivera vs. Moraes,Belal Muhammad vs. Chance Rencountre,Dave Tirelli,30,27,1,54,3,2.033333333333333,0.0
2018-06-01,UFC Fight Night: Rivera vs. Moraes,Desmond Green vs. Gleison Tibau,Eric Colon,30,27,1,49,0,0.0,0.0
2018-06-01,UFC Fight Night: Rivera vs. Moraes,Desmond Green vs. Gleison Tibau,Tim Corrado,30,27,1,49,0,0.0,0.0
2018-06-01,UFC Fight Night: Rivera vs. Moraes,Desmond Green vs. Gleison Tibau,Sal D'Amato,29,27,1,49,0,0.0,0.0
2018-05-27,UFC Fight Night: Thompson vs. Till,Stephen Thompson vs. Darren Till,Mark Collett,47,48,0,-8,0,-0.23333333333333334,-1.0
2018-05-27,UFC Fight Night: Thompson vs. Till,Stephen Thompson vs. Darren Till,Andy Roberts,46,49,0,-8,0,-0.23333333333333334,-1.0
2018-05-27,UFC Fight Night: Thompson vs. Till,Stephen Thompson vs. Darren Till,Paul Sutherland,46,49,0,-8,0,-0.23333333333333334,-1.0
2018-05-27,UFC Fight Night: Thompson vs. Till,Jason Knight vs. Makwan Amirkhani,Andy Roberts,30,27,1,2,-3,6.7,2.0
2018-05-27,UFC Fight Night: Thompson vs. Till,Jason Knight vs. Makwan Amirkhani,Mark Collett,28,29,0,2,-3,6.7,2.0
2018-05-27,UFC Fight Night: Thompson vs. Till,Jason Knight vs. Makwan Amirkhani,Howard Hughes,28,29,0,2,-3,6.7,2.0
2018-05-27,UFC Fight Night: Thompson vs. Till,Lina Lansberg vs. Gina Mazany,Howard Hughes,30,27,1,2,-1,4.516666666666667,0.0
2018-05-27,UFC Fight Night: Thompson vs. Till,Lina Lansberg vs. Gina Mazany,Andy Roberts,30,27,1,2,-1,4.516666666666667,0.0
2018-05-27,UFC Fight Night: Thompson vs. Till,Lina Lansberg vs. Gina Mazany,Mark Collett,29,28,1,2,-1,4.516666666666667,0.0
2018-05-27,UFC Fight Night: Thompson vs. Till,Brad Scott vs. Carlo Pedersoli Jr.,Howard Hughes,28,29,0,-9,-3,-1.4166666666666667,1.0
2018-05-27,UFC Fight Night: Thompson vs. Till,Brad Scott vs. Carlo Pedersoli Jr.,Paul Sutherland,29,28,1,-9,-3,-1.4166666666666667,1.0
2018-05-27,UFC Fight Night: Thompson vs. Till,Brad Scott vs. Carlo Pedersoli Jr.,Andy Roberts,28,29,0,-9,-3,-1.4166666666666667,1.0
2018-05-27,UFC Fight Night: Thompson vs. Till,Elias Theodorou vs. Trevor Smith,David Lethaby,30,27,1,36,-3,-0.2833333333333332,0.0
2018-05-27,UFC Fight Night: Thompson vs. Till,Elias Theodorou vs. Trevor Smith,Ben Cartlidge,30,27,1,36,-3,-0.2833333333333332,0.0
2018-05-27,UFC Fight Night: Thompson vs. Till,Elias Theodorou vs. Trevor Smith,Paul Sutherland,29,28,1,36,-3,-0.2833333333333332,0.0
2018-05-19,UFC Fight Night: Maia vs. Usman,Demian Maia vs. Kamaru Usman,Chris Lee,45,50,0,-39,0,-2.283333333333333,-1.0
2018-05-19,UFC Fight Night: Maia vs. Usman,Demian Maia vs. Kamaru Usman,Guilherme Bravo,46,49,0,-39,0,-2.283333333333333,-1.0
2018-05-19,UFC Fight Night: Maia vs. Usman,Demian Maia vs. Kamaru Usman,Sal D'Amato,46,49,0,-39,0,-2.283333333333333,-1.0
2018-05-19,UFC Fight Night: Maia vs. Usman,Diego Rivas vs. Guido Cannetti,Fabio Alves,28,29,0,-3,1,-2.8500000000000005,0.0
2018-05-19,UFC Fight Night: Maia vs. Usman,Diego Rivas vs. Guido Cannetti,Richard Bertrand,28,29,0,-3,1,-2.8500000000000005,0.0
2018-05-19,UFC Fight Night: Maia vs. Usman,Diego Rivas vs. Guido Cannetti,Chris Lee,28,29,0,-3,1,-2.8500000000000005,0.0
2018-05-19,UFC Fight Night: Maia vs. Usman,Veronica Hardy vs. Andrea Lee,Guilherme Bravo,27,30,0,-32,-2,-6.35,0.0
2018-05-19,UFC Fight Night: Maia vs. Usman,Veronica Hardy vs. Andrea Lee,Sal D'Amato,27,30,0,-32,-2,-6.35,0.0
2018-05-19,UFC Fight Night: Maia vs. Usman,Veronica Hardy vs. Andrea Lee,Marcelo Vilhena,27,30,0,-32,-2,-6.35,0.0
2018-05-19,UFC Fight Night: Maia vs. Usman,Zak Cummings vs. Michel Prazeres,Fabio Alves,28,29,0,-2,-3,-0.5166666666666666,0.0
2018-05-19,UFC Fight Night: Maia vs. Usman,Zak Cummings vs. Michel Prazeres,Chris Lee,29,28,1,-2,-3,-0.5166666666666666,0.0
2018-05-19,UFC Fight Night: Maia vs. Usman,Zak Cummings vs. Michel Prazeres,Marcelo Vilhena,28,29,0,-2,-3,-0.5166666666666666,0.0
2018-05-19,UFC Fight Night: Maia vs. Usman,Brandon Moreno vs. Alexandre Pantoja,Chris Lee,26,30,0,-34,2,-0.9333333333333333,0.0
2018-05-19,UFC Fight Night: Maia vs. Usman,Brandon Moreno vs. Alexandre Pantoja,Marcelo Vilhena,26,30,0,-34,2,-0.9333333333333333,0.0
2018-05-19,UFC Fight Night: Maia vs. Usman,Brandon Moreno vs. Alexandre Pantoja,Richard Bertrand,27,29,0,-34,2,-0.9333333333333333,0.0
2018-05-19,UFC Fight Night: Maia vs. Usman,Enrique Barzola vs. Brandon Davis,Marcelo Vilhena,30,27,1,22,10,6.35,0.0
2018-05-19,UFC Fight Night: Maia vs. Usman,Enrique Barzola vs. Brandon Davis,Guilherme Bravo,30,26,1,22,10,6.35,0.0
2018-05-19,UFC Fight Night: Maia vs. Usman,Enrique Barzola vs. Brandon Davis,Chris Lee,30,26,1,22,10,6.35,0.0
2018-05-19,UFC Fight Night: Maia vs. Usman,Henry Briones vs. Frankie Saenz,Richard Bertrand,27,30,0,-22,-4,-4.033333333333333,-1.0
2018-05-19,UFC Fight Night: Maia vs. Usman,Henry Briones vs. Frankie Saenz,Sal D'Amato,27,30,0,-22,-4,-4.033333333333333,-1.0
2018-05-19,UFC Fight Night: Maia vs. Usman,Henry Briones vs. Frankie Saenz,Fabio Alves,26,30,0,-22,-4,-4.033333333333333,-1.0
2018-05-12,UFC 224: Nunes vs. Pennington,Jacare Souza vs. Kelvin Gastelum,Guilherme Bravo,28,29,0,11,1,2.8833333333333333,-1.0
2018-05-12,UFC 224: Nunes vs. Pennington,Jacare Souza vs. Kelvin Gastelum,Sal D'Amato,29,28,1,11,1,2.8833333333333333,-1.0
2018-05-12,UFC 224: Nunes vs. Pennington,Jacare Souza vs. Kelvin Gastelum,Chris Lee,28,29,0,11,1,2.8833333333333333,-1.0
2018-05-12,UFC 224: Nunes vs. Pennington,Alberto Mina vs. Ramazan Emeev,Derek Cleary,27,30,0,-27,-2,-5.05,0.0
2018-05-12,UFC 224: Nunes vs. Pennington,Alberto Mina vs. Ramazan Emeev,Sal D'Amato,27,30,0,-27,-2,-5.05,0.0
2018-05-12,UFC 224: Nunes vs. Pennington,Alberto Mina vs. Ramazan Emeev,Fabio Alves,27,30,0,-27,-2,-5.05,0.0
2018-04-21,UFC Fight Night: Barboza vs. Lee,Frankie Edgar vs. Cub Swanson,Derek Cleary,30,27,1,10,0,0.8500000000000001,0.0
2018-04-21,UFC Fight Night: Barboza vs. Lee,Frankie Edgar vs. Cub Swanson,Eric Colon,30,27,1,10,0,0.8500000000000001,0.0
2018-04-21,UFC Fight Night: Barboza vs. Lee,Frankie Edgar vs. Cub Swanson,Cardo Urso,30,27,1,10,0,0.8500000000000001,0.0
2018-04-21,UFC Fight Night: Barboza vs. Lee,Justin Willis vs. Chase Sherman,Jon Bilyk,29,28,1,7,1,0.9833333333333334,1.0
2018-04-21,UFC Fight Night: Barboza vs. Lee,Justin Willis vs. Chase Sherman,Dominic Carolei,29,28,1,7,1,0.9833333333333334,1.0
2018-04-21,UFC Fight Night: Barboza vs. Lee,Justin Willis vs. Chase Sherman,Munah Holland,29,28,1,7,1,0.9833333333333334,1.0
2018-04-21,UFC Fight Night: Barboza vs. Lee,Aljamain Sterling vs. Brett Johns,Derek Cleary,30,27,1,62,2,-5.15,0.0
2018-04-21,UFC Fight Night: Barboza vs. Lee,Aljamain Sterling vs. Brett Johns,Cardo Urso,30,27,1,62,2,-5.15,0.0
2018-04-21,UFC Fight Night: Barboza vs. Lee,Aljamain Sterling vs. Brett Johns,Dave Tirelli,30,27,1,62,2,-5.15,0.0
2018-04-21,UFC Fight Night: Barboza vs. Lee,Ryan LaFlare vs. Alex Garcia,Jon Bilyk,30,27,1,13,-4,0.3333333333333339,0.0
2018-04-21,UFC Fight Night: Barboza vs. Lee,Ryan LaFlare vs. Alex Garcia,Dominic Carolei,30,27,1,13,-4,0.3333333333333339,0.0
2018-04-21,UFC Fight Night: Barboza vs. Lee,Ryan LaFlare vs. Alex Garcia,Cardo Urso,30,27,1,13,-4,0.3333333333333339,0.0
2018-04-21,UFC Fight Night: Barboza vs. Lee,Corey Anderson vs. Patrick Cummins,Jon Bilyk,30,26,1,33,12,7.533333333333333,0.0
2018-04-21,UFC Fight Night: Barboza vs. Lee,Corey Anderson vs. Patrick Cummins,Dominic Carolei,30,26,1,33,12,7.533333333333333,0.0
2018-04-21,UFC Fight Night: Barboza vs. Lee,Corey Anderson vs. Patrick Cummins,Cardo Urso,30,27,1,33,12,7.533333333333333,0.0
2018-04-21,UFC Fight Night: Barboza vs. Lee,Anthony Rocco Martin vs. Keita Nakamura,Jon Bilyk,30,27,1,32,-2,-1.1333333333333333,0.0
2018-04-21,UFC Fight Night: Barboza vs. Lee,Anthony Rocco Martin vs. Keita Nakamura,Munah Holland,30,27,1,32,-2,-1.1333333333333333,0.0
2018-04-21,UFC Fight Night: Barboza vs. Lee,Anthony Rocco Martin vs. Keita Nakamura,Dave Tirelli,30,27,1,32,-2,-1.1333333333333333,0.0
2018-04-14,UFC Fight Night: Poirier vs. Gaethje,Israel Adesanya vs. Marvin Vettori,Chris Hayes,29,28,1,11,-2,-3.316666666666667,0.0
2018-04-14,UFC Fight Night: Poirier vs. Gaethje,Israel Adesanya vs. Marvin Vettori,Chris Lee,28,29,0,11,-2,-3.316666666666667,0.0
2018-04-14,UFC Fight Night: Poirier vs. Gaethje,Israel Adesanya vs. Marvin Vettori,Derek Cleary,29,28,1,11,-2,-3.316666666666667,0.0
2018-04-14,UFC Fight Night: Poirier vs. Gaethje,Michelle Waterson-Gomez vs. Cortney Casey,Chris Flores,29,28,1,25,3,4.383333333333333,0.0
2018-04-14,UFC Fight Night: Poirier vs. Gaethje,Michelle Waterson-Gomez vs. Cortney Casey,Sal D'Amato,28,29,0,25,3,4.383333333333333,0.0
2018-04-14,UFC Fight Night: Poirier vs. Gaethje,Michelle Waterson-Gomez vs. Cortney Casey,Dave Hagen,29,28,1,25,3,4.383333333333333,0.0
2018-04-14,UFC Fight Night: Poirier vs. Gaethje,Wilson Reis vs. John Moraga,Chris Flores,28,29,0,-34,8,7.016666666666667,0.0
2018-04-14,UFC Fight Night: Poirier vs. Gaethje,Wilson Reis vs. John Moraga,Chris Lee,28,29,0,-34,8,7.016666666666667,0.0
2018-04-14,UFC Fight Night: Poirier vs. Gaethje,Wilson Reis vs. John Moraga,Sal D'Amato,28,29,0,-34,8,7.016666666666667,0.0
2018-04-14,UFC Fight Night: Poirier vs. Gaethje,Shana Dobson vs. Lauren Mueller,Chris Flores,28,29,0,10,-1,-2.05,0.0
2018-04-14,UFC Fight Night: Poirier vs. Gaethje,Shana Dobson vs. Lauren Mueller,Derek Cleary,28,29,0,10,-1,-2.05,0.0
2018-04-14,UFC Fight Night: Poirier vs. Gaethje,Shana Dobson vs. Lauren Mueller,Dave Hagen,28,29,0,10,-1,-2.05,0.0
2018-04-14,UFC Fight Night: Poirier vs. Gaethje,Dhiego Lima vs. Yushin Okami,Brad Frank,26,30,0,-4,-6,-12.416666666666666,0.0
2018-04-14,UFC Fight Night: Poirier vs. Gaethje,Dhiego Lima vs. Yushin Okami,Chris Lee,26,30,0,-4,-6,-12.416666666666666,0.0
2018-04-14,UFC Fight Night: Poirier vs. Gaethje,Dhiego Lima vs. Yushin Okami,Sal D'Amato,26,30,0,-4,-6,-12.416666666666666,0.0
2018-04-14,UFC Fight Night: Poirier vs. Gaethje,Luke Sanders vs. Patrick Williams,Brad Frank,30,27,1,-2,-1,0.3833333333333334,1.0
2018-04-14,UFC Fight Night: Poirier vs. Gaethje,Luke Sanders vs. Patrick Williams,Chris Lee,30,27,1,-2,-1,0.3833333333333334,1.0
2018-04-14,UFC Fight Night: Poirier vs. Gaethje,Luke Sanders vs. Patrick Williams,Derek Cleary,29,28,1,-2,-1,0.3833333333333334,1.0
2018-04-07,UFC 223: Khabib vs. Iaquinta,Khabib Nurmagomedov vs. Al Iaquinta,Sal D'Amato,50,43,1,93,6,10.55,0.0
2018-04-07,UFC 223: Khabib vs. Iaquinta,Khabib Nurmagomedov vs. Al Iaquinta,Derek Cleary,50,44,1,93,6,10.55,0.0
2018-04-07,UFC 223: Khabib vs. Iaquinta,Khabib Nurmagomedov vs. Al Iaquinta,Chris Lee,50,43,1,93,6,10.55,0.0
2018-04-07,UFC 223: Khabib vs. Iaquinta,Rose Namajunas vs. Joanna Jedrzejczyk,Dave Tirelli,49,46,1,-40,1,0.9333333333333333,0.0
2018-04-07,UFC 223: Khabib vs. Iaquinta,Rose Namajunas vs. Joanna Jedrzejczyk,Glenn Trowbridge,49,46,1,-40,1,0.9333333333333333,0.0
2018-04-07,UFC 223: Khabib vs. Iaquinta,Rose Namajunas vs. Joanna Jedrzejczyk,Chris Lee,49,46,1,-40,1,0.9333333333333333,0.0
2018-04-07,UFC 223: Khabib vs. Iaquinta,Renato Moicano vs. Calvin Kattar,Sal D'Amato,29,28,1,75,0,-0.016666666666666666,0.0
2018-04-07,UFC 223: Khabib vs. Iaquinta,Renato Moicano vs. Calvin Kattar,Glenn Trowbridge,30,27,1,75,0,-0.016666666666666666,0.0
2018-04-07,UFC 223: Khabib vs. Iaquinta,Renato Moicano vs. Calvin Kattar,Dave Tirelli,30,27,1,75,0,-0.016666666666666666,0.0
2018-04-07,UFC 223: Khabib vs. Iaquinta,Zabit Magomedsharipov vs. Kyle Bochniak,Glenn Trowbridge,29,28,1,54,5,3.15,0.0
2018-04-07,UFC 223: Khabib vs. Iaquinta,Zabit Magomedsharipov vs. Kyle Bochniak,Derek Cleary,30,27,1,54,5,3.15,0.0
2018-04-07,UFC 223: Khabib vs. Iaquinta,Zabit Magomedsharipov vs. Kyle Bochniak,Chris Lee,30,27,1,54,5,3.15,0.0
2018-04-07,UFC 223: Khabib vs. Iaquinta,Karolina Kowalkiewicz vs. Felice Herrig,Derek Cleary,29,28,1,40,0,-0.5666666666666667,0.0
2018-04-07,UFC 223: Khabib vs. Iaquinta,Karolina Kowalkiewicz vs. Felice Herrig,Chris Lee,28,29,0,40,0,-0.5666666666666667,0.0
2018-04-07,UFC 223: Khabib vs. Iaquinta,Karolina Kowalkiewicz vs. Felice Herrig,Sal D'Amato,29,28,1,40,0,-0.5666666666666667,0.0
2018-04-07,UFC 223: Khabib vs. Iaquinta,Bec Rawlings vs. Ashlee Evans-Smith,Dave Bruce,27,30,0,-28,-1,0.033333333333333326,0.0
2018-04-07,UFC 223: Khabib vs. Iaquinta,Bec Rawlings vs. Ashlee Evans-Smith,Dave Tirelli,27,30,0,-28,-1,0.033333333333333326,0.0
2018-04-07,UFC 223: Khabib vs. Iaquinta,Bec Rawlings vs. Ashlee Evans-Smith,Chris Lee,27,30,0,-28,-1,0.033333333333333326,0.0
2018-04-07,UFC 223: Khabib vs. Iaquinta,Devin Clark vs. Mike Rodriguez,Glenn Trowbridge,29,28,1,10,7,10.8,0.0
2018-04-07,UFC 223: Khabib vs. Iaquinta,Devin Clark vs. Mike Rodriguez,Sal D'Amato,30,27,1,10,7,10.8,0.0
2018-04-07,UFC 223: Khabib vs. Iaquinta,Devin Clark vs. Mike Rodriguez,Derek Cleary,30,27,1,10,7,10.8,0.0
2018-03-17,UFC Fight Night: Werdum vs. Volkov,Jimi Manuwa vs. Jan Blachowicz,Howard Hughes,28,29,0,-60,-1,-2.8333333333333335,-1.0
2018-03-17,UFC Fight Night: Werdum vs. Volkov,Jimi Manuwa vs. Jan Blachowicz,Maciej Motylewski,28,29,0,-60,-1,-2.8333333333333335,-1.0
2018-03-17,UFC Fight Night: Werdum vs. Volkov,Jimi Manuwa vs. Jan Blachowicz,David Lethaby,27,30,0,-60,-1,-2.8333333333333335,-1.0
2018-03-17,UFC Fight Night: Werdum vs. Volkov,Tom Duquesnoy vs. Terrion Ware,David Lethaby,29,28,1,-18,-2,-1.3666666666666667,0.0
2018-03-17,UFC Fight Night: Werdum vs. Volkov,Tom Duquesnoy vs. Terrion Ware,Maciej Motylewski,29,28,1,-18,-2,-1.3666666666666667,0.0
2018-03-17,UFC Fight Night: Werdum vs. Volkov,Tom Duquesnoy vs. Terrion Ware,Ben Cartlidge,30,27,1,-18,-2,-1.3666666666666667,0.0
2018-03-17,UFC Fight Night: Werdum vs. Volkov,Stevie Ray vs. Kajan Johnson,David Lethaby,28,29,0,-9,1,-2.533333333333333,0.0
2018-03-17,UFC Fight Night: Werdum vs. Volkov,Stevie Ray vs. Kajan Johnson,Andy Roberts,28,29,0,-9,1,-2.533333333333333,0.0
2018-03-17,UFC Fight Night: Werdum vs. Volkov,Stevie Ray vs. Kajan Johnson,Paul Sutherland,29,28,1,-9,1,-2.533333333333333,0.0
2018-03-03,UFC 222: Cyborg vs. Kunitskaya,Sean O'Malley vs. Andre Soukhamthath,Junichiro Kamijo,29,27,1,38,-4,-5.05,0.0
2018-03-03,UFC 222: Cyborg vs. Kunitskaya,Sean O'Malley vs. Andre Soukhamthath,Chris Lee,29,27,1,38,-4,-5.05,0.0
2018-03-03,UFC 222: Cyborg vs. Kunitskaya,Sean O'Malley vs. Andre Soukhamthath,Sal D'Amato,29,28,1,38,-4,-5.05,0.0
2018-03-03,UFC 222: Cyborg vs. Kunitskaya,Stefan Struve vs. Andrei Arlovski,Tony Weeks,28,29,0,-12,-4,-3.2333333333333334,0.0
2018-03-03,UFC 222: Cyborg vs. Kunitskaya,Stefan Struve vs. Andrei Arlovski,Derek Cleary,28,29,0,-12,-4,-3.2333333333333334,0.0
2018-03-03,UFC 222: Cyborg vs. Kunitskaya,Stefan Struve vs. Andrei Arlovski,Glenn Trowbridge,27,30,0,-12,-4,-3.2333333333333334,0.0
2018-03-03,UFC 222: Cyborg vs. Kunitskaya,Cat Zingano vs. Ketlen Vieira,Dave Hagen,28,29,0,18,-2,-9.883333333333335,0.0
2018-03-03,UFC 222: Cyborg vs. Kunitskaya,Cat Zingano vs. Ketlen Vieira,Marcos Rosales,29,28,1,18,-2,-9.883333333333335,0.0
2018-03-03,UFC 222: Cyborg vs. Kunitskaya,Cat Zingano vs. Ketlen Vieira,Sal D'Amato,28,29,0,18,-2,-9.883333333333335,0.0
2018-03-03,UFC 222: Cyborg vs. Kunitskaya,Ashley Yoder vs. Mackenzie Dern,Adalaide Byrd,29,28,1,-18,-1,-5.133333333333333,1.0
2018-03-03,UFC 222: Cyborg vs. Kunitskaya,Ashley Yoder vs. Mackenzie Dern,Junichiro Kamijo,28,29,0,-18,-1,-5.133333333333333,1.0
2018-03-03,UFC 222: Cyborg vs. Kunitskaya,Ashley Yoder vs. Mackenzie Dern,Derek Cleary,28,29,0,-18,-1,-5.133333333333333,1.0
2018-03-03,UFC 222: Cyborg vs. Kunitskaya,John Dodson vs. Pedro Munhoz,Sal D'Amato,28,29,0,7,-1,-1.0333333333333334,0.0
2018-03-03,UFC 222: Cyborg vs. Kunitskaya,John Dodson vs. Pedro Munhoz,Adalaide Byrd,30,27,1,7,-1,-1.0333333333333334,0.0
2018-03-03,UFC 222: Cyborg vs. Kunitskaya,John Dodson vs. Pedro Munhoz,Glenn Trowbridge,29,28,1,7,-1,-1.0333333333333334,0.0
2018-03-03,UFC 222: Cyborg vs. Kunitskaya,Bryan Caraway vs. Cody Stamann,Glenn Trowbridge,29,28,1,-36,1,4.983333333333333,0.0
2018-03-03,UFC 222: Cyborg vs. Kunitskaya,Bryan Caraway vs. Cody Stamann,Adalaide Byrd,28,29,0,-36,1,4.983333333333333,0.0
2018-03-03,UFC 222: Cyborg vs. Kunitskaya,Bryan Caraway vs. Cody Stamann,Sal D'Amato,28,29,0,-36,1,4.983333333333333,0.0
2018-03-03,UFC 222: Cyborg vs. Kunitskaya,Jordan Johnson vs. Adam Milstead,Tony Weeks,29,28,1,1,2,7.2,0.0
2018-03-03,UFC 222: Cyborg vs. Kunitskaya,Jordan Johnson vs. Adam Milstead,Marcos Rosales,27,30,0,1,2,7.2,0.0
2018-03-03,UFC 222: Cyborg vs. Kunitskaya,Jordan Johnson vs. Adam Milstead,Chris Lee,29,28,1,1,2,7.2,0.0
2018-02-24,UFC Fight Night: Emmett vs. Stephens,Jessica Andrade vs. Tecia Pennington,Eric Colon,29,27,1,23,8,6.85,0.0
2018-02-24,UFC Fight Night: Emmett vs. Stephens,Jessica Andrade vs. Tecia Pennington,Dave Tirelli,29,28,1,23,8,6.85,0.0
2018-02-24,UFC Fight Night: Emmett vs. Stephens,Jessica Andrade vs. Tecia Pennington,Tim Vannatta,29,28,1,23,8,6.85,0.0
2018-02-24,UFC Fight Night: Emmett vs. Stephens,Mike Perry vs. Max Griffin,Dave Tirelli,27,29,0,-33,1,0.9333333333333335,-1.0
2018-02-24,UFC Fight Night: Emmett vs. Stephens,Mike Perry vs. Max Griffin,Eric Colon,27,29,0,-33,1,0.9333333333333335,-1.0
2018-02-24,UFC Fight Night: Emmett vs. Stephens,Mike Perry vs. Max Griffin,Chris Lee,27,30,0,-33,1,0.9333333333333335,-1.0
2018-02-24,UFC Fight Night: Emmett vs. Stephens,Renan Barao vs. Brian Kelleher,Richard Bertrand,27,30,0,22,-1,-2.1666666666666674,0.0
2018-02-24,UFC Fight Night: Emmett vs. Stephens,Renan Barao vs. Brian Kelleher,Hector Gomez,27,30,0,22,-1,-2.1666666666666674,0.0
2018-02-24,UFC Fight Night: Emmett vs. Stephens,Renan Barao vs. Brian Kelleher,Tim Vannatta,28,29,0,22,-1,-2.1666666666666674,0.0
2018-02-24,UFC Fight Night: Emmett vs. Stephens,Maryna Moroz vs. Angela Hill,Chris Lee,27,30,0,-30,-1,-1.5000000000000004,0.0
2018-02-24,UFC Fight Night: Emmett vs. Stephens,Maryna Moroz vs. Angela Hill,Dave Tirelli,27,30,0,-30,-1,-1.5000000000000004,0.0
2018-02-24,UFC Fight Night: Emmett vs. Stephens,Maryna Moroz vs. Angela Hill,Eric Colon,27,30,0,-30,-1,-1.5000000000000004,0.0
2018-02-24,UFC Fight Night: Emmett vs. Stephens,Eric Shelton vs. Alex Perez,Roy Silbert,27,30,0,12,-5,-6.933333333333334,0.0
2018-02-24,UFC Fight Night: Emmett vs. Stephens,Eric Shelton vs. Alex Perez,Richard Bertrand,27,30,0,12,-5,-6.933333333333334,0.0
2018-02-24,UFC Fight Night: Emmett vs. Stephens,Eric Shelton vs. Alex Perez,Dave Tirelli,27,30,0,12,-5,-6.933333333333334,0.0
2018-02-18,UFC Fight Night: Cerrone vs. Medeiros,James Vick vs. Francisco Trinaldo,Marcos Rosales,29,28,1,42,-2,-1.1166666666666667,1.0
2018-02-18,UFC Fight Night: Cerrone vs. Medeiros,James Vick vs. Francisco Trinaldo,Nick Wright,29,28,1,42,-2,-1.1166666666666667,1.0
2018-02-18,UFC Fight Night: Cerrone vs. Medeiros,James Vick vs. Francisco Trinaldo,Chris Lee,29,28,1,42,-2,-1.1166666666666667,1.0
2018-02-18,UFC Fight Night: Cerrone vs. Medeiros,Steven Peterson vs. Brandon Davis,Marcos Rosales,27,30,0,-41,1,1.1666666666666665,0.0
2018-02-18,UFC Fight Night: Cerrone vs. Medeiros,Steven Peterson vs. Brandon Davis,Nick Wright,28,29,0,-41,1,1.1666666666666665,0.0
2018-02-18,UFC Fight Night: Cerrone vs. Medeiros,Steven Peterson vs. Brandon Davis,Anthony Townsend,26,30,0,-41,1,1.1666666666666665,0.0
2018-02-18,UFC Fight Night: Cerrone vs. Medeiros,Sage Northcutt vs. Thibault Gouti,Marcos Rosales,29,28,1,35,-3,-4.300000000000001,0.0
2018-02-18,UFC Fight Night: Cerrone vs. Medeiros,Sage Northcutt vs. Thibault Gouti,Jay Stafin,29,28,1,35,-3,-4.300000000000001,0.0
2018-02-18,UFC Fight Night: Cerrone vs. Medeiros,Sage Northcutt vs. Thibault Gouti,Chris Lee,29,28,1,35,-3,-4.300000000000001,0.0
2018-02-18,UFC Fight Night: Cerrone vs. Medeiros,Sarah Moras vs. Lucie Pudilova,Jennie Cardenas,28,29,0,-32,2,-0.06666666666666732,-2.0
2018-02-18,UFC Fight Night: Cerrone vs. Medeiros,Sarah Moras vs. Lucie Pudilova,Jay Stafin,28,29,0,-32,2,-0.06666666666666732,-2.0
2018-02-18,UFC Fight Night: Cerrone vs. Medeiros,Sarah Moras vs. Lucie Pudilova,Anthony Townsend,27,29,0,-32,2,-0.06666666666666732,-2.0
2018-02-03,UFC Fight Night: Machida vs. Anders,Lyoto Machida vs. Eryk Anders,Guilherme Bravo,48,47,1,30,-3,-1.4666666666666663,0.0
2018-02-03,UFC Fight Night: Machida vs. Anders,Lyoto Machida vs. Eryk Anders,Marcos Rosales,47,48,0,30,-3,-1.4666666666666663,0.0
2018-02-03,UFC Fight Night: Machida vs. Anders,Lyoto Machida vs. Eryk Anders,Tony Weeks,49,46,1,30,-3,-1.4666666666666663,0.0
2018-02-03,UFC Fight Night: Machida vs. Anders,Michel Prazeres vs. Desmond Green,Guilherme Bravo,30,27,1,3,0,1.166666666666667,0.0
2018-02-03,UFC Fight Night: Machida vs. Anders,Michel Prazeres vs. Desmond Green,Phillipe Iorio,29,28,1,3,0,1.166666666666667,0.0
2018-02-03,UFC Fight Night: Machida vs. Anders,Michel Prazeres vs. Desmond Green,Tony Weeks,29,28,1,3,0,1.166666666666667,0.0
2018-02-03,UFC Fight Night: Machida vs. Anders,Timothy Johnson vs. Marcelo Golm,Phillipe Iorio,30,27,1,18,0,4.75,0.0
2018-02-03,UFC Fight Night: Machida vs. Anders,Timothy Johnson vs. Marcelo Golm,Marcos Rosales,29,28,1,18,0,4.75,0.0
2018-02-03,UFC Fight Night: Machida vs. Anders,Timothy Johnson vs. Marcelo Golm,Joseph Terrell,29,28,1,18,0,4.75,0.0
2018-02-03,UFC Fight Night: Machida vs. Anders,Douglas Silva de Andrade vs. Marlon Vera,Guilherme Bravo,30,27,1,25,1,0.5666666666666667,0.0
2018-02-03,UFC Fight Night: Machida vs. Anders,Douglas Silva de Andrade vs. Marlon Vera,Joseph Terrell,30,27,1,25,1,0.5666666666666667,0.0
2018-02-03,UFC Fight Night: Machida vs. Anders,Douglas Silva de Andrade vs. Marlon Vera,Tony Weeks,30,27,1,25,1,0.5666666666666667,0.0
2018-02-03,UFC Fight Night: Machida vs. Anders,Sergio Moraes vs. Tim Means,Marcos Rosales,28,29,0,-42,0,-1.35,-1.0
2018-02-03,UFC Fight Night: Machida vs. Anders,Sergio Moraes vs. Tim Means,Phillipe Iorio,29,28,1,-42,0,-1.35,-1.0
2018-02-03,UFC Fight Night: Machida vs. Anders,Sergio Moraes vs. Tim Means,Tony Weeks,29,28,1,-42,0,-1.35,-1.0
2018-02-03,UFC Fight Night: Machida vs. Anders,Alan Patrick vs. Damir Hadzovic,Guilherme Bravo,30,25,1,8,9,11.683333333333334,0.0
2018-02-03,UFC Fight Night: Machida vs. Anders,Alan Patrick vs. Damir Hadzovic,Phillipe Iorio,30,27,1,8,9,11.683333333333334,0.0
2018-02-03,UFC Fight Night: Machida vs. Anders,Alan Patrick vs. Damir Hadzovic,Joseph Terrell,30,27,1,8,9,11.683333333333334,0.0
2018-01-27,UFC Fight Night: Jacare vs. Brunson 2,Dennis Bermudez vs. Andre Fili,Derek Cleary,28,29,0,23,-3,2.3666666666666663,0.0
2018-01-27,UFC Fight Night: Jacare vs. Brunson 2,Dennis Bermudez vs. Andre Fili,Steve Elliott,30,27,1,23,-3,2.3666666666666663,0.0
2018-01-27,UFC Fight Night: Jacare vs. Brunson 2,Dennis Bermudez vs. Andre Fili,Pedro Claudio,28,29,0,23,-3,2.3666666666666663,0.0
2018-01-27,UFC Fight Night: Jacare vs. Brunson 2,Drew Dober vs. Frank Camacho,Andrew Hopper Jr,29,28,1,39,-3,-2.6333333333333337,0.0
2018-01-27,UFC Fight Night: Jacare vs. Brunson 2,Drew Dober vs. Frank Camacho,Derek Cleary,29,28,1,39,-3,-2.6333333333333337,0.0
2018-01-27,UFC Fight Night: Jacare vs. Brunson 2,Drew Dober vs. Frank Camacho,Roy Silbert,30,27,1,39,-3,-2.6333333333333337,0.0
2018-01-27,UFC Fight Night: Jacare vs. Brunson 2,Erik Koch vs. King Green,Sal D'Amato,28,29,0,-54,0,-1.3166666666666664,0.0
2018-01-27,UFC Fight Night: Jacare vs. Brunson 2,Erik Koch vs. King Green,Cardo Urso,28,29,0,-54,0,-1.3166666666666664,0.0
2018-01-27,UFC Fight Night: Jacare vs. Brunson 2,Erik Koch vs. King Green,Steve Elliott,28,29,0,-54,0,-1.3166666666666664,0.0
2018-01-27,UFC Fight Night: Jacare vs. Brunson 2,Katlyn Cerminara vs. Mara Romero Borella,Pedro Claudio,29,28,1,-11,-1,-0.5833333333333334,0.0
2018-01-27,UFC Fight Night: Jacare vs. Brunson 2,Katlyn Cerminara vs. Mara Romero Borella,Sal D'Amato,29,28,1,-11,-1,-0.5833333333333334,0.0
2018-01-27,UFC Fight Night: Jacare vs. Brunson 2,Katlyn Cerminara vs. Mara Romero Borella,Cardo Urso,30,27,1,-11,-1,-0.5833333333333334,0.0
2018-01-27,UFC Fight Night: Jacare vs. Brunson 2,Randa Markos vs. Juliana Lima,Roy Silbert,30,27,1,28,1,6.05,0.0
2018-01-27,UFC Fight Night: Jacare vs. Brunson 2,Randa Markos vs. Juliana Lima,Andrew Hopper Jr,30,27,1,28,1,6.05,0.0
2018-01-27,UFC Fight Night: Jacare vs. Brunson 2,Randa Markos vs. Juliana Lima,Derek Cleary,30,27,1,28,1,6.05,0.0
2018-01-27,UFC Fight Night: Jacare vs. Brunson 2,Justine Kish vs. Ji Yeon Kim,Cardo Urso,28,29,0,28,0,0.0,0.0
2018-01-27,UFC Fight Night: Jacare vs. Brunson 2,Justine Kish vs. Ji Yeon Kim,Sal D'Amato,29,28,1,28,0,0.0,0.0
2018-01-27,UFC Fight Night: Jacare vs. Brunson 2,Justine Kish vs. Ji Yeon Kim,Steve Elliott,27,30,0,28,0,0.0,0.0
2018-01-27,UFC Fight Night: Jacare vs. Brunson 2,Vinc Pichel vs. Joaquim Silva,Andrew Hopper Jr,29,28,1,15,1,0.7999999999999999,0.0
2018-01-27,UFC Fight Night: Jacare vs. Brunson 2,Vinc Pichel vs. Joaquim Silva,Derek Cleary,29,28,1,15,1,0.7999999999999999,0.0
2018-01-27,UFC Fight Night: Jacare vs. Brunson 2,Vinc Pichel vs. Joaquim Silva,Pedro Claudio,29,28,1,15,1,0.7999999999999999,0.0
2018-01-20,UFC 220: Miocic vs. Ngannou,Stipe Miocic vs. Francis Ngannou,David Ginsberg,50,44,1,49,6,15.0,0.0
2018-01-20,UFC 220: Miocic vs. Ngannou,Stipe Miocic vs. Francis Ngannou,Chris Lee,50,44,1,49,6,15.0,0.0
2018-01-20,UFC 220: Miocic vs. Ngannou,Stipe Miocic vs. Francis Ngannou,Doug Crosby,50,44,1,49,6,15.0,0.0
2018-01-20,UFC 220: Miocic vs. Ngannou,Gian Villante vs. Francimar Barroso,David Ginsberg,30,27,1,0,0,0.0,0.0
2018-01-20,UFC 220: Miocic vs. Ngannou,Gian Villante vs. Francimar Barroso,Dave Tirelli,28,29,0,0,0,0.0,0.0
2018-01-20,UFC 220: Miocic vs. Ngannou,Gian Villante vs. Francimar Barroso,Mike Mena,30,27,1,0,0,0.0,0.0
2018-01-20,UFC 220: Miocic vs. Ngannou,Kyle Bochniak vs. Brandon Davis,Dave Tirelli,29,28,1,-5,2,3.7333333333333334,0.0
2018-01-20,UFC 220: Miocic vs. Ngannou,Kyle Bochniak vs. Brandon Davis,Sal D'Amato,29,28,1,-5,2,3.7333333333333334,0.0
2018-01-20,UFC 220: Miocic vs. Ngannou,Kyle Bochniak vs. Brandon Davis,Doug Crosby,30,27,1,-5,2,3.7333333333333334,0.0
2018-01-20,UFC 220: Miocic vs. Ngannou,Dustin Ortiz vs. Alexandre Pantoja,Mike Mena,29,28,1,17,6,-2.45,0.0
2018-01-20,UFC 220: Miocic vs. Ngannou,Dustin Ortiz vs. Alexandre Pantoja,Nick Mahmood,29,28,1,17,6,-2.45,0.0
2018-01-20,UFC 220: Miocic vs. Ngannou,Dustin Ortiz vs. Alexandre Pantoja,Chris Lee,29,28,1,17,6,-2.45,0.0
2018-01-20,UFC 220: Miocic vs. Ngannou,Dan Ige vs. Julio Arce,Sal D'Amato,27,30,0,-37,1,0.5333333333333333,0.0
2018-01-20,UFC 220: Miocic vs. Ngannou,Dan Ige vs. Julio Arce,Doug Crosby,27,30,0,-37,1,0.5333333333333333,0.0
2018-01-20,UFC 220: Miocic vs. Ngannou,Dan Ige vs. Julio Arce,Alexius Phoenix,28,29,0,-37,1,0.5333333333333333,0.0
2018-01-20,UFC 220: Miocic vs. Ngannou,Matt Bessette vs. Enrique Barzola,David Ginsberg,27,30,0,-12,-5,-4.533333333333333,0.0
2018-01-20,UFC 220: Miocic vs. Ngannou,Matt Bessette vs. Enrique Barzola,Doug Crosby,28,29,0,-12,-5,-4.533333333333333,0.0
2018-01-20,UFC 220: Miocic vs. Ngannou,Matt Bessette vs. Enrique Barzola,Mike Mena,28,29,0,-12,-5,-4.533333333333333,0.0
2018-01-14,UFC Fight Night: Stephens vs. Choi,Paige VanZant vs. Jessica-Rose Clark,Justin Brown,27,30,0,-1,-2,-3.0833333333333326,0.0
2018-01-14,UFC Fight Night: Stephens vs. Choi,Paige VanZant vs. Jessica-Rose Clark,Chris Lee,28,29,0,-1,-2,-3.0833333333333326,0.0
2018-01-14,UFC Fight Night: Stephens vs. Choi,Paige VanZant vs. Jessica-Rose Clark,Brian Puccillo,28,29,0,-1,-2,-3.0833333333333326,0.0
2018-01-14,UFC Fight Night: Stephens vs. Choi,Kamaru Usman vs. Emil Meek,Sal D'Amato,30,27,1,20,8,12.933333333333334,0.0
2018-01-14,UFC Fight Night: Stephens vs. Choi,Kamaru Usman vs. Emil Meek,Marcos Rosales,30,27,1,20,8,12.933333333333334,0.0
2018-01-14,UFC Fight Night: Stephens vs. Choi,Kamaru Usman vs. Emil Meek,Travis Buesking,30,27,1,20,8,12.933333333333334,0.0
2018-01-14,UFC Fight Night: Stephens vs. Choi,James Krause vs. Alex White,Sal D'Amato,29,28,1,-21,2,9.216666666666667,0.0
2018-01-14,UFC Fight Night: Stephens vs. Choi,James Krause vs. Alex White,Travis Buesking,29,28,1,-21,2,9.216666666666667,0.0
2018-01-14,UFC Fight Night: Stephens vs. Choi,James Krause vs. Alex White,Chris Lee,29,28,1,-21,2,9.216666666666667,0.0
2018-01-14,UFC Fight Night: Stephens vs. Choi,Talita Bernardo vs. Irene Aldana,Chris Lee,27,30,0,-24,0,4.55,0.0
2018-01-14,UFC Fight Night: Stephens vs. Choi,Talita Bernardo vs. Irene Aldana,Marcos Rosales,27,30,0,-24,0,4.55,0.0
2018-01-14,UFC Fight Night: Stephens vs. Choi,Talita Bernardo vs. Irene Aldana,Justin Brown,27,30,0,-24,0,4.55,0.0
2018-01-14,UFC Fight Night: Stephens vs. Choi,Kalindra Faria vs. Jessica Eye,Brian Puccillo,28,29,0,13,-2,-5.333333333333334,0.0
2018-01-14,UFC Fight Night: Stephens vs. Choi,Kalindra Faria vs. Jessica Eye,Rob Francis,29,28,1,13,-2,-5.333333333333334,0.0
2018-01-14,UFC Fight Night: Stephens vs. Choi,Kalindra Faria vs. Jessica Eye,Sal D'Amato,28,29,0,13,-2,-5.333333333333334,0.0
2018-01-14,UFC Fight Night: Stephens vs. Choi,Danielle Taylor vs. JJ Aldrich,Rob Francis,28,29,0,-16,-1,-1.8499999999999999,0.0
2018-01-14,UFC Fight Night: Stephens vs. Choi,Danielle Taylor vs. JJ Aldrich,Sal D'Amato,28,29,0,-16,-1,-1.8499999999999999,0.0
2018-01-14,UFC Fight Night: Stephens vs. Choi,Danielle Taylor vs. JJ Aldrich,Travis Buesking,28,29,0,-16,-1,-1.8499999999999999,0.0
2018-01-14,UFC Fight Night: Stephens vs. Choi,Mads Burnell vs. Mike Santiago,Marcos Rosales,29,28,1,-31,0,4.666666666666667,0.0
2018-01-14,UFC Fight Night: Stephens vs. Choi,Mads Burnell vs. Mike Santiago,Justin Brown,29,28,1,-31,0,4.666666666666667,0.0
2018-01-14,UFC Fight Night: Stephens vs. Choi,Mads Burnell vs. Mike Santiago,Brian Puccillo,29,28,1,-31,0,4.666666666666667,0.0
2017-12-30,UFC 219: Cyborg vs. Holm,Cristiane Justino vs. Holly Holm,Derek Cleary,49,46,1,74,0,-2.6666666666666665,0.0
2017-12-30,UFC 219: Cyborg vs. Holm,Cristiane Justino vs. Holly Holm,Dave Hagen,48,47,1,74,0,-2.6666666666666665,0.0
2017-12-30,UFC 219: Cyborg vs. Holm,Cristiane Justino vs. Holly Holm,Chris Lee,48,47,1,74,0,-2.6666666666666665,0.0
2017-12-30,UFC 219: Cyborg vs. Holm,Khabib Nurmagomedov vs. Edson Barboza,Junichiro Kamijo,30,25,1,64,4,10.516666666666667,0.0
2017-12-30,UFC 219: Cyborg vs. Holm,Khabib Nurmagomedov vs. Edson Barboza,Sal D'Amato,30,25,1,64,4,10.516666666666667,0.0
2017-12-30,UFC 219: Cyborg vs. Holm,Khabib Nurmagomedov vs. Edson Barboza,Glenn Trowbridge,30,24,1,64,4,10.516666666666667,0.0
2017-12-30,UFC 219: Cyborg vs. Holm,Cynthia Calvillo vs. Carla Esparza,Sal D'Amato,28,29,0,-10,-1,3.983333333333333,0.0
2017-12-30,UFC 219: Cyborg vs. Holm,Cynthia Calvillo vs. Carla Esparza,Junichiro Kamijo,28,29,0,-10,-1,3.983333333333333,0.0
2017-12-30,UFC 219: Cyborg vs. Holm,Cynthia Calvillo vs. Carla Esparza,Marcos Rosales,28,29,0,-10,-1,3.983333333333333,0.0
2017-12-30,UFC 219: Cyborg vs. Holm,Carlos Condit vs. Neil Magny,Derek Cleary,27,30,0,5,-6,-4.433333333333333,0.0
2017-12-30,UFC 219: Cyborg vs. Holm,Carlos Condit vs. Neil Magny,Dave Hagen,27,30,0,5,-6,-4.433333333333333,0.0
2017-12-30,UFC 219: Cyborg vs. Holm,Carlos Condit vs. Neil Magny,Glenn Trowbridge,28,29,0,5,-6,-4.433333333333333,0.0
2017-12-30,UFC 219: Cyborg vs. Holm,Myles Jury vs. Ricky Glenn,Dave Hagen,30,27,1,27,2,2.6333333333333333,0.0
2017-12-30,UFC 219: Cyborg vs. Holm,Myles Jury vs. Ricky Glenn,Chris Lee,30,27,1,27,2,2.6333333333333333,0.0
2017-12-30,UFC 219: Cyborg vs. Holm,Myles Jury vs. Ricky Glenn,Rick Winter,30,27,1,27,2,2.6333333333333333,0.0
2017-12-30,UFC 219: Cyborg vs. Holm,Louis Smolka vs. Matheus Nicolau,Rick Winter,26,30,0,-38,-3,-4.3,-3.0
2017-12-30,UFC 219: Cyborg vs. Holm,Louis Smolka vs. Matheus Nicolau,Chris Lee,26,30,0,-38,-3,-4.3,-3.0
2017-12-30,UFC 219: Cyborg vs. Holm,Louis Smolka vs. Matheus Nicolau,Marcos Rosales,25,30,0,-38,-3,-4.3,-3.0
2017-12-16,UFC Fight Night: Lawler vs. Dos Anjos,Robbie Lawler vs. Rafael Dos Anjos,Derek Cleary,45,50,0,-86,-2,-3.4833333333333334,0.0
2017-12-16,UFC Fight Night: Lawler vs. Dos Anjos,Robbie Lawler vs. Rafael Dos Anjos,Sal D'Amato,45,50,0,-86,-2,-3.4833333333333334,0.0
2017-12-16,UFC Fight Night: Lawler vs. Dos Anjos,Robbie Lawler vs. Rafael Dos Anjos,Jason Rodgers,45,50,0,-86,-2,-3.4833333333333334,0.0
2017-12-16,UFC Fight Night: Lawler vs. Dos Anjos,Santiago Ponzinibbio vs. Mike Perry,Chris Lee,29,28,1,27,2,1.4833333333333332,1.0
2017-12-16,UFC Fight Night: Lawler vs. Dos Anjos,Santiago Ponzinibbio vs. Mike Perry,Jason Rodgers,29,28,1,27,2,1.4833333333333332,1.0
2017-12-16,UFC Fight Night: Lawler vs. Dos Anjos,Santiago Ponzinibbio vs. Mike Perry,David Therien,29,28,1,27,2,1.4833333333333332,1.0
2017-12-16,UFC Fight Night: Lawler vs. Dos Anjos,Jared Cannonier vs. Jan Blachowicz,Derek Cleary,28,29,0,-24,-4,-2.4499999999999997,-1.0
2017-12-16,UFC Fight Night: Lawler vs. Dos Anjos,Jared Cannonier vs. Jan Blachowicz,Jason Rodgers,28,29,0,-24,-4,-2.4499999999999997,-1.0
2017-12-16,UFC Fight Night: Lawler vs. Dos Anjos,Jared Cannonier vs. Jan Blachowicz,David Therien,28,29,0,-24,-4,-2.4499999999999997,-1.0
2017-12-16,UFC Fight Night: Lawler vs. Dos Anjos,John Makdessi vs. Abel Trujillo,Sal D'Amato,30,27,1,18,-1,-1.6166666666666667,1.0
2017-12-16,UFC Fight Night: Lawler vs. Dos Anjos,John Makdessi vs. Abel Trujillo,Greg Jackson,30,27,1,18,-1,-1.6166666666666667,1.0
2017-12-16,UFC Fight Night: Lawler vs. Dos Anjos,John Makdessi vs. Abel Trujillo,Chris Lee,30,27,1,18,-1,-1.6166666666666667,1.0
2017-12-16,UFC Fight Night: Lawler vs. Dos Anjos,Jordan Mein vs. Erick Silva,Greg Jackson,30,26,1,38,3,7.183333333333334,0.0
2017-12-16,UFC Fight Night: Lawler vs. Dos Anjos,Jordan Mein vs. Erick Silva,Chris Lee,30,27,1,38,3,7.183333333333334,0.0
2017-12-16,UFC Fight Night: Lawler vs. Dos Anjos,Jordan Mein vs. Erick Silva,Jason Rodgers,30,27,1,38,3,7.183333333333334,0.0
2017-12-09,UFC Fight Night: Swanson vs. Ortega,Jason Knight vs. Gabriel Benitez,Derek Cleary,26,30,0,-49,1,-0.23333333333333317,0.0
2017-12-09,UFC Fight Night: Swanson vs. Ortega,Jason Knight vs. Gabriel Benitez,Marcos Rosales,26,30,0,-49,1,-0.23333333333333317,0.0
2017-12-09,UFC Fight Night: Swanson vs. Ortega,Jason Knight vs. Gabriel Benitez,Wade Vierra,27,29,0,-49,1,-0.23333333333333317,0.0
2017-12-09,UFC Fight Night: Swanson vs. Ortega,Scott Holtzman vs. Darrell Horcher,Derek Cleary,30,27,1,13,6,8.133333333333333,0.0
2017-12-09,UFC Fight Night: Swanson vs. Ortega,Scott Holtzman vs. Darrell Horcher,Ron McCarthy,30,27,1,13,6,8.133333333333333,0.0
2017-12-09,UFC Fight Night: Swanson vs. Ortega,Scott Holtzman vs. Darrell Horcher,Jason McCoy,30,27,1,13,6,8.133333333333333,0.0
2017-12-09,UFC Fight Night: Swanson vs. Ortega,Eryk Anders vs. Markus Perez,Ron McCarthy,30,26,1,49,0,7.016666666666667,0.0
2017-12-09,UFC Fight Night: Swanson vs. Ortega,Eryk Anders vs. Markus Perez,Abe Belardo,30,25,1,49,0,7.016666666666667,0.0
2017-12-09,UFC Fight Night: Swanson vs. Ortega,Eryk Anders vs. Markus Perez,Marcos Rosales,29,28,1,49,0,7.016666666666667,0.0
2017-12-09,UFC Fight Night: Swanson vs. Ortega,Albert Morales vs. Benito Lopez,Marcos Rosales,27,30,0,0,0,2.15,-1.0
2017-12-09,UFC Fight Night: Swanson vs. Ortega,Albert Morales vs. Benito Lopez,Derek Cleary,28,29,0,0,0,2.15,-1.0
2017-12-09,UFC Fight Night: Swanson vs. Ortega,Albert Morales vs. Benito Lopez,Wade Vierra,28,29,0,0,0,2.15,-1.0
2017-12-09,UFC Fight Night: Swanson vs. Ortega,Alexis Davis vs. Liz Carmouche,Derek Cleary,29,28,1,-26,-3,-0.7000000000000002,0.0
2017-12-09,UFC Fight Night: Swanson vs. Ortega,Alexis Davis vs. Liz Carmouche,Jason McCoy,28,29,0,-26,-3,-0.7000000000000002,0.0
2017-12-09,UFC Fight Night: Swanson vs. Ortega,Alexis Davis vs. Liz Carmouche,Ron McCarthy,29,28,1,-26,-3,-0.7000000000000002,0.0
2017-12-09,UFC Fight Night: Swanson vs. Ortega,Frankie Saenz vs. Merab Dvalishvili,Derek Cleary,28,29,0,11,-11,-7.45,0.0
2017-12-09,UFC Fight Night: Swanson vs. Ortega,Frankie Saenz vs. Merab Dvalishvili,Ron McCarthy,29,28,1,11,-11,-7.45,0.0
2017-12-09,UFC Fight Night: Swanson vs. Ortega,Frankie Saenz vs. Merab Dvalishvili,Marcos Rosales,29,28,1,11,-11,-7.45,0.0
2017-12-09,UFC Fight Night: Swanson vs. Ortega,Alejandro Perez vs. Iuri Alcantara,Abe Belardo,30,27,1,-3,0,0.7666666666666667,0.0
2017-12-09,UFC Fight Night: Swanson vs. Ortega,Alejandro Perez vs. Iuri Alcantara,Wade Vierra,29,28,1,-3,0,0.7666666666666667,0.0
2017-12-09,UFC Fight Night: Swanson vs. Ortega,Alejandro Perez vs. Iuri Alcantara,Jason McCoy,29,28,1,-3,0,0.7666666666666667,0.0
2017-12-02,UFC 218: Holloway vs. Aldo 2,Henry Cejudo vs. Sergio Pettis,Eric Colon,30,27,1,11,3,9.566666666666666,0.0
2017-12-02,UFC 218: Holloway vs. Aldo 2,Henry Cejudo vs. Sergio Pettis,Sal D'Amato,30,27,1,11,3,9.566666666666666,0.0
2017-12-02,UFC 218: Holloway vs. Aldo 2,Henry Cejudo vs. Sergio Pettis,Roy Silbert,30,27,1,11,3,9.566666666666666,0.0
2017-12-02,UFC 218: Holloway vs. Aldo 2,Tecia Pennington vs. Michelle Waterson-Gomez,Bryan Miner,30,27,1,39,-1,-0.5833333333333335,0.0
2017-12-02,UFC 218: Holloway vs. Aldo 2,Tecia Pennington vs. Michelle Waterson-Gomez,Eric Colon,29,28,1,39,-1,-0.5833333333333335,0.0
2017-12-02,UFC 218: Holloway vs. Aldo 2,Tecia Pennington vs. Michelle Waterson-Gomez,Roy Silbert,29,28,1,39,-1,-0.5833333333333335,0.0
2017-12-02,UFC 218: Holloway vs. Aldo 2,David Teymur vs. Drakkar Klose,Derek Cleary,30,27,1,13,-1,0.5666666666666668,0.0
2017-12-02,UFC 218: Holloway vs. Aldo 2,David Teymur vs. Drakkar Klose,Chris Lee,30,27,1,13,-1,0.5666666666666668,0.0
2017-12-02,UFC 218: Holloway vs. Aldo 2,David Teymur vs. Drakkar Klose,Eric Colon,29,28,1,13,-1,0.5666666666666668,0.0
2017-12-02,UFC 218: Holloway vs. Aldo 2,Felice Herrig vs. Cortney Casey,Sal D'Amato,29,28,1,-15,1,1.4666666666666668,0.0
2017-12-02,UFC 218: Holloway vs. Aldo 2,Felice Herrig vs. Cortney Casey,Roy Silbert,28,29,0,-15,1,1.4666666666666668,0.0
2017-12-02,UFC 218: Holloway vs. Aldo 2,Felice Herrig vs. Cortney Casey,Bryan Miner,29,28,1,-15,1,1.4666666666666668,0.0
2017-12-01,The Ultimate Fighter: A New World Champion Finale,Nicco Montano vs. Roxanne Modafferi,Derek Cleary,50,45,1,54,1,3.1,0.0
2017-12-01,The Ultimate Fighter: A New World Champion Finale,Nicco Montano vs. Roxanne Modafferi,Jeff Mullen,49,46,1,54,1,3.1,0.0
2017-12-01,The Ultimate Fighter: A New World Champion Finale,Nicco Montano vs. Roxanne Modafferi,Junichiro Kamijo,49,46,1,54,1,3.1,0.0
2017-12-01,The Ultimate Fighter: A New World Champion Finale,Sean O'Malley vs. Terrion Ware,Sal D'Amato,29,28,1,53,3,-0.7333333333333334,0.0
2017-12-01,The Ultimate Fighter: A New World Champion Finale,Sean O'Malley vs. Terrion Ware,Dave Hagen,29,28,1,53,3,-0.7333333333333334,0.0
2017-12-01,The Ultimate Fighter: A New World Champion Finale,Sean O'Malley vs. Terrion Ware,Chris Lee,29,28,1,53,3,-0.7333333333333334,0.0
2017-12-01,The Ultimate Fighter: A New World Champion Finale,Barb Honchak vs. Lauren Murphy,Derek Cleary,28,29,0,12,-2,-3.1166666666666667,0.0
2017-12-01,The Ultimate Fighter: A New World Champion Finale,Barb Honchak vs. Lauren Murphy,Jeff Mullen,29,28,1,12,-2,-3.1166666666666667,0.0
2017-12-01,The Ultimate Fighter: A New World Champion Finale,Barb Honchak vs. Lauren Murphy,Junichiro Kamijo,28,29,0,12,-2,-3.1166666666666667,0.0
2017-11-25,UFC Fight Night: Bisping vs. Gastelum,Wang Guan vs. Alex Caceres,Christopher Shen,29,28,1,22,0,0.033333333333333326,1.0
2017-11-25,UFC Fight Night: Bisping vs. Gastelum,Wang Guan vs. Alex Caceres,Kon Papaioannou,28,29,0,22,0,0.033333333333333326,1.0
2017-11-25,UFC Fight Night: Bisping vs. Gastelum,Wang Guan vs. Alex Caceres,Paul Sutherland,29,28,1,22,0,0.033333333333333326,1.0
2017-11-25,UFC Fight Night: Bisping vs. Gastelum,Kailin Curran vs. Yan Xiaonan,Barry Foley,28,29,0,-44,2,7.683333333333334,0.0
2017-11-25,UFC Fight Night: Bisping vs. Gastelum,Kailin Curran vs. Yan Xiaonan,Kon Papaioannou,28,29,0,-44,2,7.683333333333334,0.0
2017-11-25,UFC Fight Night: Bisping vs. Gastelum,Kailin Curran vs. Yan Xiaonan,Albert Shen,27,30,0,-44,2,7.683333333333334,0.0
2017-11-25,UFC Fight Night: Bisping vs. Gastelum,Wu Yanan vs. Gina Mazany,Evan Field,27,30,0,-16,-4,-4.266666666666666,0.0
2017-11-25,UFC Fight Night: Bisping vs. Gastelum,Wu Yanan vs. Gina Mazany,Kon Papaioannou,27,30,0,-16,-4,-4.266666666666666,0.0
2017-11-25,UFC Fight Night: Bisping vs. Gastelum,Wu Yanan vs. Gina Mazany,Christopher Shen,27,30,0,-16,-4,-4.266666666666666,0.0
2017-11-25,UFC Fight Night: Bisping vs. Gastelum,Wulijiburen vs. Rolando Dy,Albert Shen,27,30,0,-9,4,1.3833333333333329,-1.0
2017-11-25,UFC Fight Night: Bisping vs. Gastelum,Wulijiburen vs. Rolando Dy,Charlie Keech,28,29,0,-9,4,1.3833333333333329,-1.0
2017-11-25,UFC Fight Night: Bisping vs. Gastelum,Wulijiburen vs. Rolando Dy,Paul Sutherland,27,30,0,-9,4,1.3833333333333329,-1.0
2017-11-18,UFC Fight Night: Werdum vs. Tybura,Fabricio Werdum vs. Marcin Tybura,Anthony Dimitriou,50,45,1,28,0,3.6166666666666667,0.0
2017-11-18,UFC Fight Night: Werdum vs. Tybura,Fabricio Werdum vs. Marcin Tybura,Kon Papaioannou,50,45,1,28,0,3.6166666666666667,0.0
2017-11-18,UFC Fight Night: Werdum vs. Tybura,Fabricio Werdum vs. Marcin Tybura,Charlie Keech,49,46,1,28,0,3.6166666666666667,0.0
2017-11-18,UFC Fight Night: Werdum vs. Tybura,Bec Rawlings vs. Jessica-Rose Clark,Charlie Keech,28,29,0,-36,0,-2.9666666666666663,0.0
2017-11-18,UFC Fight Night: Werdum vs. Tybura,Bec Rawlings vs. Jessica-Rose Clark,Evan Field,29,28,1,-36,0,-2.9666666666666663,0.0
2017-11-18,UFC Fight Night: Werdum vs. Tybura,Bec Rawlings vs. Jessica-Rose Clark,Storm Oshyer,28,29,0,-36,0,-2.9666666666666663,0.0
2017-11-18,UFC Fight Night: Werdum vs. Tybura,Tim Means vs. Belal Muhammad,Kevin Manderson,28,29,0,3,-1,-0.35,0.0
2017-11-18,UFC Fight Night: Werdum vs. Tybura,Tim Means vs. Belal Muhammad,Charlie Keech,29,28,1,3,-1,-0.35,0.0
2017-11-18,UFC Fight Night: Werdum vs. Tybura,Tim Means vs. Belal Muhammad,Evan Field,28,29,0,3,-1,-0.35,0.0
2017-11-18,UFC Fight Night: Werdum vs. Tybura,Jake Matthews vs. Bojan Velickovic,Storm Oshyer,29,28,1,-4,3,2.4833333333333334,0.0
2017-11-18,UFC Fight Night: Werdum vs. Tybura,Jake Matthews vs. Bojan Velickovic,Kon Papaioannou,28,29,0,-4,3,2.4833333333333334,0.0
2017-11-18,UFC Fight Night: Werdum vs. Tybura,Jake Matthews vs. Bojan Velickovic,Anthony Dimitriou,29,28,1,-4,3,2.4833333333333334,0.0
2017-11-18,UFC Fight Night: Werdum vs. Tybura,Elias Theodorou vs. Daniel Kelly,Chris Aliendi,30,28,1,76,-2,-0.06666666666666676,0.0
2017-11-18,UFC Fight Night: Werdum vs. Tybura,Elias Theodorou vs. Daniel Kelly,Evan Field,30,27,1,76,-2,-0.06666666666666676,0.0
2017-11-18,UFC Fight Night: Werdum vs. Tybura,Elias Theodorou vs. Daniel Kelly,Charlie Keech,30,26,1,76,-2,-0.06666666666666676,0.0
2017-11-18,UFC Fight Night: Werdum vs. Tybura,Alexander Volkanovski vs. Shane Young,Anthony Dimitriou,30,27,1,50,4,8.083333333333332,0.0
2017-11-18,UFC Fight Night: Werdum vs. Tybura,Alexander Volkanovski vs. Shane Young,Kevin Manderson,30,26,1,50,4,8.083333333333332,0.0
2017-11-18,UFC Fight Night: Werdum vs. Tybura,Alexander Volkanovski vs. Shane Young,Kon Papaioannou,30,26,1,50,4,8.083333333333332,0.0
2017-11-18,UFC Fight Night: Werdum vs. Tybura,Damien Brown vs. Frank Camacho,Kevin Manderson,29,28,1,-50,1,-0.10000000000000009,0.0
2017-11-18,UFC Fight Night: Werdum vs. Tybura,Damien Brown vs. Frank Camacho,Evan Field,27,30,0,-50,1,-0.10000000000000009,0.0
2017-11-18,UFC Fight Night: Werdum vs. Tybura,Damien Brown vs. Frank Camacho,Chris Aliendi,28,29,0,-50,1,-0.10000000000000009,0.0
2017-11-18,UFC Fight Night: Werdum vs. Tybura,Alex Chambers vs. Nadia Kassem,Kon Papaioannou,28,29,0,-7,4,6.233333333333333,0.0
2017-11-18,UFC Fight Night: Werdum vs. Tybura,Alex Chambers vs. Nadia Kassem,Anthony Dimitriou,27,29,0,-7,4,6.233333333333333,0.0
2017-11-18,UFC Fight Night: Werdum vs. Tybura,Alex Chambers vs. Nadia Kassem,Storm Oshyer,27,29,0,-7,4,6.233333333333333,0.0
2017-11-18,UFC Fight Night: Werdum vs. Tybura,Jenel Lausa vs. Eric Shelton,Evan Field,27,30,0,-81,-4,-7.716666666666667,0.0
2017-11-18,UFC Fight Night: Werdum vs. Tybura,Jenel Lausa vs. Eric Shelton,Chris Aliendi,26,30,0,-81,-4,-7.716666666666667,0.0
2017-11-18,UFC Fight Night: Werdum vs. Tybura,Jenel Lausa vs. Eric Shelton,Charlie Keech,25,30,0,-81,-4,-7.716666666666667,0.0
2017-11-18,UFC Fight Night: Werdum vs. Tybura,Anthony Hamilton vs. Adam Wieczorek,Charlie Keech,28,29,0,-10,2,4.783333333333333,0.0
2017-11-18,UFC Fight Night: Werdum vs. Tybura,Anthony Hamilton vs. Adam Wieczorek,Storm Oshyer,28,29,0,-10,2,4.783333333333333,0.0
2017-11-18,UFC Fight Night: Werdum vs. Tybura,Anthony Hamilton vs. Adam Wieczorek,Anthony Dimitriou,28,29,0,-10,2,4.783333333333333,0.0
2017-11-11,UFC Fight Night: Poirier vs. Pettis,Junior Albini vs. Andrei Arlovski,Derek Cleary,28,29,0,-44,0,3.6,0.0
2017-11-11,UFC Fight Night: Poirier vs. Pettis,Junior Albini vs. Andrei Arlovski,Chris Lee,27,30,0,-44,0,3.6,0.0
2017-11-11,UFC Fight Night: Poirier vs. Pettis,Junior Albini vs. Andrei Arlovski,Jeff Mullen,27,30,0,-44,0,3.6,0.0
2017-11-11,UFC Fight Night: Poirier vs. Pettis,Nate Marquardt vs. Cezar Ferreira,Jeff Mullen,28,29,0,-11,-2,-4.05,1.0
2017-11-11,UFC Fight Night: Poirier vs. Pettis,Nate Marquardt vs. Cezar Ferreira,Chris Lee,29,28,1,-11,-2,-4.05,1.0
2017-11-11,UFC Fight Night: Poirier vs. Pettis,Nate Marquardt vs. Cezar Ferreira,Brian Costello,28,29,0,-11,-2,-4.05,1.0
2017-11-11,UFC Fight Night: Poirier vs. Pettis,John Dodson vs. Marlon Moraes,Chris Lee,27,30,0,-2,1,-0.6333333333333333,1.0
2017-11-11,UFC Fight Night: Poirier vs. Pettis,John Dodson vs. Marlon Moraes,Ron Rodriquez,30,27,1,-2,1,-0.6333333333333333,1.0
2017-11-11,UFC Fight Night: Poirier vs. Pettis,John Dodson vs. Marlon Moraes,Brian Costello,27,30,0,-2,1,-0.6333333333333333,1.0
2017-11-11,UFC Fight Night: Poirier vs. Pettis,Tatiana Suarez vs. Viviane Pereira,Elvis Bello,30,27,1,58,4,12.416666666666668,0.0
2017-11-11,UFC Fight Night: Poirier vs. Pettis,Tatiana Suarez vs. Viviane Pereira,Brian Costello,30,27,1,58,4,12.416666666666668,0.0
2017-11-11,UFC Fight Night: Poirier vs. Pettis,Tatiana Suarez vs. Viviane Pereira,Jeff Mullen,30,26,1,58,4,12.416666666666668,0.0
2017-11-11,UFC Fight Night: Poirier vs. Pettis,Sage Northcutt vs. Michel Quinones,Luc Belhumeur,30,27,1,24,3,0.7166666666666667,0.0
2017-11-11,UFC Fight Night: Poirier vs. Pettis,Sage Northcutt vs. Michel Quinones,Ron Rodriquez,30,27,1,24,3,0.7166666666666667,0.0
2017-11-11,UFC Fight Night: Poirier vs. Pettis,Sage Northcutt vs. Michel Quinones,Derek Cleary,30,27,1,24,3,0.7166666666666667,0.0
2017-11-11,UFC Fight Night: Poirier vs. Pettis,Angela Hill vs. Nina Nunes,Chris Lee,28,29,0,-36,0,0.1,0.0
2017-11-11,UFC Fight Night: Poirier vs. Pettis,Angela Hill vs. Nina Nunes,Ron Rodriquez,28,29,0,-36,0,0.1,0.0
2017-11-11,UFC Fight Night: Poirier vs. Pettis,Angela Hill vs. Nina Nunes,Brian Costello,28,29,0,-36,0,0.1,0.0
2017-11-11,UFC Fight Night: Poirier vs. Pettis,Court McGee vs. Sean Strickland,Luc Belhumeur,27,30,0,-16,-3,-1.0166666666666668,0.0
2017-11-11,UFC Fight Night: Poirier vs. Pettis,Court McGee vs. Sean Strickland,Jeff Mullen,28,29,0,-16,-3,-1.0166666666666668,0.0
2017-11-11,UFC Fight Night: Poirier vs. Pettis,Court McGee vs. Sean Strickland,Derek Cleary,28,29,0,-16,-3,-1.0166666666666668,0.0
2017-11-11,UFC Fight Night: Poirier vs. Pettis,Jake Collier vs. Marcel Fortuna,Giovanni Lemm,30,27,1,35,-1,0.050000000000000044,0.0
2017-11-11,UFC Fight Night: Poirier vs. Pettis,Jake Collier vs. Marcel Fortuna,Ron Rodriquez,29,28,1,35,-1,0.050000000000000044,0.0
2017-11-11,UFC Fight Night: Poirier vs. Pettis,Jake Collier vs. Marcel Fortuna,Brian Costello,29,28,1,35,-1,0.050000000000000044,0.0
2017-11-04,UFC 217: Bisping vs. St-Pierre,Stephen Thompson vs. Jorge Masvidal,Sal D'Amato,30,26,1,28,0,0.0,1.0
2017-11-04,UFC 217: Bisping vs. St-Pierre,Stephen Thompson vs. Jorge Masvidal,Dave Tirelli,30,27,1,28,0,0.0,1.0
2017-11-04,UFC 217: Bisping vs. St-Pierre,Stephen Thompson vs. Jorge Masvidal,Eric Colon,30,27,1,28,0,0.0,1.0
2017-11-04,UFC 217: Bisping vs. St-Pierre,Randy Brown vs. Mickey Gall,Derek Cleary,29,28,1,34,1,4.383333333333334,0.0
2017-11-04,UFC 217: Bisping vs. St-Pierre,Randy Brown vs. Mickey Gall,Dave Tirelli,29,28,1,34,1,4.383333333333334,0.0
2017-11-04,UFC 217: Bisping vs. St-Pierre,Randy Brown vs. Mickey Gall,Chris Lee,29,27,1,34,1,4.383333333333334,0.0
2017-10-28,UFC Fight Night: Brunson vs. Machida,Demian Maia vs. Colby Covington,Guilherme Bravo,27,29,0,-35,0,-1.7333333333333332,0.0
2017-10-28,UFC Fight Night: Brunson vs. Machida,Demian Maia vs. Colby Covington,Derek Cleary,27,30,0,-35,0,-1.7333333333333332,0.0
2017-10-28,UFC Fight Night: Brunson vs. Machida,Demian Maia vs. Colby Covington,Dave Tirelli,26,30,0,-35,0,-1.7333333333333332,0.0
2017-10-28,UFC Fight Night: Brunson vs. Machida,Francisco Trinaldo vs. Jim Miller,Dave Tirelli,29,28,1,29,0,2.2666666666666666,0.0
2017-10-28,UFC Fight Night: Brunson vs. Machida,Francisco Trinaldo vs. Jim Miller,Phillipe Iorio,29,28,1,29,0,2.2666666666666666,0.0
2017-10-28,UFC Fight Night: Brunson vs. Machida,Francisco Trinaldo vs. Jim Miller,Marcos Rosales,29,28,1,29,0,2.2666666666666666,0.0
2017-10-28,UFC Fight Night: Brunson vs. Machida,John Lineker vs. Marlon Vera,Marcos Rosales,30,27,1,28,0,1.5833333333333333,0.0
2017-10-28,UFC Fight Night: Brunson vs. Machida,John Lineker vs. Marlon Vera,Guilherme Bravo,29,28,1,28,0,1.5833333333333333,0.0
2017-10-28,UFC Fight Night: Brunson vs. Machida,John Lineker vs. Marlon Vera,Derek Cleary,29,28,1,28,0,1.5833333333333333,0.0
2017-10-28,UFC Fight Night: Brunson vs. Machida,Hacran Dias vs. Jared Gordon,Guilherme Bravo,26,29,0,-69,-2,-5.449999999999999,0.0
2017-10-28,UFC Fight Night: Brunson vs. Machida,Hacran Dias vs. Jared Gordon,Phillipe Iorio,27,29,0,-69,-2,-5.449999999999999,0.0
2017-10-28,UFC Fight Night: Brunson vs. Machida,Hacran Dias vs. Jared Gordon,Hallison Pontes,26,30,0,-69,-2,-5.449999999999999,0.0
2017-10-28,UFC Fight Night: Brunson vs. Machida,Elizeu Zaleski dos Santos vs. Max Griffin,Guilherme Bravo,29,28,1,33,0,1.4000000000000001,-2.0
2017-10-28,UFC Fight Night: Brunson vs. Machida,Elizeu Zaleski dos Santos vs. Max Griffin,Dave Tirelli,29,27,1,33,0,1.4000000000000001,-2.0
2017-10-28,UFC Fight Night: Brunson vs. Machida,Elizeu Zaleski dos Santos vs. Max Griffin,Derek Cleary,29,28,1,33,0,1.4000000000000001,-2.0
2017-10-28,UFC Fight Night: Brunson vs. Machida,Deiveson Figueiredo vs. Jarred Brooks,Guilherme Bravo,27,30,0,-11,-6,-6.366666666666667,0.0
2017-10-28,UFC Fight Night: Brunson vs. Machida,Deiveson Figueiredo vs. Jarred Brooks,Dave Tirelli,29,28,1,-11,-6,-6.366666666666667,0.0
2017-10-28,UFC Fight Night: Brunson vs. Machida,Deiveson Figueiredo vs. Jarred Brooks,Phillipe Iorio,29,28,1,-11,-6,-6.366666666666667,0.0
2017-10-21,UFC Fight Night: Cerrone vs. Till,Karolina Kowalkiewicz vs. Jodie Esquibel,Ben Cartlidge,30,27,1,62,1,-1.05,0.0
2017-10-21,UFC Fight Night: Cerrone vs. Till,Karolina Kowalkiewicz vs. Jodie Esquibel,Andreas Gruner,30,27,1,62,1,-1.05,0.0
2017-10-21,UFC Fight Night: Cerrone vs. Till,Karolina Kowalkiewicz vs. Jodie Esquibel,Pawel Harasim,30,27,1,62,1,-1.05,0.0
2017-10-21,UFC Fight Night: Cerrone vs. Till,Oskar Piechota vs. Jonathan Wilson,Ben Cartlidge,30,27,1,39,1,3.9666666666666663,1.0
2017-10-21,UFC Fight Night: Cerrone vs. Till,Oskar Piechota vs. Jonathan Wilson,Andreas Gruner,30,27,1,39,1,3.9666666666666663,1.0
2017-10-21,UFC Fight Night: Cerrone vs. Till,Oskar Piechota vs. Jonathan Wilson,Maciej Motylewski,30,27,1,39,1,3.9666666666666663,1.0
2017-10-21,UFC Fight Night: Cerrone vs. Till,Marcin Held vs. Nasrat Haqparast,Mark Collett,30,27,1,-8,2,6.033333333333333,-1.0
2017-10-21,UFC Fight Night: Cerrone vs. Till,Marcin Held vs. Nasrat Haqparast,Pawel Harasim,30,27,1,-8,2,6.033333333333333,-1.0
2017-10-21,UFC Fight Night: Cerrone vs. Till,Marcin Held vs. Nasrat Haqparast,Paul Sutherland,30,27,1,-8,2,6.033333333333333,-1.0
2017-10-21,UFC Fight Night: Cerrone vs. Till,Sam Alvey vs. Ramazan Emeev,Mark Collett,27,30,0,-9,-1,-4.183333333333334,0.0
2017-10-21,UFC Fight Night: Cerrone vs. Till,Sam Alvey vs. Ramazan Emeev,Pawel Harasim,27,30,0,-9,-1,-4.183333333333334,0.0
2017-10-21,UFC Fight Night: Cerrone vs. Till,Sam Alvey vs. Ramazan Emeev,Paul Sutherland,27,30,0,-9,-1,-4.183333333333334,0.0
2017-10-21,UFC Fight Night: Cerrone vs. Till,Artem Lobov vs. Andre Fili,Ben Cartlidge,27,30,0,0,-5,-4.116666666666667,-1.0
2017-10-21,UFC Fight Night: Cerrone vs. Till,Artem Lobov vs. Andre Fili,Paul Sutherland,27,30,0,0,-5,-4.116666666666667,-1.0
2017-10-21,UFC Fight Night: Cerrone vs. Till,Artem Lobov vs. Andre Fili,Cezary Wojciechowski,27,30,0,0,-5,-4.116666666666667,-1.0
2017-10-21,UFC Fight Night: Cerrone vs. Till,Salim Touahri vs. Warlley Alves,Maciej Motylewski,27,30,0,-3,-2,-3.466666666666667,0.0
2017-10-21,UFC Fight Night: Cerrone vs. Till,Salim Touahri vs. Warlley Alves,Mark Collett,28,29,0,-3,-2,-3.466666666666667,0.0
2017-10-21,UFC Fight Night: Cerrone vs. Till,Salim Touahri vs. Warlley Alves,Andreas Gruner,28,29,0,-3,-2,-3.466666666666667,0.0
2017-10-21,UFC Fight Night: Cerrone vs. Till,Felipe Arantes vs. Josh Emmett,Ben Cartlidge,26,30,0,-24,-1,-2.75,-4.0
2017-10-21,UFC Fight Night: Cerrone vs. Till,Felipe Arantes vs. Josh Emmett,Maciej Motylewski,26,30,0,-24,-1,-2.75,-4.0
2017-10-21,UFC Fight Night: Cerrone vs. Till,Felipe Arantes vs. Josh Emmett,Paul Sutherland,25,30,0,-24,-1,-2.75,-4.0
2017-10-07,UFC 216: Ferguson vs. Lee,Tom Duquesnoy vs. Cody Stamann,Rick Winter,28,29,0,-33,-3,-2.5500000000000003,0.0
2017-10-07,UFC 216: Ferguson vs. Lee,Tom Duquesnoy vs. Cody Stamann,Chris Lee,29,28,1,-33,-3,-2.5500000000000003,0.0
2017-10-07,UFC 216: Ferguson vs. Lee,Tom Duquesnoy vs. Cody Stamann,Marcos Rosales,27,30,0,-33,-3,-2.5500000000000003,0.0
2017-10-07,UFC 216: Ferguson vs. Lee,Pearl Gonzalez vs. Poliana Botelho,Sal D'Amato,27,30,0,-40,-1,9.216666666666667,0.0
2017-10-07,UFC 216: Ferguson vs. Lee,Pearl Gonzalez vs. Poliana Botelho,Rick Winter,27,30,0,-40,-1,9.216666666666667,0.0
2017-10-07,UFC 216: Ferguson vs. Lee,Pearl Gonzalez vs. Poliana Botelho,Chris Lee,27,30,0,-40,-1,9.216666666666667,0.0
2017-10-07,UFC 216: Ferguson vs. Lee,Matt Schnell vs. Marco Beltran,Sal D'Amato,30,27,1,4,-1,0.08333333333333334,0.0
2017-10-07,UFC 216: Ferguson vs. Lee,Matt Schnell vs. Marco Beltran,Jeff Mullen,29,28,1,4,-1,0.08333333333333334,0.0
2017-10-07,UFC 216: Ferguson vs. Lee,Matt Schnell vs. Marco Beltran,Marcos Rosales,30,27,1,4,-1,0.08333333333333334,0.0
2017-10-07,UFC 216: Ferguson vs. Lee,Thales Leites vs. Brad Tavares,Glenn Trowbridge,27,30,0,-24,0,1.5666666666666669,-1.0
2017-10-07,UFC 216: Ferguson vs. Lee,Thales Leites vs. Brad Tavares,Sal D'Amato,26,30,0,-24,0,1.5666666666666669,-1.0
2017-10-07,UFC 216: Ferguson vs. Lee,Thales Leites vs. Brad Tavares,Dave Hagen,26,30,0,-24,0,1.5666666666666669,-1.0
2017-09-22,UFC Fight Night: Saint Preux vs. Okami,Claudia Gadelha vs. Jessica Andrade,Barry Foley,25,30,0,-99,-4,-8.45,0.0
2017-09-22,UFC Fight Night: Saint Preux vs. Okami,Claudia Gadelha vs. Jessica Andrade,Anthony Dimitriou,26,30,0,-99,-4,-8.45,0.0
2017-09-22,UFC Fight Night: Saint Preux vs. Okami,Claudia Gadelha vs. Jessica Andrade,Kon Papaioannou,27,30,0,-99,-4,-8.45,0.0
2017-09-22,UFC Fight Night: Saint Preux vs. Okami,Teruto Ishihara vs. Rolando Dy,Ben Cartlidge,28,27,1,2,2,5.933333333333334,1.0
2017-09-22,UFC Fight Night: Saint Preux vs. Okami,Teruto Ishihara vs. Rolando Dy,Charlie Keech,28,27,1,2,2,5.933333333333334,1.0
2017-09-22,UFC Fight Night: Saint Preux vs. Okami,Teruto Ishihara vs. Rolando Dy,Evan Field,28,27,1,2,2,5.933333333333334,1.0
2017-09-22,UFC Fight Night: Saint Preux vs. Okami,Keita Nakamura vs. Alex Morono,Ben Cartlidge,29,28,1,-11,2,0.75,0.0
2017-09-22,UFC Fight Night: Saint Preux vs. Okami,Keita Nakamura vs. Alex Morono,Barry Foley,28,29,0,-11,2,0.75,0.0
2017-09-22,UFC Fight Night: Saint Preux vs. Okami,Keita Nakamura vs. Alex Morono,Charlie Keech,29,28,1,-11,2,0.75,0.0
2017-09-22,UFC Fight Night: Saint Preux vs. Okami,Syuri Kondo vs. Chan-Mi Jeon,Evan Field,28,29,0,40,0,0.0,0.0
2017-09-22,UFC Fight Night: Saint Preux vs. Okami,Syuri Kondo vs. Chan-Mi Jeon,Anthony Dimitriou,30,27,1,40,0,0.0,0.0
2017-09-22,UFC Fight Night: Saint Preux vs. Okami,Syuri Kondo vs. Chan-Mi Jeon,Ben Cartlidge,30,27,1,40,0,0.0,0.0
2017-09-22,UFC Fight Night: Saint Preux vs. Okami,Shinsho Anzai vs. Luke Jumeau,Barry Foley,29,28,1,2,1,1.583333333333333,0.0
2017-09-22,UFC Fight Night: Saint Preux vs. Okami,Shinsho Anzai vs. Luke Jumeau,Junichiro Kamijo,29,28,1,2,1,1.583333333333333,0.0
2017-09-22,UFC Fight Night: Saint Preux vs. Okami,Shinsho Anzai vs. Luke Jumeau,Kon Papaioannou,30,27,1,2,1,1.583333333333333,0.0
2017-09-22,UFC Fight Night: Saint Preux vs. Okami,Daichi Abe vs. Hyun Gyu Lim,Anthony Dimitriou,29,28,1,20,1,0.08333333333333333,1.0
2017-09-22,UFC Fight Night: Saint Preux vs. Okami,Daichi Abe vs. Hyun Gyu Lim,Evan Field,29,28,1,20,1,0.08333333333333333,1.0
2017-09-22,UFC Fight Night: Saint Preux vs. Okami,Daichi Abe vs. Hyun Gyu Lim,Charlie Keech,29,28,1,20,1,0.08333333333333333,1.0
2017-09-16,UFC Fight Night: Rockhold vs. Branch,Justin Ledet vs. Azunna Anyanwu,Eric Colon,28,29,0,-1,0,0.0,0.0
2017-09-16,UFC Fight Night: Rockhold vs. Branch,Justin Ledet vs. Azunna Anyanwu,David Brogan,29,28,1,-1,0,0.0,0.0
2017-09-16,UFC Fight Night: Rockhold vs. Branch,Justin Ledet vs. Azunna Anyanwu,Cardo Urso,29,28,1,-1,0,0.0,0.0
2017-09-16,UFC Fight Night: Rockhold vs. Branch,Anthony Rocco Martin vs. Olivier Aubin-Mercier,Eric Colon,29,28,1,-5,-4,0.15000000000000036,0.0
2017-09-16,UFC Fight Night: Rockhold vs. Branch,Anthony Rocco Martin vs. Olivier Aubin-Mercier,Greg Monskie,28,29,0,-5,-4,0.15000000000000036,0.0
2017-09-16,UFC Fight Night: Rockhold vs. Branch,Anthony Rocco Martin vs. Olivier Aubin-Mercier,Jeff Mullen,28,29,0,-5,-4,0.15000000000000036,0.0
2017-09-09,UFC 215: Nunes vs Shevchenko 2,Amanda Nunes vs. Valentina Shevchenko,Sal D'Amato,48,47,1,14,2,2.533333333333333,0.0
2017-09-09,UFC 215: Nunes vs Shevchenko 2,Amanda Nunes vs. Valentina Shevchenko,Tony Weeks,47,48,0,14,2,2.533333333333333,0.0
2017-09-09,UFC 215: Nunes vs Shevchenko 2,Amanda Nunes vs. Valentina Shevchenko,David Therien,48,47,1,14,2,2.533333333333333,0.0
2017-09-09,UFC 215: Nunes vs Shevchenko 2,Ilir Latifi vs. Tyson Pedro,Tony Weeks,29,28,1,13,4,7.316666666666666,0.0
2017-09-09,UFC 215: Nunes vs Shevchenko 2,Ilir Latifi vs. Tyson Pedro,Jody Dorchester,29,28,1,13,4,7.316666666666666,0.0
2017-09-09,UFC 215: Nunes vs Shevchenko 2,Ilir Latifi vs. Tyson Pedro,Sal D'Amato,30,27,1,13,4,7.316666666666666,0.0
2017-09-09,UFC 215: Nunes vs Shevchenko 2,Jeremy Stephens vs. Gilbert Melendez,David Therien,30,26,1,67,0,1.35,5.0
2017-09-09,UFC 215: Nunes vs Shevchenko 2,Jeremy Stephens vs. Gilbert Melendez,Thomas Collins,30,26,1,67,0,1.35,5.0
2017-09-09,UFC 215: Nunes vs Shevchenko 2,Jeremy Stephens vs. Gilbert Melendez,Dave Hagen,30,25,1,67,0,1.35,5.0
2017-09-09,UFC 215: Nunes vs Shevchenko 2,Gavin Tucker vs. Ricky Glenn,Dave Hagen,25,30,0,-119,-4,-7.5,-1.0
2017-09-09,UFC 215: Nunes vs Shevchenko 2,Gavin Tucker vs. Ricky Glenn,Sal D'Amato,24,30,0,-119,-4,-7.5,-1.0
2017-09-09,UFC 215: Nunes vs Shevchenko 2,Gavin Tucker vs. Ricky Glenn,Sean Gerke,27,29,0,-119,-4,-7.5,-1.0
2017-09-09,UFC 215: Nunes vs Shevchenko 2,Luis Henrique vs. Arjan Bhullar,David Therien,28,29,0,8,-1,-4.116666666666666,-1.0
2017-09-09,UFC 215: Nunes vs Shevchenko 2,Luis Henrique vs. Arjan Bhullar,Robert Donahue,28,29,0,8,-1,-4.116666666666666,-1.0
2017-09-09,UFC 215: Nunes vs Shevchenko 2,Luis Henrique vs. Arjan Bhullar,Dave Hagen,28,29,0,8,-1,-4.116666666666666,-1.0
2017-09-02,UFC Fight Night: Volkov vs. Struve,Leon Edwards vs. Bryan Barberena,Ben Cartlidge,29,28,1,-21,3,6.7,-1.0
2017-09-02,UFC Fight Night: Volkov vs. Struve,Leon Edwards vs. Bryan Barberena,Howard Hughes,29,28,1,-21,3,6.7,-1.0
2017-09-02,UFC Fight Night: Volkov vs. Struve,Leon Edwards vs. Bryan Barberena,Paul Sutherland,29,28,1,-21,3,6.7,-1.0
2017-09-02,UFC Fight Night: Volkov vs. Struve,Darren Till vs. Bojan Velickovic,Ben Cartlidge,30,27,1,15,1,2.8166666666666664,0.0
2017-09-02,UFC Fight Night: Volkov vs. Struve,Darren Till vs. Bojan Velickovic,Takeo Kobayashi,30,27,1,15,1,2.8166666666666664,0.0
2017-09-02,UFC Fight Night: Volkov vs. Struve,Darren Till vs. Bojan Velickovic,Paul Sutherland,30,27,1,15,1,2.8166666666666664,0.0
2017-09-02,UFC Fight Night: Volkov vs. Struve,Rustam Khabilov vs. Desmond Green,Takeo Kobayashi,29,28,1,-13,2,0.7333333333333333,0.0
2017-09-02,UFC Fight Night: Volkov vs. Struve,Rustam Khabilov vs. Desmond Green,Paul Sutherland,29,28,1,-13,2,0.7333333333333333,0.0
2017-09-02,UFC Fight Night: Volkov vs. Struve,Rustam Khabilov vs. Desmond Green,Andy Roberts,30,27,1,-13,2,0.7333333333333333,0.0
2017-09-02,UFC Fight Night: Volkov vs. Struve,Francimar Barroso vs. Aleksandar Rakic,Ben Cartlidge,27,30,0,-22,2,1.3833333333333333,0.0
2017-09-02,UFC Fight Night: Volkov vs. Struve,Francimar Barroso vs. Aleksandar Rakic,Takeo Kobayashi,27,30,0,-22,2,1.3833333333333333,0.0
2017-09-02,UFC Fight Night: Volkov vs. Struve,Francimar Barroso vs. Aleksandar Rakic,Paul Sutherland,27,30,0,-22,2,1.3833333333333333,0.0
2017-08-05,UFC Fight Night: Pettis vs. Moreno,Sergio Pettis vs. Brandon Moreno,Derek Cleary,49,46,1,31,-4,-7.583333333333333,0.0
2017-08-05,UFC Fight Night: Pettis vs. Moreno,Sergio Pettis vs. Brandon Moreno,Eric Colon,48,46,1,31,-4,-7.583333333333333,0.0
2017-08-05,UFC Fight Night: Pettis vs. Moreno,Sergio Pettis vs. Brandon Moreno,Jeff Mullen,48,46,1,31,-4,-7.583333333333333,0.0
2017-08-05,UFC Fight Night: Pettis vs. Moreno,Randa Markos vs. Alexa Grasso,Marcos Rosales,28,29,0,-19,4,1.766666666666667,0.0
2017-08-05,UFC Fight Night: Pettis vs. Moreno,Randa Markos vs. Alexa Grasso,Dave Tirelli,29,28,1,-19,4,1.766666666666667,0.0
2017-08-05,UFC Fight Night: Pettis vs. Moreno,Randa Markos vs. Alexa Grasso,Roy Silbert,28,29,0,-19,4,1.766666666666667,0.0
2017-08-05,UFC Fight Night: Pettis vs. Moreno,Sam Alvey vs. Rashad Evans,Derek Cleary,29,28,1,23,-2,-4.366666666666667,0.0
2017-08-05,UFC Fight Night: Pettis vs. Moreno,Sam Alvey vs. Rashad Evans,Jeff Mullen,28,29,0,23,-2,-4.366666666666667,0.0
2017-08-05,UFC Fight Night: Pettis vs. Moreno,Sam Alvey vs. Rashad Evans,Eric Colon,29,28,1,23,-2,-4.366666666666667,0.0
2017-08-05,UFC Fight Night: Pettis vs. Moreno,Alejandro Perez vs. Andre Soukhamthath,Jeff Mullen,29,28,1,1,1,2.0833333333333335,-3.0
2017-08-05,UFC Fight Night: Pettis vs. Moreno,Alejandro Perez vs. Andre Soukhamthath,Miguel Jimenez,28,29,0,1,1,2.0833333333333335,-3.0
2017-08-05,UFC Fight Night: Pettis vs. Moreno,Alejandro Perez vs. Andre Soukhamthath,Roy Silbert,29,28,1,1,1,2.0833333333333335,-3.0
2017-08-05,UFC Fight Night: Pettis vs. Moreno,Jose Quinonez vs. Diego Rivas,Miguel Jimenez,30,27,1,32,0,2.666666666666667,0.0
2017-08-05,UFC Fight Night: Pettis vs. Moreno,Jose Quinonez vs. Diego Rivas,Jeff Mullen,30,27,1,32,0,2.666666666666667,0.0
2017-08-05,UFC Fight Night: Pettis vs. Moreno,Jose Quinonez vs. Diego Rivas,Marcos Rosales,30,27,1,32,0,2.666666666666667,0.0
2017-07-29,UFC 214: Cormier vs. Jones 2,Tyron Woodley vs. Demian Maia,Marcos Rosales,50,45,1,29,0,-0.7833333333333333,1.0
2017-07-29,UFC 214: Cormier vs. Jones 2,Tyron Woodley vs. Demian Maia,Sal D'Amato,49,46,1,29,0,-0.7833333333333333,1.0
2017-07-29,UFC 214: Cormier vs. Jones 2,Tyron Woodley vs. Demian Maia,Wade Vierra,49,46,1,29,0,-0.7833333333333333,1.0
2017-07-29,UFC 214: Cormier vs. Jones 2,Robbie Lawler vs. Donald Cerrone,Derek Cleary,29,28,1,-5,-1,-1.2000000000000002,0.0
2017-07-29,UFC 214: Cormier vs. Jones 2,Robbie Lawler vs. Donald Cerrone,Marcos Rosales,29,28,1,-5,-1,-1.2000000000000002,0.0
2017-07-29,UFC 214: Cormier vs. Jones 2,Robbie Lawler vs. Donald Cerrone,Mike Bell,29,28,1,-5,-1,-1.2000000000000002,0.0
2017-07-29,UFC 214: Cormier vs. Jones 2,Aljamain Sterling vs. Renan Barao,Wade Vierra,29,28,1,52,-1,1.1166666666666671,0.0
2017-07-29,UFC 214: Cormier vs. Jones 2,Aljamain Sterling vs. Renan Barao,Derek Cleary,29,27,1,52,-1,1.1166666666666671,0.0
2017-07-29,UFC 214: Cormier vs. Jones 2,Aljamain Sterling vs. Renan Barao,Marcos Rosales,30,26,1,52,-1,1.1166666666666671,0.0
2017-07-29,UFC 214: Cormier vs. Jones 2,Andre Fili vs. Calvin Kattar,Guilherme Bravo,27,30,0,-2,-2,-0.6,0.0
2017-07-29,UFC 214: Cormier vs. Jones 2,Andre Fili vs. Calvin Kattar,Mike Bell,27,30,0,-2,-2,-0.6,0.0
2017-07-29,UFC 214: Cormier vs. Jones 2,Andre Fili vs. Calvin Kattar,Brandon Saucedo,27,30,0,-2,-2,-0.6,0.0
2017-07-29,UFC 214: Cormier vs. Jones 2,Kailin Curran vs. Aleksandra Albu,Sal D'Amato,28,29,0,4,-4,3.1500000000000004,0.0
2017-07-29,UFC 214: Cormier vs. Jones 2,Kailin Curran vs. Aleksandra Albu,Marcos Rosales,28,29,0,4,-4,3.1500000000000004,0.0
2017-07-29,UFC 214: Cormier vs. Jones 2,Kailin Curran vs. Aleksandra Albu,Wade Vierra,28,29,0,4,-4,3.1500000000000004,0.0
2017-07-29,UFC 214: Cormier vs. Jones 2,Eric Shelton vs. Jarred Brooks,Wade Vierra,28,29,0,4,-4,-3.033333333333333,0.0
2017-07-29,UFC 214: Cormier vs. Jones 2,Eric Shelton vs. Jarred Brooks,Guilherme Bravo,29,28,1,4,-4,-3.033333333333333,0.0
2017-07-29,UFC 214: Cormier vs. Jones 2,Eric Shelton vs. Jarred Brooks,Brandon Saucedo,28,29,0,4,-4,-3.033333333333333,0.0
2017-07-22,UFC Fight Night: Weidman vs. Gastelum,Dennis Bermudez vs. Darren Elkins,Doug Crosby,28,29,0,-1,-2,-1.4333333333333331,0.0
2017-07-22,UFC Fight Night: Weidman vs. Gastelum,Dennis Bermudez vs. Darren Elkins,Bryan Miner,29,28,1,-1,-2,-1.4333333333333331,0.0
2017-07-22,UFC Fight Night: Weidman vs. Gastelum,Dennis Bermudez vs. Darren Elkins,Dave Tirelli,28,29,0,-1,-2,-1.4333333333333331,0.0
2017-07-22,UFC Fight Night: Weidman vs. Gastelum,Patrick Cummins vs. Gian Villante,Jeff Mullen,29,28,1,14,1,3.0666666666666664,0.0
2017-07-22,UFC Fight Night: Weidman vs. Gastelum,Patrick Cummins vs. Gian Villante,Sal D'Amato,28,29,0,14,1,3.0666666666666664,0.0
2017-07-22,UFC Fight Night: Weidman vs. Gastelum,Patrick Cummins vs. Gian Villante,Dave Tirelli,29,28,1,14,1,3.0666666666666664,0.0
2017-07-22,UFC Fight Night: Weidman vs. Gastelum,Jimmie Rivera vs. Thomas Almeida,Cardo Urso,29,28,1,-2,2,1.5333333333333334,2.0
2017-07-22,UFC Fight Night: Weidman vs. Gastelum,Jimmie Rivera vs. Thomas Almeida,Doug Crosby,30,26,1,-2,2,1.5333333333333334,2.0
2017-07-22,UFC Fight Night: Weidman vs. Gastelum,Jimmie Rivera vs. Thomas Almeida,Bryan Miner,30,27,1,-2,2,1.5333333333333334,2.0
2017-07-22,UFC Fight Night: Weidman vs. Gastelum,Lyman Good vs. Elizeu Zaleski dos Santos,Doug Crosby,27,30,0,-8,0,-0.5833333333333334,0.0
2017-07-22,UFC Fight Night: Weidman vs. Gastelum,Lyman Good vs. Elizeu Zaleski dos Santos,Cardo Urso,29,28,1,-8,0,-0.5833333333333334,0.0
2017-07-22,UFC Fight Night: Weidman vs. Gastelum,Lyman Good vs. Elizeu Zaleski dos Santos,Jeff Mullen,27,30,0,-8,0,-0.5833333333333334,0.0
2017-07-22,UFC Fight Night: Weidman vs. Gastelum,Damian Grabowski vs. Chase Sherman,Sal D'Amato,27,30,0,-43,0,-0.18333333333333335,0.0
2017-07-22,UFC Fight Night: Weidman vs. Gastelum,Damian Grabowski vs. Chase Sherman,Cardo Urso,26,30,0,-43,0,-0.18333333333333335,0.0
2017-07-22,UFC Fight Night: Weidman vs. Gastelum,Damian Grabowski vs. Chase Sherman,Dave Tirelli,27,30,0,-43,0,-0.18333333333333335,0.0
2017-07-22,UFC Fight Night: Weidman vs. Gastelum,Kyle Bochniak vs. Jeremy Kennedy,Sal D'Amato,27,30,0,-18,-8,-11.633333333333333,0.0
2017-07-22,UFC Fight Night: Weidman vs. Gastelum,Kyle Bochniak vs. Jeremy Kennedy,Bryan Miner,27,30,0,-18,-8,-11.633333333333333,0.0
2017-07-22,UFC Fight Night: Weidman vs. Gastelum,Kyle Bochniak vs. Jeremy Kennedy,Jeff Mullen,28,29,0,-18,-8,-11.633333333333333,0.0
2017-07-22,UFC Fight Night: Weidman vs. Gastelum,Shane Burgos vs. Godofredo Pepey,Doug Crosby,30,26,1,51,1,-0.5666666666666667,3.0
2017-07-22,UFC Fight Night: Weidman vs. Gastelum,Shane Burgos vs. Godofredo Pepey,Sal D'Amato,30,26,1,51,1,-0.5666666666666667,3.0
2017-07-22,UFC Fight Night: Weidman vs. Gastelum,Shane Burgos vs. Godofredo Pepey,Cardo Urso,29,28,1,51,1,-0.5666666666666667,3.0
2017-07-22,UFC Fight Night: Weidman vs. Gastelum,Frankie Perez vs. Chris Wade,Sal D'Amato,28,29,0,-1,0,-4.966666666666667,0.0
2017-07-22,UFC Fight Night: Weidman vs. Gastelum,Frankie Perez vs. Chris Wade,Jeff Mullen,28,29,0,-1,0,-4.966666666666667,0.0
2017-07-22,UFC Fight Night: Weidman vs. Gastelum,Frankie Perez vs. Chris Wade,Dave Tirelli,27,30,0,-1,0,-4.966666666666667,0.0
2017-07-16,UFC Fight Night: Nelson vs. Ponzinibbio,Joanne Wood vs. Cynthia Calvillo,Pawel Harasim,27,30,0,9,-2,-0.7666666666666667,0.0
2017-07-16,UFC Fight Night: Nelson vs. Ponzinibbio,Joanne Wood vs. Cynthia Calvillo,Maciej Motylewski,27,30,0,9,-2,-0.7666666666666667,0.0
2017-07-16,UFC Fight Night: Nelson vs. Ponzinibbio,Joanne Wood vs. Cynthia Calvillo,Howard Hughes,28,29,0,9,-2,-0.7666666666666667,0.0
2017-07-16,UFC Fight Night: Nelson vs. Ponzinibbio,Jack Marshman vs. Ryan Janes,Mark Collett,29,28,1,-8,0,-1.7333333333333334,0.0
2017-07-16,UFC Fight Night: Nelson vs. Ponzinibbio,Jack Marshman vs. Ryan Janes,Pawel Harasim,29,28,1,-8,0,-1.7333333333333334,0.0
2017-07-16,UFC Fight Night: Nelson vs. Ponzinibbio,Jack Marshman vs. Ryan Janes,Howard Hughes,29,28,1,-8,0,-1.7333333333333334,0.0
2017-07-16,UFC Fight Night: Nelson vs. Ponzinibbio,James Mulheron vs. Justin Willis,Pawel Harasim,27,30,0,-16,-3,-2.7500000000000004,0.0
2017-07-16,UFC Fight Night: Nelson vs. Ponzinibbio,James Mulheron vs. Justin Willis,Maciej Motylewski,27,30,0,-16,-3,-2.7500000000000004,0.0
2017-07-16,UFC Fight Night: Nelson vs. Ponzinibbio,James Mulheron vs. Justin Willis,Paul Sutherland,27,30,0,-16,-3,-2.7500000000000004,0.0
2017-07-16,UFC Fight Night: Nelson vs. Ponzinibbio,Danny Henry vs. Daniel Teymur,Pawel Harasim,29,28,1,24,1,3.383333333333333,1.0
2017-07-16,UFC Fight Night: Nelson vs. Ponzinibbio,Danny Henry vs. Daniel Teymur,Howard Hughes,29,28,1,24,1,3.383333333333333,1.0
2017-07-16,UFC Fight Night: Nelson vs. Ponzinibbio,Danny Henry vs. Daniel Teymur,Mark Collett,29,26,1,24,1,3.383333333333333,1.0
2017-07-16,UFC Fight Night: Nelson vs. Ponzinibbio,Brett Johns vs. Albert Morales,Ben Cartlidge,30,27,1,28,3,11.566666666666666,0.0
2017-07-16,UFC Fight Night: Nelson vs. Ponzinibbio,Brett Johns vs. Albert Morales,Maciej Motylewski,30,27,1,28,3,11.566666666666666,0.0
2017-07-16,UFC Fight Night: Nelson vs. Ponzinibbio,Brett Johns vs. Albert Morales,Paul Sutherland,30,25,1,28,3,11.566666666666666,0.0
2017-07-08,UFC 213: Romero vs. Whittaker,Yoel Romero vs. Robert Whittaker,Sal D'Amato,47,48,0,-26,4,3.7,0.0
2017-07-08,UFC 213: Romero vs. Whittaker,Yoel Romero vs. Robert Whittaker,Junichiro Kamijo,47,48,0,-26,4,3.7,0.0
2017-07-08,UFC 213: Romero vs. Whittaker,Yoel Romero vs. Robert Whittaker,Jeff Mullen,47,48,0,-26,4,3.7,0.0
2017-07-08,UFC 213: Romero vs. Whittaker,Fabricio Werdum vs. Alistair Overeem,Dave Hagen,28,29,0,28,1,1.3166666666666667,1.0
2017-07-08,UFC 213: Romero vs. Whittaker,Fabricio Werdum vs. Alistair Overeem,Chris Lee,28,29,0,28,1,1.3166666666666667,1.0
2017-07-08,UFC 213: Romero vs. Whittaker,Daniel Omielanczuk vs. Curtis Blaydes,Glenn Trowbridge,27,30,0,-21,0,-5.516666666666667,0.0
2017-07-08,UFC 213: Romero vs. Whittaker,Daniel Omielanczuk vs. Curtis Blaydes,Junichiro Kamijo,27,30,0,-21,0,-5.516666666666667,0.0
2017-07-08,UFC 213: Romero vs. Whittaker,Daniel Omielanczuk vs. Curtis Blaydes,Jeff Mullen,27,30,0,-21,0,-5.516666666666667,0.0
2017-07-08,UFC 213: Romero vs. Whittaker,Anthony Pettis vs. Jim Miller,Derek Cleary,30,27,1,32,0,1.7999999999999998,0.0
2017-07-08,UFC 213: Romero vs. Whittaker,Anthony Pettis vs. Jim Miller,Sal D'Amato,30,27,1,32,0,1.7999999999999998,0.0
2017-07-08,UFC 213: Romero vs. Whittaker,Anthony Pettis vs. Jim Miller,Marcos Rosales,30,27,1,32,0,1.7999999999999998,0.0
2017-07-08,UFC 213: Romero vs. Whittaker,Jordan Mein vs. Belal Muhammad,Jeff Mullen,28,29,0,-9,-3,-6.300000000000001,0.0
2017-07-08,UFC 213: Romero vs. Whittaker,Jordan Mein vs. Belal Muhammad,Sal D'Amato,28,29,0,-9,-3,-6.300000000000001,0.0
2017-07-08,UFC 213: Romero vs. Whittaker,Jordan Mein vs. Belal Muhammad,Derek Cleary,27,30,0,-9,-3,-6.300000000000001,0.0
2017-07-08,UFC 213: Romero vs. Whittaker,Cody Stamann vs. Terrion Ware,Marcos Rosales,30,27,1,34,8,6.55,0.0
2017-07-08,UFC 213: Romero vs. Whittaker,Cody Stamann vs. Terrion Ware,Junichiro Kamijo,30,27,1,34,8,6.55,0.0
2017-07-08,UFC 213: Romero vs. Whittaker,Cody Stamann vs. Terrion Ware,Glenn Trowbridge,29,28,1,34,8,6.55,0.0
2017-07-07,The Ultimate Fighter: Redemption Finale,Marc Diakiese vs. Drakkar Klose,Jeff Mullen,28,29,0,-5,-1,-2.1999999999999993,0.0
2017-07-07,The Ultimate Fighter: Redemption Finale,Marc Diakiese vs. Drakkar Klose,Derek Cleary,29,28,1,-5,-1,-2.1999999999999993,0.0
2017-07-07,The Ultimate Fighter: Redemption Finale,Marc Diakiese vs. Drakkar Klose,Marcos Rosales,28,29,0,-5,-1,-2.1999999999999993,0.0
2017-07-07,The Ultimate Fighter: Redemption Finale,Brad Tavares vs. Elias Theodorou,Derek Cleary,29,28,1,-3,-2,-2.116666666666667,0.0
2017-07-07,The Ultimate Fighter: Redemption Finale,Brad Tavares vs. Elias Theodorou,Jeff Mullen,29,28,1,-3,-2,-2.116666666666667,0.0
2017-07-07,The Ultimate Fighter: Redemption Finale,Brad Tavares vs. Elias Theodorou,Tony Weeks,29,28,1,-3,-2,-2.116666666666667,0.0
2017-07-07,The Ultimate Fighter: Redemption Finale,Jordan Johnson vs. Marcel Fortuna,Chris Lee,29,28,1,-11,2,1.8333333333333335,0.0
2017-07-07,The Ultimate Fighter: Redemption Finale,Jordan Johnson vs. Marcel Fortuna,Marcos Rosales,29,28,1,-11,2,1.8333333333333335,0.0
2017-07-07,The Ultimate Fighter: Redemption Finale,Jordan Johnson vs. Marcel Fortuna,Patricia Morse-Jarman,29,28,1,-11,2,1.8333333333333335,0.0
2017-07-07,The Ultimate Fighter: Redemption Finale,Angela Hill vs. Ashley Yoder,Sal D'Amato,30,27,1,21,-2,-0.4333333333333331,0.0
2017-07-07,The Ultimate Fighter: Redemption Finale,Angela Hill vs. Ashley Yoder,Junichiro Kamijo,30,27,1,21,-2,-0.4333333333333331,0.0
2017-07-07,The Ultimate Fighter: Redemption Finale,Angela Hill vs. Ashley Yoder,Tony Weeks,30,27,1,21,-2,-0.4333333333333331,0.0
2017-07-07,The Ultimate Fighter: Redemption Finale,James Krause vs. Tom Gallicchio,Dave Hagen,30,27,1,53,-1,-0.8666666666666666,0.0
2017-07-07,The Ultimate Fighter: Redemption Finale,James Krause vs. Tom Gallicchio,Marcos Rosales,30,27,1,53,-1,-0.8666666666666666,0.0
2017-07-07,The Ultimate Fighter: Redemption Finale,James Krause vs. Tom Gallicchio,Patricia Morse-Jarman,30,27,1,53,-1,-0.8666666666666666,0.0
2017-07-07,The Ultimate Fighter: Redemption Finale,Ed Herman vs. CB Dollaway,Chris Lee,28,29,0,-30,-5,-6.800000000000001,0.0
2017-07-07,The Ultimate Fighter: Redemption Finale,Ed Herman vs. CB Dollaway,Jeff Mullen,27,29,0,-30,-5,-6.800000000000001,0.0
2017-07-07,The Ultimate Fighter: Redemption Finale,Ed Herman vs. CB Dollaway,Tony Weeks,27,29,0,-30,-5,-6.800000000000001,0.0
2017-07-07,The Ultimate Fighter: Redemption Finale,Gray Maynard vs. Teruto Ishihara,Derek Cleary,30,26,1,8,11,12.85,0.0
2017-07-07,The Ultimate Fighter: Redemption Finale,Gray Maynard vs. Teruto Ishihara,Junichiro Kamijo,30,26,1,8,11,12.85,0.0
2017-07-07,The Ultimate Fighter: Redemption Finale,Gray Maynard vs. Teruto Ishihara,Tony Weeks,30,26,1,8,11,12.85,0.0
2017-06-25,UFC Fight Night: Chiesa vs. Lee,Felice Herrig vs. Justine Kish,Gerald Ritter,30,26,1,7,2,7.683333333333334,0.0
2017-06-25,UFC Fight Night: Chiesa vs. Lee,Felice Herrig vs. Justine Kish,Brian Puccillo,30,26,1,7,2,7.683333333333334,0.0
2017-06-25,UFC Fight Night: Chiesa vs. Lee,Felice Herrig vs. Justine Kish,Glenn Trowbridge,29,27,1,7,2,7.683333333333334,0.0
2017-06-25,UFC Fight Night: Chiesa vs. Lee,Tim Means vs. Alex Garcia,Glenn Trowbridge,29,28,1,32,0,-0.4666666666666666,0.0
2017-06-25,UFC Fight Night: Chiesa vs. Lee,Tim Means vs. Alex Garcia,Brian Beauchamp,29,28,1,32,0,-0.4666666666666666,0.0
2017-06-25,UFC Fight Night: Chiesa vs. Lee,Tim Means vs. Alex Garcia,David Sutherland,29,28,1,32,0,-0.4666666666666666,0.0
2017-06-25,UFC Fight Night: Chiesa vs. Lee,BJ Penn vs. Dennis Siver,Cardo Urso,28,29,0,-46,0,1.8499999999999999,1.0
2017-06-25,UFC Fight Night: Chiesa vs. Lee,BJ Penn vs. Dennis Siver,Gerald Ritter,27,29,0,-46,0,1.8499999999999999,1.0
2017-06-25,UFC Fight Night: Chiesa vs. Lee,Clay Guida vs. Erik Koch,David Sutherland,29,28,1,25,2,9.283333333333333,0.0
2017-06-25,UFC Fight Night: Chiesa vs. Lee,Clay Guida vs. Erik Koch,Glenn Trowbridge,29,26,1,25,2,9.283333333333333,0.0
2017-06-25,UFC Fight Night: Chiesa vs. Lee,Clay Guida vs. Erik Koch,Brian Puccillo,30,26,1,25,2,9.283333333333333,0.0
2017-06-25,UFC Fight Night: Chiesa vs. Lee,Vitor Miranda vs. Marvin Vettori,Marcos Rosales,28,29,0,-18,-3,-3.5166666666666666,0.0
2017-06-25,UFC Fight Night: Chiesa vs. Lee,Vitor Miranda vs. Marvin Vettori,Cardo Urso,27,30,0,-18,-3,-3.5166666666666666,0.0
2017-06-25,UFC Fight Night: Chiesa vs. Lee,Vitor Miranda vs. Marvin Vettori,Gerald Ritter,27,30,0,-18,-3,-3.5166666666666666,0.0
2017-06-25,UFC Fight Night: Chiesa vs. Lee,Carla Esparza vs. Maryna Moroz,Brian Puccillo,30,27,1,2,6,6.366666666666667,0.0
2017-06-25,UFC Fight Night: Chiesa vs. Lee,Carla Esparza vs. Maryna Moroz,David Sutherland,29,28,1,2,6,6.366666666666667,0.0
2017-06-25,UFC Fight Night: Chiesa vs. Lee,Carla Esparza vs. Maryna Moroz,Glenn Trowbridge,29,28,1,2,6,6.366666666666667,0.0
2017-06-25,UFC Fight Night: Chiesa vs. Lee,Devin Powell vs. Darrell Horcher,Cardo Urso,28,29,0,6,0,-5.366666666666667,0.0
2017-06-25,UFC Fight Night: Chiesa vs. Lee,Devin Powell vs. Darrell Horcher,Marcos Rosales,29,28,1,6,0,-5.366666666666667,0.0
2017-06-25,UFC Fight Night: Chiesa vs. Lee,Devin Powell vs. Darrell Horcher,Gerald Ritter,28,29,0,6,0,-5.366666666666667,0.0
2017-06-25,UFC Fight Night: Chiesa vs. Lee,Anthony Rocco Martin vs. Johnny Case,David Sutherland,29,28,1,-10,1,-0.8500000000000001,0.0
2017-06-25,UFC Fight Night: Chiesa vs. Lee,Anthony Rocco Martin vs. Johnny Case,Glenn Trowbridge,29,28,1,-10,1,-0.8500000000000001,0.0
2017-06-25,UFC Fight Night: Chiesa vs. Lee,Anthony Rocco Martin vs. Johnny Case,Brian Puccillo,29,28,1,-10,1,-0.8500000000000001,0.0
2017-06-17,UFC Fight Night: Holm vs. Correia,Andrei Arlovski vs. Marcin Tybura,Howie Booth,28,29,0,-23,-2,-4.633333333333334,0.0
2017-06-17,UFC Fight Night: Holm vs. Correia,Andrei Arlovski vs. Marcin Tybura,Evan Field,27,28,0,-23,-2,-4.633333333333334,0.0
2017-06-17,UFC Fight Night: Holm vs. Correia,Andrei Arlovski vs. Marcin Tybura,Albert Shen,27,29,0,-23,-2,-4.633333333333334,0.0
2017-06-17,UFC Fight Night: Holm vs. Correia,Dong Hyun Kim vs. Colby Covington,Evan Field,25,30,0,-28,-6,-9.016666666666667,0.0
2017-06-17,UFC Fight Night: Holm vs. Correia,Dong Hyun Kim vs. Colby Covington,Christopher Shen,26,30,0,-28,-6,-9.016666666666667,0.0
2017-06-17,UFC Fight Night: Holm vs. Correia,Dong Hyun Kim vs. Colby Covington,Howie Booth,27,30,0,-28,-6,-9.016666666666667,0.0
2017-06-17,UFC Fight Night: Holm vs. Correia,Tarec Saffiedine vs. Rafael Dos Anjos,Barry Foley,27,30,0,-21,0,0.13333333333333375,0.0
2017-06-17,UFC Fight Night: Holm vs. Correia,Tarec Saffiedine vs. Rafael Dos Anjos,Kon Papaioannou,27,30,0,-21,0,0.13333333333333375,0.0
2017-06-17,UFC Fight Night: Holm vs. Correia,Tarec Saffiedine vs. Rafael Dos Anjos,Albert Shen,28,29,0,-21,0,0.13333333333333375,0.0
2017-06-17,UFC Fight Night: Holm vs. Correia,Li Jingliang vs. Frank Camacho,Evan Field,29,27,1,59,1,0.5666666666666665,0.0
2017-06-17,UFC Fight Night: Holm vs. Correia,Li Jingliang vs. Frank Camacho,Howie Booth,28,27,1,59,1,0.5666666666666665,0.0
2017-06-17,UFC Fight Night: Holm vs. Correia,Li Jingliang vs. Frank Camacho,Albert Shen,29,27,1,59,1,0.5666666666666665,0.0
2017-06-17,UFC Fight Night: Holm vs. Correia,Naoki Inoue vs. Carls John De Tomas,Barry Foley,30,26,1,32,-2,7.35,0.0
2017-06-17,UFC Fight Night: Holm vs. Correia,Naoki Inoue vs. Carls John De Tomas,Kon Papaioannou,30,26,1,32,-2,7.35,0.0
2017-06-17,UFC Fight Night: Holm vs. Correia,Naoki Inoue vs. Carls John De Tomas,Albert Shen,30,26,1,32,-2,7.35,0.0
2017-06-17,UFC Fight Night: Holm vs. Correia,Ji Yeon Kim vs. Lucie Pudilova,Howie Booth,28,29,0,7,0,-3.8666666666666663,0.0
2017-06-17,UFC Fight Night: Holm vs. Correia,Ji Yeon Kim vs. Lucie Pudilova,Anthony Dimitriou,28,29,0,7,0,-3.8666666666666663,0.0
2017-06-17,UFC Fight Night: Holm vs. Correia,Ji Yeon Kim vs. Lucie Pudilova,Evan Field,28,29,0,7,0,-3.8666666666666663,0.0
2017-06-10,UFC Fight Night: Lewis vs. Hunt,Alexander Volkanovski vs. Mizuto Hirota,Ritchie Gerard,30,27,1,41,4,4.916666666666666,1.0
2017-06-10,UFC Fight Night: Lewis vs. Hunt,Alexander Volkanovski vs. Mizuto Hirota,Peter Hickmont,30,27,1,41,4,4.916666666666666,1.0
2017-06-10,UFC Fight Night: Lewis vs. Hunt,Alexander Volkanovski vs. Mizuto Hirota,Mark Rodgers,30,27,1,41,4,4.916666666666666,1.0
2017-06-10,UFC Fight Night: Lewis vs. Hunt,Luke Jumeau vs. Dominique Steele,Howie Booth,29,28,1,-4,-1,-4.0166666666666675,0.0
2017-06-10,UFC Fight Night: Lewis vs. Hunt,Luke Jumeau vs. Dominique Steele,Peter Hickmont,29,28,1,-4,-1,-4.0166666666666675,0.0
2017-06-10,UFC Fight Night: Lewis vs. Hunt,Luke Jumeau vs. Dominique Steele,Cameron Quinn,29,28,1,-4,-1,-4.0166666666666675,0.0
2017-06-10,UFC Fight Night: Lewis vs. Hunt,John Moraga vs. Ashkan Mokhtarian,Barry Foley,30,25,1,44,1,5.633333333333335,0.0
2017-06-10,UFC Fight Night: Lewis vs. Hunt,John Moraga vs. Ashkan Mokhtarian,Luke Hill,30,27,1,44,1,5.633333333333335,0.0
2017-06-10,UFC Fight Night: Lewis vs. Hunt,John Moraga vs. Ashkan Mokhtarian,Mark Rodgers,30,27,1,44,1,5.633333333333335,0.0
2017-06-10,UFC Fight Night: Lewis vs. Hunt,Kiichi Kunimoto vs. Zak Ottow,Peter Hickmont,28,29,0,-12,0,4.65,0.0
2017-06-10,UFC Fight Night: Lewis vs. Hunt,Kiichi Kunimoto vs. Zak Ottow,Luke Hill,29,28,1,-12,0,4.65,0.0
2017-06-10,UFC Fight Night: Lewis vs. Hunt,Kiichi Kunimoto vs. Zak Ottow,Charlie Keech,28,29,0,-12,0,4.65,0.0
2017-06-10,UFC Fight Night: Lewis vs. Hunt,JJ Aldrich vs. Chan-Mi Jeon,Ritchie Gerard,30,27,1,6,0,-0.03333333333333333,0.0
2017-06-10,UFC Fight Night: Lewis vs. Hunt,JJ Aldrich vs. Chan-Mi Jeon,Charlie Keech,30,27,1,6,0,-0.03333333333333333,0.0
2017-06-10,UFC Fight Night: Lewis vs. Hunt,JJ Aldrich vs. Chan-Mi Jeon,Cameron Quinn,30,27,1,6,0,-0.03333333333333333,0.0
2017-06-03,UFC 212: Aldo vs. Holloway,Vitor Belfort vs. Nate Marquardt,Chris Lee,29,28,1,-20,-1,-1.05,0.0
2017-06-03,UFC 212: Aldo vs. Holloway,Vitor Belfort vs. Nate Marquardt,Jeff Mullen,29,28,1,-20,-1,-1.05,0.0
2017-06-03,UFC 212: Aldo vs. Holloway,Vitor Belfort vs. Nate Marquardt,Phillipe Iorio,29,28,1,-20,-1,-1.05,0.0
2017-06-03,UFC 212: Aldo vs. Holloway,Raphael Assuncao vs. Marlon Moraes,Guilherme Bravo,29,28,1,-1,0,0.0,0.0
2017-06-03,UFC 212: Aldo vs. Holloway,Raphael Assuncao vs. Marlon Moraes,Fabio Alves,28,29,0,-1,0,0.0,0.0
2017-06-03,UFC 212: Aldo vs. Holloway,Raphael Assuncao vs. Marlon Moraes,Phillipe Iorio,30,27,1,-1,0,0.0,0.0
2017-06-03,UFC 212: Aldo vs. Holloway,Viviane Pereira vs. Jamie Moyle,Fabio Alves,29,28,1,0,0,1.75,0.0
2017-06-03,UFC 212: Aldo vs. Holloway,Viviane Pereira vs. Jamie Moyle,Jeff Mullen,30,27,1,0,0,1.75,0.0
2017-06-03,UFC 212: Aldo vs. Holloway,Viviane Pereira vs. Jamie Moyle,Derek Cleary,30,27,1,0,0,1.75,0.0
2017-05-28,UFC Fight Night: Gustafsson vs. Teixeira,Abdul Razak Alhassan vs. Omari Akhmedov,Mans Nilsson,27,30,0,-9,-6,-5.6499999999999995,0.0
2017-05-28,UFC Fight Night: Gustafsson vs. Teixeira,Abdul Razak Alhassan vs. Omari Akhmedov,Jorgen Segerlind,29,28,1,-9,-6,-5.6499999999999995,0.0
2017-05-28,UFC Fight Night: Gustafsson vs. Teixeira,Abdul Razak Alhassan vs. Omari Akhmedov,Andy Roberts,27,30,0,-9,-6,-5.6499999999999995,0.0
2017-05-28,UFC Fight Night: Gustafsson vs. Teixeira,Oliver Enkamp vs. Nordine Taleb,Andy Roberts,27,30,0,-23,-1,-3.75,0.0
2017-05-28,UFC Fight Night: Gustafsson vs. Teixeira,Oliver Enkamp vs. Nordine Taleb,Jorgen Segerlind,27,30,0,-23,-1,-3.75,0.0
2017-05-28,UFC Fight Night: Gustafsson vs. Teixeira,Oliver Enkamp vs. Nordine Taleb,Anders Ohlsson,28,29,0,-23,-1,-3.75,0.0
2017-05-28,UFC Fight Night: Gustafsson vs. Teixeira,Pedro Munhoz vs. Damian Stasiak,Anders Ohlsson,30,27,1,21,1,2.25,0.0
2017-05-28,UFC Fight Night: Gustafsson vs. Teixeira,Pedro Munhoz vs. Damian Stasiak,Mans Nilsson,29,27,1,21,1,2.25,0.0
2017-05-28,UFC Fight Night: Gustafsson vs. Teixeira,Pedro Munhoz vs. Damian Stasiak,Andy Roberts,29,28,1,21,1,2.25,0.0
2017-05-28,UFC Fight Night: Gustafsson vs. Teixeira,Trevor Smith vs. Chris Camozzi,Jorgen Segerlind,30,27,1,29,4,13.399999999999999,1.0
2017-05-28,UFC Fight Night: Gustafsson vs. Teixeira,Trevor Smith vs. Chris Camozzi,Ben Cartlidge,30,26,1,29,4,13.399999999999999,1.0
2017-05-28,UFC Fight Night: Gustafsson vs. Teixeira,Trevor Smith vs. Chris Camozzi,Andreas Gruner,30,26,1,29,4,13.399999999999999,1.0
2017-05-28,UFC Fight Night: Gustafsson vs. Teixeira,Reza Madadi vs. Joaquim Silva,Mans Nilsson,28,29,0,-14,5,3.5666666666666673,0.0
2017-05-28,UFC Fight Night: Gustafsson vs. Teixeira,Reza Madadi vs. Joaquim Silva,Andreas Gruner,29,28,1,-14,5,3.5666666666666673,0.0
2017-05-28,UFC Fight Night: Gustafsson vs. Teixeira,Reza Madadi vs. Joaquim Silva,Andy Roberts,28,29,0,-14,5,3.5666666666666673,0.0
2017-05-28,UFC Fight Night: Gustafsson vs. Teixeira,Darren Till vs. Jessin Ayari,Ben Cartlidge,30,27,1,3,2,2.1833333333333336,1.0
2017-05-28,UFC Fight Night: Gustafsson vs. Teixeira,Darren Till vs. Jessin Ayari,Anders Ohlsson,30,27,1,3,2,2.1833333333333336,1.0
2017-05-28,UFC Fight Night: Gustafsson vs. Teixeira,Darren Till vs. Jessin Ayari,Mans Nilsson,29,27,1,3,2,2.1833333333333336,1.0
2017-05-13,UFC 211: Miocic vs. Dos Santos,Joanna Jedrzejczyk vs. Jessica Andrade,Jeff Mullen,50,45,1,142,-2,-3.2333333333333334,0.0
2017-05-13,UFC 211: Miocic vs. Dos Santos,Joanna Jedrzejczyk vs. Jessica Andrade,Sal D'Amato,50,44,1,142,-2,-3.2333333333333334,0.0
2017-05-13,UFC 211: Miocic vs. Dos Santos,Joanna Jedrzejczyk vs. Jessica Andrade,Troy Wincapaw,50,45,1,142,-2,-3.2333333333333334,0.0
2017-05-13,UFC 211: Miocic vs. Dos Santos,Demian Maia vs. Jorge Masvidal,Jeff Mullen,29,28,1,-16,4,8.0,0.0
2017-05-13,UFC 211: Miocic vs. Dos Santos,Demian Maia vs. Jorge Masvidal,Aladin Martinez,28,29,0,-16,4,8.0,0.0
2017-05-13,UFC 211: Miocic vs. Dos Santos,Demian Maia vs. Jorge Masvidal,Sal D'Amato,29,28,1,-16,4,8.0,0.0
2017-05-13,UFC 211: Miocic vs. Dos Santos,Krzysztof Jotko vs. David Branch,Jeff Mullen,28,29,0,-11,-1,-4.233333333333333,0.0
2017-05-13,UFC 211: Miocic vs. Dos Santos,Krzysztof Jotko vs. David Branch,Chris Reed,29,28,1,-11,-1,-4.233333333333333,0.0
2017-05-13,UFC 211: Miocic vs. Dos Santos,Krzysztof Jotko vs. David Branch,Troy Wincapaw,28,29,0,-11,-1,-4.233333333333333,0.0
2017-05-13,UFC 211: Miocic vs. Dos Santos,Jessica Aguilar vs. Cortney Casey,Dan Mathisen,27,30,0,-46,4,5.116666666666667,0.0
2017-05-13,UFC 211: Miocic vs. Dos Santos,Jessica Aguilar vs. Cortney Casey,Chris Reed,27,30,0,-46,4,5.116666666666667,0.0
2017-05-13,UFC 211: Miocic vs. Dos Santos,Jessica Aguilar vs. Cortney Casey,Aladin Martinez,27,30,0,-46,4,5.116666666666667,0.0
2017-05-13,UFC 211: Miocic vs. Dos Santos,Gabriel Benitez vs. Enrique Barzola,Dan Mathisen,28,29,0,5,-9,-5.783333333333333,0.0
2017-05-13,UFC 211: Miocic vs. Dos Santos,Gabriel Benitez vs. Enrique Barzola,Chris Reed,28,29,0,5,-9,-5.783333333333333,0.0
2017-05-13,UFC 211: Miocic vs. Dos Santos,Gabriel Benitez vs. Enrique Barzola,Aladin Martinez,28,29,0,5,-9,-5.783333333333333,0.0
2017-04-22,UFC Fight Night: Swanson vs. Lobov,Cub Swanson vs. Artem Lobov,Derek Cleary,49,46,1,86,0,0.5833333333333335,0.0
2017-04-22,UFC Fight Night: Swanson vs. Lobov,Cub Swanson vs. Artem Lobov,Chris Lee,49,46,1,86,0,0.5833333333333335,0.0
2017-04-22,UFC Fight Night: Swanson vs. Lobov,Cub Swanson vs. Artem Lobov,Jeff Mullen,50,45,1,86,0,0.5833333333333335,0.0
2017-04-22,UFC Fight Night: Swanson vs. Lobov,John Dodson vs. Eddie Wineland,Anthony Maness,29,28,1,27,0,0.0,0.0
2017-04-22,UFC Fight Night: Swanson vs. Lobov,John Dodson vs. Eddie Wineland,Roy Silbert,30,27,1,27,0,0.0,0.0
2017-04-22,UFC Fight Night: Swanson vs. Lobov,John Dodson vs. Eddie Wineland,Eric Colon,30,27,1,27,0,0.0,0.0
2017-04-22,UFC Fight Night: Swanson vs. Lobov,Joe Lauzon vs. Stevie Ray,Chris Lee,27,28,0,-63,5,7.616666666666666,0.0
2017-04-22,UFC Fight Night: Swanson vs. Lobov,Joe Lauzon vs. Stevie Ray,Jeff Mullen,27,29,0,-63,5,7.616666666666666,0.0
2017-04-22,UFC Fight Night: Swanson vs. Lobov,Thales Leites vs. Sam Alvey,Chris Lee,30,27,1,11,1,1.2666666666666666,0.0
2017-04-22,UFC Fight Night: Swanson vs. Lobov,Thales Leites vs. Sam Alvey,Dave Tirelli,30,27,1,11,1,1.2666666666666666,0.0
2017-04-22,UFC Fight Night: Swanson vs. Lobov,Thales Leites vs. Sam Alvey,Anthony Maness,30,27,1,11,1,1.2666666666666666,0.0
2017-04-22,UFC Fight Night: Swanson vs. Lobov,Scott Holtzman vs. Michael McBride,Derek Cleary,30,27,1,21,-1,5.816666666666666,1.0
2017-04-22,UFC Fight Night: Swanson vs. Lobov,Scott Holtzman vs. Michael McBride,Dave Tirelli,30,27,1,21,-1,5.816666666666666,1.0
2017-04-22,UFC Fight Night: Swanson vs. Lobov,Scott Holtzman vs. Michael McBride,Chris Lee,30,26,1,21,-1,5.816666666666666,1.0
2017-04-22,UFC Fight Night: Swanson vs. Lobov,Jessica Penne vs. Danielle Taylor,Eric Colon,28,29,0,-3,1,0.48333333333333334,0.0
2017-04-22,UFC Fight Night: Swanson vs. Lobov,Jessica Penne vs. Danielle Taylor,Jeff Mullen,28,29,0,-3,1,0.48333333333333334,0.0
2017-04-22,UFC Fight Night: Swanson vs. Lobov,Jessica Penne vs. Danielle Taylor,Roy Silbert,28,29,0,-3,1,0.48333333333333334,0.0
2017-04-22,UFC Fight Night: Swanson vs. Lobov,Alexis Davis vs. Cindy Dandois,Chris Lee,29,28,1,4,-5,-3.916666666666667,0.0
2017-04-22,UFC Fight Night: Swanson vs. Lobov,Alexis Davis vs. Cindy Dandois,Jeff Mullen,29,28,1,4,-5,-3.916666666666667,0.0
2017-04-22,UFC Fight Night: Swanson vs. Lobov,Alexis Davis vs. Cindy Dandois,Roy Silbert,29,28,1,4,-5,-3.916666666666667,0.0
2017-04-15,UFC on FOX: Johnson vs. Reis,Jeremy Stephens vs. Renato Moicano,Tony Weeks,28,29,0,-14,-2,-2.25,0.0
2017-04-15,UFC on FOX: Johnson vs. Reis,Jeremy Stephens vs. Renato Moicano,Marcos Rosales,29,28,1,-14,-2,-2.25,0.0
2017-04-15,UFC on FOX: Johnson vs. Reis,Jeremy Stephens vs. Renato Moicano,Brian Puccillo,28,29,0,-14,-2,-2.25,0.0
2017-04-15,UFC on FOX: Johnson vs. Reis,Alexander Volkov vs. Roy Nelson,Henry Guery,30,27,1,90,-1,-4.1499999999999995,0.0
2017-04-15,UFC on FOX: Johnson vs. Reis,Alexander Volkov vs. Roy Nelson,Rob Francis,30,27,1,90,-1,-4.1499999999999995,0.0
2017-04-15,UFC on FOX: Johnson vs. Reis,Alexander Volkov vs. Roy Nelson,Sal D'Amato,30,27,1,90,-1,-4.1499999999999995,0.0
2017-04-15,UFC on FOX: Johnson vs. Reis,King Green vs. Rashid Magomedov,Brian Puccillo,28,29,0,0,0,2.4833333333333334,0.0
2017-04-15,UFC on FOX: Johnson vs. Reis,King Green vs. Rashid Magomedov,Rob Francis,29,28,1,0,0,2.4833333333333334,0.0
2017-04-15,UFC on FOX: Johnson vs. Reis,King Green vs. Rashid Magomedov,Cardo Urso,28,29,0,0,0,2.4833333333333334,0.0
2017-04-15,UFC on FOX: Johnson vs. Reis,Louis Smolka vs. Tim Elliott,Marcos Rosales,27,30,0,-16,-11,-5.383333333333334,0.0
2017-04-15,UFC on FOX: Johnson vs. Reis,Louis Smolka vs. Tim Elliott,Henry Guery,27,30,0,-16,-11,-5.383333333333334,0.0
2017-04-15,UFC on FOX: Johnson vs. Reis,Louis Smolka vs. Tim Elliott,Tony Weeks,27,30,0,-16,-11,-5.383333333333334,0.0
2017-04-15,UFC on FOX: Johnson vs. Reis,Aljamain Sterling vs. Augusto Mendes,Cardo Urso,29,28,1,53,2,2.783333333333333,-1.0
2017-04-15,UFC on FOX: Johnson vs. Reis,Aljamain Sterling vs. Augusto Mendes,Sal D'Amato,29,28,1,53,2,2.783333333333333,-1.0
2017-04-15,UFC on FOX: Johnson vs. Reis,Aljamain Sterling vs. Augusto Mendes,Marcos Rosales,29,28,1,53,2,2.783333333333333,-1.0
2017-04-15,UFC on FOX: Johnson vs. Reis,Devin Clark vs. Jake Collier,Rob Francis,30,27,1,32,4,5.55,0.0
2017-04-15,UFC on FOX: Johnson vs. Reis,Devin Clark vs. Jake Collier,Cardo Urso,30,27,1,32,4,5.55,0.0
2017-04-15,UFC on FOX: Johnson vs. Reis,Devin Clark vs. Jake Collier,Sal D'Amato,30,26,1,32,4,5.55,0.0
2017-04-08,UFC 210: Cormier vs. Johnson 2,Thiago Alves vs. Patrick Cote,Jeff Mullen,30,27,1,35,1,2.166666666666667,2.0
2017-04-08,UFC 210: Cormier vs. Johnson 2,Thiago Alves vs. Patrick Cote,Sal D'Amato,30,27,1,35,1,2.166666666666667,2.0
2017-04-08,UFC 210: Cormier vs. Johnson 2,Thiago Alves vs. Patrick Cote,Derek Cleary,30,27,1,35,1,2.166666666666667,2.0
2017-04-08,UFC 210: Cormier vs. Johnson 2,Kamaru Usman vs. Sean Strickland,Sal D'Amato,30,27,1,63,2,8.133333333333333,1.0
2017-04-08,UFC 210: Cormier vs. Johnson 2,Kamaru Usman vs. Sean Strickland,Jeff Mullen,30,26,1,63,2,8.133333333333333,1.0
2017-04-08,UFC 210: Cormier vs. Johnson 2,Kamaru Usman vs. Sean Strickland,Dave Tirelli,30,26,1,63,2,8.133333333333333,1.0
2017-04-08,UFC 210: Cormier vs. Johnson 2,Patrick Cummins vs. Jan Blachowicz,Derek Cleary,29,28,1,20,2,6.466666666666667,-1.0
2017-04-08,UFC 210: Cormier vs. Johnson 2,Patrick Cummins vs. Jan Blachowicz,Sal D'Amato,29,28,1,20,2,6.466666666666667,-1.0
2017-04-08,UFC 210: Cormier vs. Johnson 2,Josh Emmett vs. Desmond Green,Eric Colon,29,28,1,-16,-1,-0.5666666666666667,0.0
2017-04-08,UFC 210: Cormier vs. Johnson 2,Josh Emmett vs. Desmond Green,Doug Crosby,28,29,0,-16,-1,-0.5666666666666667,0.0
2017-04-08,UFC 210: Cormier vs. Johnson 2,Josh Emmett vs. Desmond Green,Sal D'Amato,27,30,0,-16,-1,-0.5666666666666667,0.0
2017-04-08,UFC 210: Cormier vs. Johnson 2,Katlyn Cerminara vs. Irene Aldana,Jeff Mullen,29,28,1,21,0,0.2833333333333333,0.0
2017-04-08,UFC 210: Cormier vs. Johnson 2,Katlyn Cerminara vs. Irene Aldana,Eric Colon,29,28,1,21,0,0.2833333333333333,0.0
2017-04-08,UFC 210: Cormier vs. Johnson 2,Katlyn Cerminara vs. Irene Aldana,Derek Cleary,28,29,0,21,0,0.2833333333333333,0.0
2017-04-08,UFC 210: Cormier vs. Johnson 2,Jenel Lausa vs. Bibulatov Magomed,Jeff Mullen,26,29,0,-41,-2,-7.25,0.0
2017-04-08,UFC 210: Cormier vs. Johnson 2,Jenel Lausa vs. Bibulatov Magomed,Eric Colon,26,29,0,-41,-2,-7.25,0.0
2017-04-08,UFC 210: Cormier vs. Johnson 2,Jenel Lausa vs. Bibulatov Magomed,Derek Cleary,26,29,0,-41,-2,-7.25,0.0
2017-03-18,UFC Fight Night: Manuwa vs. Anderson,Arnold Allen vs. Makwan Amirkhani,Howard Hughes,28,29,0,15,-1,8.881784197001252e-16,0.0
2017-03-18,UFC Fight Night: Manuwa vs. Anderson,Arnold Allen vs. Makwan Amirkhani,Mark Collett,30,27,1,15,-1,8.881784197001252e-16,0.0
2017-03-18,UFC Fight Night: Manuwa vs. Anderson,Arnold Allen vs. Makwan Amirkhani,Paul Sutherland,30,27,1,15,-1,8.881784197001252e-16,0.0
2017-03-18,UFC Fight Night: Manuwa vs. Anderson,Joe Duffy vs. Reza Madadi,Ben Cartlidge,30,27,1,23,-2,3.433333333333333,0.0
2017-03-18,UFC Fight Night: Manuwa vs. Anderson,Joe Duffy vs. Reza Madadi,Pawel Harasim,30,27,1,23,-2,3.433333333333333,0.0
2017-03-18,UFC Fight Night: Manuwa vs. Anderson,Joe Duffy vs. Reza Madadi,Takeo Kobayashi,30,27,1,23,-2,3.433333333333333,0.0
2017-03-18,UFC Fight Night: Manuwa vs. Anderson,Darren Stewart vs. Francimar Barroso,Mark Collett,28,29,0,3,-6,1.3166666666666669,0.0
2017-03-18,UFC Fight Night: Manuwa vs. Anderson,Darren Stewart vs. Francimar Barroso,Howard Hughes,28,29,0,3,-6,1.3166666666666669,0.0
2017-03-18,UFC Fight Night: Manuwa vs. Anderson,Darren Stewart vs. Francimar Barroso,Andy Roberts,28,29,0,3,-6,1.3166666666666669,0.0
2017-03-18,UFC Fight Night: Manuwa vs. Anderson,Daniel Omielanczuk vs. Timothy Johnson,Pawel Harasim,29,28,1,2,-1,-8.116666666666665,0.0
2017-03-18,UFC Fight Night: Manuwa vs. Anderson,Daniel Omielanczuk vs. Timothy Johnson,Ben Cartlidge,27,30,0,2,-1,-8.116666666666665,0.0
2017-03-18,UFC Fight Night: Manuwa vs. Anderson,Daniel Omielanczuk vs. Timothy Johnson,Takeo Kobayashi,28,29,0,2,-1,-8.116666666666665,0.0
2017-03-18,UFC Fight Night: Manuwa vs. Anderson,Leon Edwards vs. Vicente Luque,Mark Collett,29,28,1,29,1,-0.14999999999999947,0.0
2017-03-18,UFC Fight Night: Manuwa vs. Anderson,Leon Edwards vs. Vicente Luque,Andy Roberts,29,28,1,29,1,-0.14999999999999947,0.0
2017-03-18,UFC Fight Night: Manuwa vs. Anderson,Leon Edwards vs. Vicente Luque,Paul Sutherland,29,28,1,29,1,-0.14999999999999947,0.0
2017-03-18,UFC Fight Night: Manuwa vs. Anderson,Brad Scott vs. Scott Askham,Andy Roberts,28,29,0,-14,-1,0.8166666666666667,1.0
2017-03-18,UFC Fight Night: Manuwa vs. Anderson,Brad Scott vs. Scott Askham,Ben Cartlidge,29,28,1,-14,-1,0.8166666666666667,1.0
2017-03-18,UFC Fight Night: Manuwa vs. Anderson,Brad Scott vs. Scott Askham,Takeo Kobayashi,29,28,1,-14,-1,0.8166666666666667,1.0
2017-03-18,UFC Fight Night: Manuwa vs. Anderson,Lina Lansberg vs. Lucie Pudilova,Mark Collett,29,28,1,-19,1,4.75,0.0
2017-03-18,UFC Fight Night: Manuwa vs. Anderson,Lina Lansberg vs. Lucie Pudilova,Howard Hughes,29,28,1,-19,1,4.75,0.0
2017-03-18,UFC Fight Night: Manuwa vs. Anderson,Lina Lansberg vs. Lucie Pudilova,Paul Sutherland,29,28,1,-19,1,4.75,0.0
2017-03-11,UFC Fight Night: Belfort vs. Gastelum,Jussier Formiga vs. Ray Borg,Fabio Alves,28,29,0,-6,0,-0.983333333333333,0.0
2017-03-11,UFC Fight Night: Belfort vs. Gastelum,Jussier Formiga vs. Ray Borg,Tony Weeks,28,29,0,-6,0,-0.983333333333333,0.0
2017-03-11,UFC Fight Night: Belfort vs. Gastelum,Jussier Formiga vs. Ray Borg,Sal D'Amato,28,29,0,-6,0,-0.983333333333333,0.0
2017-03-11,UFC Fight Night: Belfort vs. Gastelum,Sergio Moraes vs. Davi Ramos,Tony Weeks,30,27,1,4,0,0.0,0.0
2017-03-11,UFC Fight Night: Belfort vs. Gastelum,Sergio Moraes vs. Davi Ramos,Guilherme Bravo,30,27,1,4,0,0.0,0.0
2017-03-11,UFC Fight Night: Belfort vs. Gastelum,Sergio Moraes vs. Davi Ramos,Marco Borges,30,27,1,4,0,0.0,0.0
2017-03-11,UFC Fight Night: Belfort vs. Gastelum,Rani Yahya vs. Joe Soto,Tony Weeks,28,29,0,5,0,-3.783333333333333,0.0
2017-03-11,UFC Fight Night: Belfort vs. Gastelum,Rani Yahya vs. Joe Soto,Fabio Alves,27,29,0,5,0,-3.783333333333333,0.0
2017-03-11,UFC Fight Night: Belfort vs. Gastelum,Rani Yahya vs. Joe Soto,Sal D'Amato,27,29,0,5,0,-3.783333333333333,0.0
2017-03-11,UFC Fight Night: Belfort vs. Gastelum,Rony Jason vs. Jeremy Kennedy,Marco Borges,28,29,0,-28,-8,-2.7499999999999996,1.0
2017-03-11,UFC Fight Night: Belfort vs. Gastelum,Rony Jason vs. Jeremy Kennedy,Sal D'Amato,28,29,0,-28,-8,-2.7499999999999996,1.0
2017-03-11,UFC Fight Night: Belfort vs. Gastelum,Rony Jason vs. Jeremy Kennedy,Fabio Alves,27,29,0,-28,-8,-2.7499999999999996,1.0
2017-03-04,UFC 209: Woodley vs. Thompson 2,Tyron Woodley vs. Stephen Thompson,Derek Cleary,48,47,1,1,1,1.6500000000000001,1.0
2017-03-04,UFC 209: Woodley vs. Thompson 2,Tyron Woodley vs. Stephen Thompson,Chris Lee,48,47,1,1,1,1.6500000000000001,1.0
2017-03-04,UFC 209: Woodley vs. Thompson 2,Lando Vannata vs. David Teymur,Junichiro Kamijo,27,30,0,-14,-1,-0.7166666666666667,0.0
2017-03-04,UFC 209: Woodley vs. Thompson 2,Lando Vannata vs. David Teymur,Marcos Rosales,27,30,0,-14,-1,-0.7166666666666667,0.0
2017-03-04,UFC 209: Woodley vs. Thompson 2,Lando Vannata vs. David Teymur,Jeff Mullen,27,30,0,-14,-1,-0.7166666666666667,0.0
2017-03-04,UFC 209: Woodley vs. Thompson 2,Rashad Evans vs. Daniel Kelly,Dave Hagen,28,29,0,-21,1,-0.04999999999999999,0.0
2017-03-04,UFC 209: Woodley vs. Thompson 2,Rashad Evans vs. Daniel Kelly,Chris Lee,29,28,1,-21,1,-0.04999999999999999,0.0
2017-03-04,UFC 209: Woodley vs. Thompson 2,Rashad Evans vs. Daniel Kelly,Derek Cleary,28,29,0,-21,1,-0.04999999999999999,0.0
2017-03-04,UFC 209: Woodley vs. Thompson 2,Mark Godbeer vs. Daniel Spitz,Dave Hagen,30,27,1,41,-1,0.16666666666666674,0.0
2017-03-04,UFC 209: Woodley vs. Thompson 2,Mark Godbeer vs. Daniel Spitz,Jeff Mullen,30,27,1,41,-1,0.16666666666666674,0.0
2017-03-04,UFC 209: Woodley vs. Thompson 2,Mark Godbeer vs. Daniel Spitz,Patricia Morse-Jarman,30,27,1,41,-1,0.16666666666666674,0.0
2017-03-04,UFC 209: Woodley vs. Thompson 2,Albert Morales vs. Andre Soukhamthath,Dave Hagen,29,28,1,10,1,2.4000000000000004,0.0
2017-03-04,UFC 209: Woodley vs. Thompson 2,Albert Morales vs. Andre Soukhamthath,Patricia Morse-Jarman,28,29,0,10,1,2.4000000000000004,0.0
2017-03-04,UFC 209: Woodley vs. Thompson 2,Albert Morales vs. Andre Soukhamthath,Sal D'Amato,29,28,1,10,1,2.4000000000000004,0.0
2017-02-19,UFC Fight Night: Lewis vs. Browne,Johny Hendricks vs. Hector Lombard,Hubert Earle,30,27,1,14,-2,-2.033333333333333,0.0
2017-02-19,UFC Fight Night: Lewis vs. Browne,Johny Hendricks vs. Hector Lombard,Robert MacAvoy,30,27,1,14,-2,-2.033333333333333,0.0
2017-02-19,UFC Fight Night: Lewis vs. Browne,Johny Hendricks vs. Hector Lombard,Don Robinson,29,28,1,14,-2,-2.033333333333333,0.0
2017-02-19,UFC Fight Night: Lewis vs. Browne,Sam Sicilia vs. Gavin Tucker,Ian Bridgeman,27,30,0,-45,-1,0.18333333333333335,0.0
2017-02-19,UFC Fight Night: Lewis vs. Browne,Sam Sicilia vs. Gavin Tucker,Sal D'Amato,27,30,0,-45,-1,0.18333333333333335,0.0
2017-02-19,UFC Fight Night: Lewis vs. Browne,Sam Sicilia vs. Gavin Tucker,Craig Smith,27,30,0,-45,-1,0.18333333333333335,0.0
2017-02-19,UFC Fight Night: Lewis vs. Browne,Elias Theodorou vs. Cezar Ferreira,Robert MacAvoy,30,27,1,27,-2,0.8833333333333333,0.0
2017-02-19,UFC Fight Night: Lewis vs. Browne,Elias Theodorou vs. Cezar Ferreira,Don Robinson,29,28,1,27,-2,0.8833333333333333,0.0
2017-02-19,UFC Fight Night: Lewis vs. Browne,Elias Theodorou vs. Cezar Ferreira,Craig Smith,29,28,1,27,-2,0.8833333333333333,0.0
2017-02-19,UFC Fight Night: Lewis vs. Browne,Nordine Taleb vs. Santiago Ponzinibbio,Ian Bridgeman,28,29,0,-5,0,-1.9666666666666668,-1.0
2017-02-19,UFC Fight Night: Lewis vs. Browne,Nordine Taleb vs. Santiago Ponzinibbio,Sal D'Amato,28,29,0,-5,0,-1.9666666666666668,-1.0
2017-02-19,UFC Fight Night: Lewis vs. Browne,Nordine Taleb vs. Santiago Ponzinibbio,Craig Smith,28,29,0,-5,0,-1.9666666666666668,-1.0
2017-02-19,UFC Fight Night: Lewis vs. Browne,Carla Esparza vs. Randa Markos,Robert MacAvoy,29,28,1,-16,4,2.45,0.0
2017-02-19,UFC Fight Night: Lewis vs. Browne,Carla Esparza vs. Randa Markos,Hubert Earle,28,29,0,-16,4,2.45,0.0
2017-02-19,UFC Fight Night: Lewis vs. Browne,Carla Esparza vs. Randa Markos,Don Robinson,28,29,0,-16,4,2.45,0.0
2017-02-19,UFC Fight Night: Lewis vs. Browne,Aiemann Zahabi vs. Reginaldo Vieira,Robert MacAvoy,30,27,1,-20,-2,-2.1999999999999997,1.0
2017-02-19,UFC Fight Night: Lewis vs. Browne,Aiemann Zahabi vs. Reginaldo Vieira,Ian Bridgeman,29,28,1,-20,-2,-2.1999999999999997,1.0
2017-02-19,UFC Fight Night: Lewis vs. Browne,Aiemann Zahabi vs. Reginaldo Vieira,Sal D'Amato,29,28,1,-20,-2,-2.1999999999999997,1.0
2017-02-11,UFC 208: Holm vs. De Randamie,Holly Holm vs. Germaine de Randamie,Chris Lee,47,48,0,-3,0,7.649999999999999,0.0
2017-02-11,UFC 208: Holm vs. De Randamie,Holly Holm vs. Germaine de Randamie,Sal D'Amato,47,48,0,-3,0,7.649999999999999,0.0
2017-02-11,UFC 208: Holm vs. De Randamie,Holly Holm vs. Germaine de Randamie,Jeff Mullen,47,48,0,-3,0,7.649999999999999,0.0
2017-02-11,UFC 208: Holm vs. De Randamie,Anderson Silva vs. Derek Brunson,Doug Crosby,29,28,1,-11,-2,-3.8,0.0
2017-02-11,UFC 208: Holm vs. De Randamie,Anderson Silva vs. Derek Brunson,Derek Cleary,29,28,1,-11,-2,-3.8,0.0
2017-02-11,UFC 208: Holm vs. De Randamie,Anderson Silva vs. Derek Brunson,Eric Colon,30,27,1,-11,-2,-3.8,0.0
2017-02-11,UFC 208: Holm vs. De Randamie,Glover Teixeira vs. Jared Cannonier,Chris Lee,30,26,1,3,3,10.450000000000001,0.0
2017-02-11,UFC 208: Holm vs. De Randamie,Glover Teixeira vs. Jared Cannonier,Sal D'Amato,30,26,1,3,3,10.450000000000001,0.0
2017-02-11,UFC 208: Holm vs. De Randamie,Glover Teixeira vs. Jared Cannonier,Derek Cleary,30,26,1,3,3,10.450000000000001,0.0
2017-02-11,UFC 208: Holm vs. De Randamie,Dustin Poirier vs. Jim Miller,Chris Lee,30,27,1,26,2,2.6,0.0
2017-02-11,UFC 208: Holm vs. De Randamie,Dustin Poirier vs. Jim Miller,Derek Cleary,29,28,1,26,2,2.6,0.0
2017-02-11,UFC 208: Holm vs. De Randamie,Randy Brown vs. Belal Muhammad,Doug Crosby,27,30,0,-19,-2,-5.433333333333334,0.0
2017-02-11,UFC 208: Holm vs. De Randamie,Randy Brown vs. Belal Muhammad,Sal D'Amato,27,30,0,-19,-2,-5.433333333333334,0.0
2017-02-11,UFC 208: Holm vs. De Randamie,Randy Brown vs. Belal Muhammad,Jeff Mullen,28,29,0,-19,-2,-5.433333333333334,0.0
2017-02-11,UFC 208: Holm vs. De Randamie,Wilson Reis vs. Yuta Sasaki,Derek Cleary,29,28,1,0,6,7.616666666666667,0.0
2017-02-11,UFC 208: Holm vs. De Randamie,Wilson Reis vs. Yuta Sasaki,Sal D'Amato,29,28,1,0,6,7.616666666666667,0.0
2017-02-11,UFC 208: Holm vs. De Randamie,Wilson Reis vs. Yuta Sasaki,Jeff Mullen,29,28,1,0,6,7.616666666666667,0.0
2017-02-11,UFC 208: Holm vs. De Randamie,Nik Lentz vs. Islam Makhachev,Chris Lee,25,30,0,-30,-5,-11.383333333333333,0.0
2017-02-11,UFC 208: Holm vs. De Randamie,Nik Lentz vs. Islam Makhachev,Eric Colon,25,30,0,-30,-5,-11.383333333333333,0.0
2017-02-11,UFC 208: Holm vs. De Randamie,Nik Lentz vs. Islam Makhachev,Doug Crosby,27,30,0,-30,-5,-11.383333333333333,0.0
2017-02-11,UFC 208: Holm vs. De Randamie,Ricky Glenn vs. Phillipe Nover,Doug Crosby,27,30,0,2,0,4.566666666666666,0.0
2017-02-11,UFC 208: Holm vs. De Randamie,Ricky Glenn vs. Phillipe Nover,Sal D'Amato,29,28,1,2,0,4.566666666666666,0.0
2017-02-11,UFC 208: Holm vs. De Randamie,Ricky Glenn vs. Phillipe Nover,Derek Cleary,29,28,1,2,0,4.566666666666666,0.0
2017-02-11,UFC 208: Holm vs. De Randamie,Ryan LaFlare vs. Roan Carneiro,Jeff Mullen,30,26,1,10,1,3.2833333333333328,1.0
2017-02-11,UFC 208: Holm vs. De Randamie,Ryan LaFlare vs. Roan Carneiro,Eric Colon,30,27,1,10,1,3.2833333333333328,1.0
2017-02-11,UFC 208: Holm vs. De Randamie,Ryan LaFlare vs. Roan Carneiro,Chris Lee,29,28,1,10,1,3.2833333333333328,1.0
2017-02-04,UFC Fight Night: Bermudez vs. The Korean Zombie,Alexa Grasso vs. Felice Herrig,Kevin Hancock,28,29,0,20,-2,-0.38333333333333336,0.0
2017-02-04,UFC Fight Night: Bermudez vs. The Korean Zombie,Alexa Grasso vs. Felice Herrig,Jeff Mullen,28,29,0,20,-2,-0.38333333333333336,0.0
2017-02-04,UFC Fight Night: Bermudez vs. The Korean Zombie,Alexa Grasso vs. Felice Herrig,Patrick Patlan,27,30,0,20,-2,-0.38333333333333336,0.0
2017-02-04,UFC Fight Night: Bermudez vs. The Korean Zombie,Ovince Saint Preux vs. Volkan Oezdemir,Joe Soliz,28,29,0,-6,0,-0.75,0.0
2017-02-04,UFC Fight Night: Bermudez vs. The Korean Zombie,Ovince Saint Preux vs. Volkan Oezdemir,Sal D'Amato,29,28,1,-6,0,-0.75,0.0
2017-02-04,UFC Fight Night: Bermudez vs. The Korean Zombie,Ovince Saint Preux vs. Volkan Oezdemir,Joshua Ferraro,28,29,0,-6,0,-0.75,0.0
2017-02-04,UFC Fight Night: Bermudez vs. The Korean Zombie,Jessica Andrade vs. Angela Hill,Sal D'Amato,30,27,1,42,2,1.4666666666666666,-1.0
2017-02-04,UFC Fight Night: Bermudez vs. The Korean Zombie,Jessica Andrade vs. Angela Hill,Jeff Mullen,30,27,1,42,2,1.4666666666666666,-1.0
2017-02-04,UFC Fight Night: Bermudez vs. The Korean Zombie,Jessica Andrade vs. Angela Hill,Patrick Patlan,30,27,1,42,2,1.4666666666666666,-1.0
2017-02-04,UFC Fight Night: Bermudez vs. The Korean Zombie,Ricardo Ramos vs. Michinori Tanaka,Danny De Alejandro,29,28,1,17,-2,-1.8166666666666664,1.0
2017-02-04,UFC Fight Night: Bermudez vs. The Korean Zombie,Ricardo Ramos vs. Michinori Tanaka,Joe Soliz,30,27,1,17,-2,-1.8166666666666664,1.0
2017-02-04,UFC Fight Night: Bermudez vs. The Korean Zombie,Ricardo Ramos vs. Michinori Tanaka,Joshua Ferraro,29,28,1,17,-2,-1.8166666666666664,1.0
2017-02-04,UFC Fight Night: Bermudez vs. The Korean Zombie,Tecia Pennington vs. Bec Rawlings,Kevin Hancock,30,27,1,44,0,2.3333333333333335,0.0
2017-02-04,UFC Fight Night: Bermudez vs. The Korean Zombie,Tecia Pennington vs. Bec Rawlings,Jeff Mullen,30,27,1,44,0,2.3333333333333335,0.0
2017-02-04,UFC Fight Night: Bermudez vs. The Korean Zombie,Tecia Pennington vs. Bec Rawlings,Joshua Ferraro,30,27,1,44,0,2.3333333333333335,0.0
2017-01-28,UFC on FOX: Shevchenko vs. Pena,Nate Marquardt vs. Sam Alvey,Sal D'Amato,28,29,0,-8,1,-0.1499999999999999,0.0
2017-01-28,UFC on FOX: Shevchenko vs. Pena,Nate Marquardt vs. Sam Alvey,Jeff Mullen,28,29,0,-8,1,-0.1499999999999999,0.0
2017-01-28,UFC on FOX: Shevchenko vs. Pena,Nate Marquardt vs. Sam Alvey,Ron Mann,28,29,0,-8,1,-0.1499999999999999,0.0
2017-01-28,UFC on FOX: Shevchenko vs. Pena,Raphael Assuncao vs. Aljamain Sterling,Hale Hilsabeck,29,28,1,-13,0,-0.03333333333333333,0.0
2017-01-28,UFC on FOX: Shevchenko vs. Pena,Raphael Assuncao vs. Aljamain Sterling,Ben Ramirez,28,29,0,-13,0,-0.03333333333333333,0.0
2017-01-28,UFC on FOX: Shevchenko vs. Pena,Raphael Assuncao vs. Aljamain Sterling,Ron Mann,29,28,1,-13,0,-0.03333333333333333,0.0
2017-01-28,UFC on FOX: Shevchenko vs. Pena,Henrique da Silva vs. Jordan Johnson,Joe Garcia,27,30,0,-17,-4,-9.35,0.0
2017-01-28,UFC on FOX: Shevchenko vs. Pena,Henrique da Silva vs. Jordan Johnson,Ron Mann,27,30,0,-17,-4,-9.35,0.0
2017-01-28,UFC on FOX: Shevchenko vs. Pena,Henrique da Silva vs. Jordan Johnson,Ben Ramirez,27,30,0,-17,-4,-9.35,0.0
2017-01-28,UFC on FOX: Shevchenko vs. Pena,Alexandre Pantoja vs. Eric Shelton,Joe Garcia,29,28,1,5,-3,0.9333333333333336,0.0
2017-01-28,UFC on FOX: Shevchenko vs. Pena,Alexandre Pantoja vs. Eric Shelton,Ron Mann,28,29,0,5,-3,0.9333333333333336,0.0
2017-01-28,UFC on FOX: Shevchenko vs. Pena,Alexandre Pantoja vs. Eric Shelton,Ben Ramirez,29,28,1,5,-3,0.9333333333333336,0.0
2017-01-15,UFC Fight Night: Rodriguez vs. Penn,Joe Lauzon vs. Marcin Held,Derek Cleary,27,30,0,-3,-4,-6.583333333333332,0.0
2017-01-15,UFC Fight Night: Rodriguez vs. Penn,Joe Lauzon vs. Marcin Held,Jeff Mullen,29,28,1,-3,-4,-6.583333333333332,0.0
2017-01-15,UFC Fight Night: Rodriguez vs. Penn,Joe Lauzon vs. Marcin Held,Marcos Rosales,29,28,1,-3,-4,-6.583333333333332,0.0
2017-01-15,UFC Fight Night: Rodriguez vs. Penn,Court McGee vs. Ben Saunders,Chris Flores,28,29,0,5,1,3.85,0.0
2017-01-15,UFC Fight Night: Rodriguez vs. Penn,Court McGee vs. Ben Saunders,Derek Cleary,28,29,0,5,1,3.85,0.0
2017-01-15,UFC Fight Night: Rodriguez vs. Penn,Court McGee vs. Ben Saunders,Marcos Rosales,28,29,0,5,1,3.85,0.0
2017-01-15,UFC Fight Night: Rodriguez vs. Penn,John Moraga vs. Sergio Pettis,Jeff Mullen,28,29,0,-15,-1,1.3166666666666669,0.0
2017-01-15,UFC Fight Night: Rodriguez vs. Penn,John Moraga vs. Sergio Pettis,Junichiro Kamijo,28,29,0,-15,-1,1.3166666666666669,0.0
2017-01-15,UFC Fight Night: Rodriguez vs. Penn,John Moraga vs. Sergio Pettis,Dennis O'Connell,27,30,0,-15,-1,1.3166666666666669,0.0
2017-01-15,UFC Fight Night: Rodriguez vs. Penn,Devin Powell vs. Drakkar Klose,Brad Frank,27,30,0,-46,-2,-7.95,0.0
2017-01-15,UFC Fight Night: Rodriguez vs. Penn,Devin Powell vs. Drakkar Klose,Derek Cleary,27,30,0,-46,-2,-7.95,0.0
2017-01-15,UFC Fight Night: Rodriguez vs. Penn,Devin Powell vs. Drakkar Klose,Marcos Rosales,27,30,0,-46,-2,-7.95,0.0
2017-01-15,UFC Fight Night: Rodriguez vs. Penn,Frankie Saenz vs. Augusto Mendes,Brad Frank,29,28,1,-2,-4,0.33333333333333304,1.0
2017-01-15,UFC Fight Night: Rodriguez vs. Penn,Frankie Saenz vs. Augusto Mendes,Chris Flores,28,29,0,-2,-4,0.33333333333333304,1.0
2017-01-15,UFC Fight Night: Rodriguez vs. Penn,Frankie Saenz vs. Augusto Mendes,Dennis O'Connell,28,29,0,-2,-4,0.33333333333333304,1.0
2017-01-15,UFC Fight Night: Rodriguez vs. Penn,Anthony Rocco Martin vs. Alex White,Chris Flores,30,27,1,9,2,11.733333333333334,0.0
2017-01-15,UFC Fight Night: Rodriguez vs. Penn,Anthony Rocco Martin vs. Alex White,Jeff Mullen,30,27,1,9,2,11.733333333333334,0.0
2017-01-15,UFC Fight Night: Rodriguez vs. Penn,Anthony Rocco Martin vs. Alex White,Junichiro Kamijo,30,27,1,9,2,11.733333333333334,0.0
